ID,Symbol,CC-1,CC-2,CC-3,C4-1,C4-2,C4-3,IG-1,IG-2,IG-3,Z1-1,Z1-2,Z1-3,Z2-1,Z2-2,Z2-3
A0A075B6H9,,,,,,,,106700.8516,126443.5469,157176.3438,,,,,,
A0A075B6I0,LV861,182676.2913,205073.0534,164289.2715,108728.5607,90587.55738,89321.70934,136386.1481,95492.27312,116688.2393,94889.53065,101416.6659,106749.7455,97974.30233,127162.0264,103627.94
A0A075B6I1,LV460,21829.57402,20291.79696,20633.31293,21246.9743,19085.1572,19734.98508,265510.4204,190479.2387,253137.1259,18607.09882,19113.54928,22207.16638,18310.38097,18156.11463,15087.56673
A0A075B6I7,LV548,6207.394531,6286.693848,14743.92969,,2025.584473,8656.830078,382919.2812,402910.75,415872.2812,3597.56543,9808.657227,,,12668.50684,4606.521973
A0A075B6K2,LV312,89261.49219,154415.5625,120118.7812,118937.1094,103753.8359,119460.5469,811019.6875,561228.25,856308.9375,189599.4531,124463.4688,196603,155613.1875,133858.2969,126927.2422
A0A075B6K5,LV39,16784.9727,13537.86638,20755.8459,,15564.76484,17185.24217,126090.5064,78976.13848,99196.04299,10708.69195,14977.63395,14889.43918,16651.95753,14645.8369,10488.48134
A0A075B6Q5,,,,,,,,68819.72656,,72683.92188,,,,,,
A0A075B6S5,KV127,477735.875,389344.7812,509671.5,376668.0625,324240.25,514104.0625,,,,430512.1562,498454,470694,481335.625,402702.25,408297.375
A0A075B6Y3,TJA3,197287.5312,235711.8281,512160.75,432219.0938,781638.375,610000.875,627897.5625,691494.0625,674753.875,485441.0312,490091.2812,478244.4062,533083.375,222567.9062,407247.3125
A0A087WSY6,KVD15,2003606.25,1980722.625,1351621.75,766202.25,1519720.75,1750850,2593282.5,1079727.125,1919305.875,2023627.75,1527447.625,2104001.75,1997089,1756994.625,1596349.125
A0A087WSZ0,KVD08,1018458.5,1159689.625,1101264.25,705989,1017837.188,1098381.375,,,,999680.0625,970499.625,1044004.062,957635.3125,1033911.5,1051320.25
A0A0A0MS14,HV145,156022.6562,83013.3125,64978.34375,73287.42188,46198.76172,71985.625,102353.7031,60023.16406,82747.84375,88387.21094,84386.54688,78746.6875,74698.05469,70233.125,60977.07031
A0A0A0MS15,HV349,11731.21973,14147.86328,,,,,44407.11719,,30394.33008,5511.387207,,10686.72363,,,
A0A0B4J1U7,HV601,67661.59375,112941.8828,88094.375,229080.8125,42437.67969,9631.009766,96292.25781,118525.2734,130046.5625,42278.19531,46508.30469,71093.95312,54228.39062,54811.52734,58661.10156
A0A0B4J1X5,HV374,88725.69531,104703.6797,73721.54688,,,,99627.98438,,82907.72656,,32819.11328,55823.82812,55636.50781,,39497.82422
A0A0B4J1X8,,,,,,,,115192.6562,80023.80469,114685.0781,,,,,,
A0A0B4J1Y9,HV372,291611.7025,169714.49,138362.4596,149295.7529,179763.5854,178756.1562,224360.808,144484.9972,237394.7772,245139.3516,168873.6816,218850.0582,149865.7524,161503.6748,150932.288
A0A0C4DH25,KVD20,1205802.875,,,,1099589.875,1325543.875,1375413.25,,1659300.125,916691.5,,933044.5625,,,992868.125
A0A0C4DH35,HV335,361035.8438,219532.2969,140661.0625,235284.125,234416.3438,263411.1875,775445.375,588323.25,795370.6875,283878.25,218007.0625,289116.625,266914.6562,196058.2031,153587.3906
A0A0C4DH36,,,,,,,,558836.1875,366842.7188,502056.4375,,,,,,
A0A0J9YX35,HV64D,,24630.32079,,20557.54191,8920.51011,21751.2426,686838.3051,588868.8923,650438.3255,24280.33283,22095.25027,,18588.50191,10811.73684,7176.862585
A0A1B0GTD5,SMI11,144302.2656,59582.60547,78606.83594,18623.375,125185.2656,139935.9688,145765.1562,80235.34375,76095.14062,104092.0312,112229.8203,105966.0156,118495.7812,134569.8125,89378.84375
A0A1B0GVH7,IQCM,,12586.97559,,,,,,,,29674.35938,,,,60748.07812,
A0FGR8,ESYT2,25482.30078,60027.87891,17127.16992,,,33234.44141,6836.687988,,,42678.71484,74916.03125,40475.05078,27466.84375,27138.26562,60930.97656
A0JLT2,MED19,16228.1638,23306.98791,10416.82455,15751.39304,18087.21088,19802.09524,15571.81238,4520.942741,10679.25444,24945.42994,22967.7189,23458.72562,22119.55586,14839.43812,21612.1869
A0M8Q6,,,,,,,,2869899.5,3036095.5,3262463.25,27068.85547,10995.64258,,,,
A1X283,SH3PXD2B,6705.660528,38657.80078,10523.02274,20094.58148,26422.22791,29647.49525,,,,9482.924065,6292.213771,10972.01658,9365.231139,7290.481192,17017.14345
A2AJT9,BCLAF3,,,,,20125.60156,,,,,28189.20312,47677.02344,24105.78125,,,30840.68164
A2PYH4,HFM1,35103.28316,60650.8071,47110.48066,32380.82437,35782.02721,49232.63894,10672.29442,3735.579707,13378.30236,50254.80623,40358.87164,33943.90532,51020.27985,47783.05893,49240.59609
A4FU01,MTMR11,,61468.52344,,27707.65039,,,,,,60025.42969,78693.40625,74971.74219,,44682.71484,55464.51562
A4FU69,EFCAB5,,102213.3047,51272.98828,,,,,,,60176.89062,,127385.5469,,71697.34375,78109.625
A5YKK6,CNOT1,4366.374999,8897.064302,5461.061182,3294.418811,6891.754628,2995.734779,4613.448295,4048.541057,4676.789072,3875.589799,4665.995286,4815.569366,4479.271839,4133.544525,5799.085417
A6H8Y1,BDP1,,,,,7610.566895,,,,,69733.03125,111849.75,27416.24219,71072.35938,,62102.03516
A6NC98,CCDC88B,,,197772.7188,75271.6875,50619.67188,128938.7344,,,,33529.33984,,,91618.59375,,
A6NE01,FAM186A,52892.89062,89566.09375,62287.89844,74243.21875,,99011.30469,,,,159217.125,142726.2031,116882.5938,81268.07812,68453.8125,124434.7031
A6NE52,WDR97,794800.1875,851066.375,779758.25,698969.9375,1023609.125,728623.375,550365.0625,452180,538228.125,812685.75,756955.25,817141.3125,772396,743907.75,743224.375
A6NFI3,ZNF316,5948.011775,5635.267138,3219.390015,6807.284821,8936.888224,8071.942617,,,,6989.44493,14174.78942,11489.99496,8712.474621,10547.14497,13815.37473
A6NHR9,SMCHD1,11139.55683,27048.12746,11724.53915,19392.15926,44053.95593,53320.4491,3717.949357,1657.736222,3182.248144,20221.20051,17601.72738,20169.28414,29017.89392,30855.03712,36983.04288
A6NKF1,SAC3D1,,7663.427246,,,,,,,,18698.25,19730.50586,10279.75195,,7356.854492,
A6NM43,,203621.4375,236885.6406,249072.0938,250289.5312,231456.2031,267450.7188,303571.5938,292247.5,295040.3125,227268.25,337300.4688,263390.9375,212831.875,258639.6875,253408.125
A6NNA2,SRRM3,20416.22266,33025.92969,25989.03516,18230.96875,17100.83398,11071.22656,89392.42188,99018.10156,89615.40625,23537.44141,15801.07617,19884.87109,11547.60938,12267.38672,13895.96484
A8CG34,POM121C,27405.05273,65588.75,37520.63672,49763.54297,39497.40625,80063.60938,15724.8457,,21517.68945,130062.3594,155460.5,95211.54688,82220.28125,97780.32031,120880.0156
A8K2U0,,23165.09134,5693.320744,72508.62932,3764.278418,6239.771823,7214.445477,11372.88955,6451.74192,5529.651168,2759.078738,16205.93285,2974.334863,7518.450972,5320.514601,10933.95598
A8K554,,,,,15079.05273,,,,,,,,,20322.37109,,
A8MT69,CENPX,22086.33008,,14139.4209,10524.07227,48697.87891,26484.32812,,,,,22544.69141,26500.09375,26465.66602,23432.44727,54188.73438
A8MVW0,FAM171A2,23913.20312,57144.33594,,30485.08594,,,,,,95714.48438,,,,56455.375,
A8MVW5,HEPACAM2,438493.1562,487975.7188,,,557263.5,366231.9375,415477.125,160409.4219,435265.7188,502271.2188,281308.4062,502629.3125,480389.4062,423522.625,369041.0312
A8MW92,PHF20L1,11199.01973,19761.0784,7412.814974,10173.20433,21281.41675,18567.45971,,,4050.256289,23178.12272,34966.33859,32835.832,14462.79407,14969.41309,28423.5332
A8MYB1,TMCO5B,392770.875,482236.375,493685.1562,623886.75,569744.9375,420667.25,537908.625,610393.375,573255.5,399590.4688,381933.1875,403537.9375,383129.4688,399903.9688,465434.2188
A9QM74,KPNA7,38503.69531,,,11241.80273,,,,,,,,,,,
B4E2M5,ANKRD66,271959.6875,275070.8125,295321.5625,215212.4062,250197.1562,205733.5938,286418.3125,,,238075.7188,249132.0156,249269.0938,249971.3906,240170.7812,224566.4375
B6SEH9,ERVV-2,375172.4654,273279.6849,253176.2457,224664.7417,289510.0595,341267.5485,328212.7204,235714.8873,301351.2082,301513.2986,230672.3118,239813.6103,252437.592,281820.2493,252093.2632
C9JJ37,BTBD19,,,,,,,,,,,10344.72559,10901.85742,22380.79297,12811.27246,9663.381836
D6RIA3,C4orf54,,,25047.95703,17334.27539,,,,,,4249.938477,,,,,
E9PRG8,C11orf98,11441.50558,19187.67244,18974.77029,18842.54193,18922.72994,31887.8701,28370.18907,11968.87639,19715.18994,22166.34924,30455.32833,26386.34179,15788.9264,13857.67533,27376.03856
H3BV60,TGFBR3L,,,,,,,,,,,,19744.35547,,31004.41406,35403.39062
O00116,AGPS,,6924.094214,4700.147686,,7968.583087,5692.18323,,,,4624.51416,,6384.131758,4831.383301,,
O00139,KIF2A,12370.39374,27464.53057,11811.77869,22101.16254,47088.70899,48042.89867,7187.82599,,4784.338861,35624.35156,42106.24038,36681.72333,42834.03852,41063.6847,56369.48465
O00148,DDX39A,18685.20449,50936.4708,21659.91903,28924.87496,51010.00339,56242.03592,5735.930507,,3544.013173,105803.1906,108988.1623,122237.8859,94299.47725,102191.5975,126276.08
O00159,MYO1C,79068.74566,139922.5598,64729.15542,44387.82698,106730.9753,107046.7586,94133.41545,18934.50472,35957.3491,127777.6101,106746.1068,99342.83163,66486.04941,47704.9078,100621.5718
O00161,SNAP23,3988.014345,7162.894264,3758.137445,,7411.024911,9640.524432,,,,12356.58811,14802.97515,11037.51448,5004.27239,6428.959348,8218.176912
O00186,STXBP3,3034.191406,9470.051758,9977.400391,,11566.34766,7586.929688,,,,5205.343262,8445.139648,6851.919922,,4399.128906,11769.91992
O00187,MASP2,16035.76562,15557.3418,13597.91016,8448.469727,13687.56445,,,,,18449.37695,12523.03125,20087.42969,26150.49023,12437.59961,8817.185547
O00214,LGALS8,84287.92964,72206.72979,40338.75493,35242.63976,51289.7842,43081.72267,81284.42189,45785.83669,53588.71524,41109.04335,27733.10689,43068.81915,36448.20895,28199.43984,33588.49245
O00255,MEN1,11640.10856,23995.48764,10332.1802,15290.24305,22605.036,28993.77937,5613.2396,,,46265.07776,54825.77898,50930.92501,26682.3559,35358.3882,55637.44725
O00257,CBX4,9657.906306,22958.89599,16026.98703,10510.60993,18500.62981,12003.05664,,,,12998.49372,29248.86697,31017.12842,21209.09358,19974.15309,28228.80033
O00267,SUPT5H,8602.437313,22177.87477,10507.20755,13582.8723,26310.81975,23158.6068,1714.585356,4003.275961,,37685.55571,38512.34234,34052.06439,26824.83945,25342.92367,40558.25363
O00268,TAF4,3700.803546,6777.058215,3708.663575,4890.453326,10780.62432,9226.235113,,,,13457.91955,10033.07974,12589.4459,9155.293808,8605.061106,20931.32581
O00299,CLIC1,6477.851033,7418.681628,45297.57611,7732.669919,31138.72974,13287.35058,4753.838184,,,12551.73673,13143.91661,,7963.293232,6032.398233,11747.47708
O00303,EIF3F,,,19061.2207,,7796.986816,,,,,,15080.79102,,,,
O00308,WWP2,11917.23145,14446.01513,,7847.704358,4491.684376,8994.90092,,,,13720.28473,12415.02183,5906.661111,6285.870036,5524.112809,9485.950737
O00330,PDHX,15754.31836,28624.45508,34459.63281,22879.65625,,25876.03906,8091.354492,7660.598633,22799.25195,22192.62695,30437.92578,23112.65039,27626.41406,21315.48828,26326.68359
O00391,QSOX1,41969.35938,63222.85938,60349.39062,36801.66406,46055.36328,43904.60156,,,,21798.42383,86811.26562,46298.35156,53352.01562,46963.38281,50968.63672
O00411,POLRMT,,2553.849609,,5744.560547,,1661.933594,,,,5254.577148,6455.210449,5900.201172,,3073.990234,3645.950928
O00422,SAP18,28062.94054,62923.53749,27256.73443,31476.48206,55042.01953,54223.78323,6031.150733,,2964.434988,104778.0976,121414.3534,106409.0193,76639.76892,72753.73438,103828.8612
O00442,RTCA,,16802.50655,12996.93405,,19626.1704,21777.81234,,,,14092.05149,18951.14366,15993.0934,8505.123694,4721.814946,10330.9356
O00443,PIK3C2A,5364.28853,14177.96638,4859.668854,4944.114056,7042.601143,8762.160743,,,,4359.057492,3097.751245,6484.730957,2786.082983,3240.878962,7059.002602
O00479,HMGN4,43299.52344,92842.21092,40861.30198,73584.75781,119941.588,132715.0625,11001.77658,16848.8769,16432.77158,134177.9531,197157.6508,201140.6822,120075.1199,132439.8281,167282.6094
O00483,NDUFA4,20618.37033,57050.69062,20829.67122,,43061.2401,41780.19258,15499.36332,,,45765.18048,41619.265,73400.14084,31762.37731,39367.87172,60707.23591
O00488,ZNF593,104218.1892,103911.7804,99045.47561,76791.38891,130572.5495,76890.1121,100050.959,83338.69148,91994.18643,83880.8747,76533.2128,97507.03741,67531.8843,68672.16483,78068.35879
O00505,KPNA3,16731.36328,37292.03125,23665.58008,,28805.86914,28494.9043,,,,26320.96094,27681.37695,19664.42188,25066.41016,23761.17969,29076.64062
O00507,USP9Y,5730.093262,17831.61719,3369.825684,2009.485107,17164.58594,7676.521973,,,,15096.28809,18398.39258,8636.882812,13642.49609,12256.64551,17717.08789
O00519,FAAH,19791.66016,,,,9892.571289,20925.89844,,,,,,13758.64453,,,
O00541,PES1,14744.42401,28820.01732,14194.94047,13375.97745,31311.26524,59318.39306,8098.664654,,5304.554247,43261.20211,50578.9352,63673.85983,34878.32612,39182.15807,58819.09968
O00566,MPHOSPH10,7013.365319,15174.93576,5556.446781,4293.031434,13644.31198,24557.91786,,,2035.361617,33979.93402,21837.07182,41131.13952,19020.78322,19448.31169,30346.45403
O00567,NOP56,14389.79313,33283.90237,17047.84126,12404.31834,24477.55279,48975.97372,2706.007049,,3794.680395,40008.96314,52066.04665,70991.13069,29769.19708,35424.8457,60564.10191
O00571,DDX3X,35426.24863,70661.29129,44618.0179,32638.11579,57147.40174,56670.8101,11710.90711,3375.194545,12532.85056,63575.5639,72524.50785,67307.30363,46413.27614,49750.11347,66407.11654
O00622,CCN1,4925.278267,10404.57012,5663.925287,5228.673397,3860.842858,8901.519531,,,,6986.538945,30974.07031,17402.1559,3879.148228,11352.58346,14515.89091
O00625,PIR,75289.21094,94705.67969,63451.21094,,67085.75,122697.3359,,,,87469.02344,55318.79688,85218.14062,79145.24219,79848.64844,86884.32812
O00712,NFIB,9827.64508,30077.51694,10964.09441,8993.552042,25434.64547,37156.89916,,,4403.849394,27680.34504,21134.97384,31042.37956,24439.67462,29204.00048,43181.2811
O00746,NME4,3034.323551,,,7911.4745,14360.74035,21942.70898,4263.654083,,2608.831275,17326.88338,21236.69294,14678.92913,10529.11044,12574.8349,12617.58772
O00767,SCD,27473.44075,38899.17396,13687.10849,6875.844936,12012.29374,8536.535935,,,,12552.37688,14646.95889,16355.33133,7158.944971,7626.05679,21676.88478
O14497,ARID1A,6991.544315,27442.32036,9513.33943,10855.99008,22372.33989,17825.42417,3487.836799,,3927.100882,25640.44128,24325.93265,23190.38266,19588.10213,21103.3121,29655.99994
O14524,NEMP1,,4445.13916,3775.794189,4262.966797,,,,,,6935.523438,17209.51562,14151.57812,7398.534668,6472.817871,7786.419434
O14544,SOCS6,124734.5938,127928.6094,124410.3281,106309.5078,112951.9844,104600.2812,106159.4453,105686.8203,89553.04688,103142.4062,99596.57812,143935.9219,110470.8828,110588.9688,96549.5625
O14556,GAPDHS,60404.01562,46152.26172,38031.45312,41230.45703,32544.20312,39276.88281,,,,39159.36719,36459.79688,53014.08203,26681.73633,18404.62109,30096.73633
O14578,CIT,10356.88867,12245.89569,9754.144166,3915.660597,16830.41211,18165.81641,,,,10227.84049,10942.97983,,8637.597656,4330.183692,2667.908877
O14639,ABLIM1,5360.989994,13578.59878,10718.40523,,12709.23942,7664.840359,,,,13831.69938,7408.154752,7539.547209,5593.437983,5233.488851,8617.552755
O14646,CHD1,,5131.836061,,5317.111382,7365.70079,6426.968042,,,,2978.492279,5590.318245,9981.422758,8329.915645,8870.758748,10750.8355
O14647,CHD2,8693.671831,23267.91961,11674.91309,7754.438691,14898.22559,15933.48682,1804.14761,,,21133.1249,25748.60158,26430.24219,14979.92957,11127.95523,22868.82837
O14678,ABCD4,,28255.79297,,,27105.53906,36366.17969,22202.125,,24269.28516,32566.93945,43694.69531,,29594.54297,22022.64453,28421.50781
O14681,EI24,,42627.27344,28049.7168,,23804.45312,24563.70117,,,,45905.14453,50032.23438,47760.42578,28961.91406,23055.03516,39390.64844
O14683,TP53I11,,9439.845703,4059.611816,,6760.654785,3782.491211,,,,,14315.61133,5929.426758,5714.032715,9998.504883,12234.11621
O14686,KMT2D,2715.716269,3156.124472,,,10722.90114,,,,,5064.054711,,5187.859159,6169.662499,,4723.531877
O14735,CDIPT,,,,,,,,,,3589.768066,,1212.300537,,,
O14757,CHEK1,12325.33083,78717.84797,18175.15981,,32473.15914,31551.49731,,,,13180.67502,16012.90935,17006.86232,34798.20117,12964.06956,17489.05067
O14776,TCERG1,27698.41224,48676.20986,22101.19091,19022.69508,47241.70788,47592.97433,6400.625598,,3505.362317,47194.96289,48331.88327,49989.20768,38452.15729,37089.27747,53856.72345
O14777,NDC80,17786.22115,36587.47871,20229.22384,33234.59396,50890.27655,50376.53315,5221.654319,,4776.028331,14899.69726,12579.18503,19586.00462,18463.94294,19401.00873,28402.16831
O14791,APOL1,,5918.243164,,3207.281006,,,,,,,,,,,
O14818,PSMA7,46107.70312,17078.17754,34371.00391,26516.14892,53526.05933,92451.6875,23611.56514,11868.99838,12629.49414,26472.73237,34849.11328,19841.47207,39744.19531,17021.21168,15824.29703
O14867,BACH1,,20212.95508,12763.29297,,,,,,,,15103.89844,,,,
O14874,BCKDK,,4009.177323,,,8327.030756,6472.528562,3942.256241,,,14337.83222,6347.863548,9559.455384,11351.99171,6349.570514,14036.86488
O14880,MGST3,25519.3066,60334.70459,16647.16472,,32770.77338,34030.45623,14564.35855,,,52998.15899,30016.12863,63065.40763,,,20507.69258
O14908,GIPC1,,8599.478609,15291.60727,,8401.495025,9772.574246,,,,11883.36132,8603.777627,4203.653628,,4307.358341,11439.46037
O14917,PCDH17,73346.82031,92475.04688,63397.45312,47993.29297,48041.99219,83699.64062,103873.5156,67909.98438,,72424.03125,58865.41406,71034.83594,90550.70312,75820.27344,50305.11719
O14924,RGS12,19594.96875,22112.73828,29263.82812,21068.54492,21501.08594,17673.5957,,,,28714.38867,21838.32031,21713.42969,25342.65039,25003.02344,15002.38379
O14936,CASK,,,,,2847.107666,,,,,2703.408203,,,,,
O14939,PLD2,22458.07617,,35166.63672,,61214.88672,39971.72266,,11761.12109,,90326.71094,97157.27344,96537.53906,72934.08594,58542.99219,131580.3125
O14948,TFEC,36815.57422,31191.13086,41206.60156,35711.53906,41930.31641,43970.76562,51752.57812,31694.2832,43831.93359,41994.42969,45071.17969,33407.75391,32315.34961,35767.33984,31727.08984
O14965,AURKA,6933.257795,23553.61581,9751.687652,3475.010788,13978.53483,16058.46188,,,,14215.4102,7956.589495,13146.11178,11874.63116,7117.554761,20332.31282
O14974,PPP1R12A,,2416.975098,2047.049194,3695.892822,6431.683105,4511.714844,,,,2656.441406,1128.373047,3177.841309,,3949.185547,3611.691895
O14979,HNRNPDL,33714.20102,51760.20946,29510.25033,19849.15127,45369.23022,49273.40652,5684.573076,1290.812553,5244.69775,63058.42794,67225.62168,68430.18221,49946.6386,46218.20897,67371.09717
O14980,XPO1,2853.299663,6933.192434,3548.252328,2088.627808,11500.91706,6006.339462,,,,8495.831699,10210.24523,11467.95362,11224.18549,8697.743728,12106.33884
O15014,ZNF609,4656.757195,6950.486187,5016.091759,8268.108944,13893.81213,15148.86396,,,1160.631005,12992.84548,14427.73297,14294.46104,14699.83598,14282.13612,24828.71185
O15016,TRIM66,632222.75,588158.75,578593.375,,462310.5,504156.1875,,522728.1875,534167.75,446875.375,537974.5,512453.4375,,,
O15040,TECPR2,39552.38672,63483.25781,,,61422.35938,78193.96875,,,,159398.2969,146955.375,,96640.375,73024.875,64954.19531
O15042,U2SURP,10035.7478,28309.64605,15293.14652,12887.76999,21327.63333,23089.31971,3394.1387,,,43781.99556,45642.40083,60228.861,27655.13956,23021.88901,37991.91868
O15047,SETD1A,5015.311727,5068.628418,,2111.909753,11567.09961,8097.336914,2387.232443,,,11017.96582,6204.583008,8549.868164,2175.998093,2759.468331,5376.23584
O15050,TRANK1,61772.76562,,89550.28125,,,,,,,,,,,67340.3125,
O15066,KIF3B,11183.09766,18645.88281,15473.29688,13761.59766,12383.04688,10436.95801,,17455.98438,15417.66406,11854.6709,13387.7168,13692.83887,20459.57422,18057.57422,14260.51367
O15083,ERC2,54003.86328,22293.31836,56779.57031,55012.96484,30918.39062,38965.70703,47783.14844,52005.08594,52201.50391,39577.74219,34943.36719,20981.35938,45318.16797,37840.5,46759.04688
O15091,PRORP,,18632.19953,,,13201.94721,23033.36133,12538.34725,,,22063.66406,9756.920945,22377.58398,12397.42447,17811.47453,14958.89345
O15119,TBX3,,2491.434082,,2626.121094,,,,,,7928.924316,9138.120117,3302.578613,2291.726074,,12403.37012
O15143,ARPC1B,9875.547526,24194.57441,14520.94372,11614.95782,33973.10566,43848.3945,5954.42097,,4806.390926,35708.5378,34874.90166,31357.62819,24441.92265,16928.86941,32183.45875
O15144,ARPC2,4534.462271,8650.667285,17776.93408,3905.953444,8664.168909,15896.89091,3338.483049,,1548.434098,13055.2666,10572.29588,6178.657164,2605.55006,5737.728287,6436.492626
O15145,ARPC3,36966.73335,47041.01796,40103.63699,41846.39726,67152.75493,61050.27193,20426.32992,,13690.44997,50789.59641,48782.44615,36945.34966,28443.04282,28437.66935,41871.04342
O15156,ZBTB7B,,5831.935547,,,3882.770752,,,,,2426.319824,7879.262695,3928.623291,,3488.183105,5554.914062
O15160,POLR1C,,6898.774037,,,4771.531765,9727.776712,2234.000275,,,11199.25587,13531.52358,19466.76281,4273.626756,8676.055984,17964.79325
O15164,TRIM24,3983.025873,6644.602455,3068.23792,9322.714844,7484.414377,15472.36511,,,,10166.73493,7464.724062,10914.10645,9271.991355,5686.609013,8411.701871
O15173,PGRMC2,2471.414062,3165.007568,7644.788086,3037.251953,4956.311523,7409.900391,,,,7771.045898,9248.836914,8219.371094,,3084.918457,2712.84668
O15213,WDR46,5840.844521,16497.48659,5437.130097,8805.034242,17644.46639,30019.28162,3349.013747,,,28349.34209,40252.20155,51355.61097,25125.60949,29889.59564,45768.16443
O15226,NKRF,9347.446018,14160.54793,5852.973416,9883.157426,15695.4092,24716.58581,,,,34652.45043,38383.48515,40202.55635,22187.73923,22654.03268,36054.75767
O15230,LAMA5,260880.2715,359171.4342,358339.6361,307145.7015,366927.1595,304823.9512,349542.5194,316126.0968,387143.4459,277836.2863,318075.9857,319697.2742,,323572.6209,354404.8265
O15231,ZNF185,13338.24558,27219.6191,23335.31513,7135.479503,24586.24535,16225.49979,2293.784013,1317.01932,1280.248295,23809.24797,20463.86622,18130.105,11256.69045,7522.498481,15544.32894
O15265,ATXN7,6359.442347,15483.49464,4887.427389,5011.981585,9990.579305,10686.09902,,,,10087.22967,9685.916677,6995.542461,11723.58769,9391.794125,16271.5772
O15294,OGT,7972.664062,15285.48244,7458.18659,6670.911416,20203.5102,13151.7804,,,,12848.31628,13423.40324,11952.28958,13713.30088,12642.04843,21329.85952
O15297,PPM1D,7737.397461,11507.61607,3557.703602,9653.855924,23483.95259,23623.4385,3356.70829,,,31784.98592,31300.37891,26272.94278,28943.95143,26142.32336,43099.50241
O15318,POLR3G,344643.1562,211859.6562,,,245075.7188,293693.75,257167,,,237100.1875,252599.5625,192973.4375,369082.3125,351622.25,222649.5625
O15347,HMGB3,85540.46094,127012.6406,63039.80102,82510.07669,148709.7048,207772.9375,14562.2563,,16844.80451,108003.0973,137196.25,138236.8779,149451.2656,199333.7344,239418.1345
O15350,TP73,1292.188268,,,,,,,,,3512.916482,5205.21673,1983.210756,4931.463714,3481.231171,9747.183577
O15371,EIF3D,6336.448136,17175.98868,6243.736399,,5606.246839,3507.304524,,,,11104.96147,,4185.20003,,,4303.682075
O15372,EIF3H,2952.437988,1613.036987,5542.693359,,4038.741455,1183.644897,,,,4147.004395,2239.339844,,2508.697266,,1831.623047
O15379,HDAC3,,1046.55835,,,,,,,,1849.333862,8256.477539,3295.109863,3531.894531,2438.648926,6367.879883
O15381,NVL,,5860.594338,,2847.958012,,12505.47754,,,,7001.754807,9002.419783,9996.282817,3112.443146,5332.150669,13220.55305
O15391,YY2,,57953.84766,14277.2041,48418.16797,47117.48047,34241.0625,4368.402832,,,42406.19141,,47829.17969,,60305.91406,129612.5859
O15392,BIRC5,,11696.50812,6717.904473,,7548.139693,10335.95364,,,,11637.75603,,14851.30078,19181.34766,10696.34511,31444.16297
O15417,TNRC18,4923.681445,23539.91544,7255.438236,5312.304391,8805.049295,18442.12434,1784.303271,557.1973987,1586.060553,29195.30085,14971.94165,19183.47468,20728.84725,18611.89356,27356.94879
O15446,POLR1G,23268.65469,48916.89787,22173.8071,20010.87552,44345.95855,41119.37166,4074.106473,,,44940.99768,56382.05962,67269.71094,42545.13281,42700.95019,55370.59766
O15479,MAGEB2,35285.229,83727.01562,37891.48438,31437.7692,76042.39062,66088.47383,13974.8575,6597.809387,11647.44234,127303.1762,84658.05469,134721.2114,77378.25478,52739.60156,62902.25573
O15482,TEX28,54182.76953,47859.09375,50205.24609,,54153.15625,41172.23828,57382.78125,,55744.91406,63921.38281,,35676.71094,44132.69141,35866.49219,
O15504,NUP42,5018.320067,7782.343821,4920.153942,,9134.740562,7770.857521,,,,13469.80453,17141.74285,15247.11786,12933.41604,12071.13252,18988.82618
O15511,ARPC5,8557.527768,20681.50724,28964.09015,20235.54316,26548.67635,31227.98911,7410.881914,,,17689.69448,18071.31365,19447.68109,9368.574404,14506.29441,19041.19623
O15514,POLR2D,12707.41992,15925.5918,5173.06543,7048.570312,33661.03906,33505.8125,2974.040039,,,61474.82812,60867.58594,54607.74219,43263.10938,40833.92969,69456.61719
O15525,MAFG,,15081.80872,,7746.281475,27559.15596,22806.41199,,25684.38071,,22757.95929,8170.419365,18009.9511,7722.865117,8388.92071,11119.5494
O15527,OGG1,13774.76541,,,16116.74695,45083.025,,,,,15222.92534,15127.49614,19270.63462,,22727.19736,42423.62148
O15550,KDM6A,,7221.368164,3972.900391,4059.078125,4295.884277,7674.865723,,,,5448.518555,4736.519531,8998.839844,3712.778564,5169.15625,8182.449219
O43143,DHX15,17502.66683,57601.96347,22125.52015,19914.48505,50587.25672,50150.335,4516.924028,,2743.489766,85240.52599,101787.0542,100017.8587,64123.44036,64713.47036,93222.91386
O43148,RNMT,7802.54145,12892.58596,13719.32668,16661.57027,27504.45048,26329.18842,,,,33332.95542,42111.5403,32787.40351,15520.98164,12098.97318,29391.27251
O43149,ZZEF1,,,,,83466.39062,83083.42188,,,,,24874.27539,,,,
O43157,PLXNB1,22103.88672,12220.25195,13650.51562,,14149.39844,14918.15039,7006.533203,,2713.957031,16720.48633,14354.54688,8698.912109,13574.45898,14325.61328,5421.349609
O43159,RRP8,8941.201729,23442.30465,12919.29644,8787.236311,15862.4622,39562.11993,,,,33469.07031,44557.48801,60421.81335,20863.45645,24395.20474,37484.91275
O43166,SIPA1L1,3051.044238,9277.537775,3402.42675,1683.321815,5054.357609,2181.658191,,,,8093.588516,6081.825358,9207.418639,2985.353585,2713.071143,4729.639749
O43169,CYB5B,,12287.70215,12240.56543,6026.173828,2442.819824,,,,,16689.52344,22298.41797,13928.85352,,3511.164062,6666.658691
O43172,PRPF4,6279.260748,20292.39764,5896.79512,5627.171505,14825.6077,22506.49542,2201.376462,,2206.68057,42320.77546,50194.30959,44788.05737,28793.26295,23258.68359,46748.99567
O43175,PHGDH,3576.328672,7925.471393,47334.18135,5759.313335,10257.42165,9475.87618,,,,4250.502712,,3338.415698,6365.684089,2728.329314,6819.678302
O43184,ADAM12,33320.375,83223.4375,77306.75,99313.39844,40012.93359,88738.53906,88503.84375,80143.35156,101052.3438,86940.61719,72139.92969,90216.84375,85472.9375,84653.53906,104267.8828
O43189,PHF1,8503.049542,17157.2161,7495.578297,9501.582969,17959.15848,25364.89034,,,,19745.99097,31536.19641,26370.0325,22456.79176,18438.46316,31134.02263
O43237,DYNC1LI2,7723.971647,6249.00006,1583.75293,7794.162302,10669.66747,6315.079905,,,,8211.054688,2931.826993,,,,
O43251,RBFOX2,513822.625,443927.625,407775.6562,437385.4688,351453.1875,378222.8125,415270.0938,421677.1562,349793.0938,435115.9375,,210775.6719,432030.625,432216.9062,137174.5469
O43257,ZNHIT1,13976.71847,7787.663546,,,13036.42738,13587.74636,,,,10738.97249,20879.86805,4600.933125,,13336.37368,12209.68959
O43290,SART1,13843.22115,19883.12582,13696.5736,17719.65731,24249.03711,23771.53909,5999.807173,2277.948778,6954.480438,48422.93822,55339.91851,52869.56864,28894.57766,27698.84375,40600.72195
O43293,DAPK3,6193.412109,8565.678711,8623.401367,8334.425781,10574.72266,8113.958008,,,,9443.767578,10768.55566,5849.663086,4588.773926,11015.5918,15196.0918
O43390,HNRNPR,70028.32309,146326.9643,75723.43161,36845.85105,98772.28912,88684.12185,10027.39398,4139.409198,10465.43433,172062.4923,183073.4323,195854.3087,137663.7934,129931.6845,192008.5042
O43395,PRPF3,4972.920007,9798.628366,7126.890023,5012.818808,7409.735975,12519.81142,,,,23216.54983,31545.6198,24998.85756,13642.44972,10531.52201,19338.94617
O43402,EMC8,4443.751465,14322.81445,9495.949219,8089.283691,,5957.333984,,,,18103.67188,14909.68164,11706.26758,11027.12109,11013.10352,13379.0498
O43447,PPIH,19311.01359,38843.65644,,,48796.79911,42659.03858,,,,66524.1211,59508.6324,74913.9581,36891.59126,31555.22347,58183.06252
O43451,MGAM,14212.14771,22961.9189,14814.60301,13802.53434,13126.20287,20988.69942,90063.26636,24034.11186,59886.66918,18408.20546,14262.25046,25835.14094,16039.37656,25659.13476,13912.39403
O43463,SUV39H1,10634.353,18283.65022,8033.84075,4789.274766,5550.824547,9054.571057,,,,14383.42188,17320.18239,10000.94803,14060.05832,12752.60682,21614.51265
O43491,EPB41L2,8187.137163,9569.5711,3889.506172,9645.275998,4142.666384,5550.590408,,,,12384.57632,17408.28374,16920.21592,,2730.018737,
O43493,TGOLN2,45817.50781,46542.32422,42451.56641,45347.66016,30916.51172,41123.38672,,50678.92969,40295.0625,37348.91797,30279.52344,29943.62891,24225.76172,37170.98438,25828.78516
O43513,MED7,,21695.90039,14343.29102,24160.81445,27628.8125,23880.75195,,,,23968.48828,22842.72266,19386.02539,12008.08301,15176.60742,16985.86914
O43524,FOXO3,,3299.800049,,,12717.65723,8990.483398,3040.854248,,,8549.953125,14310.52441,8351.138672,7359.969727,4258.863281,4998.557617
O43542,XRCC3,13446.79199,22355.2793,17118.65234,14124.31641,23414.4668,25363.50586,14737.19922,11498.12402,19393.06836,20146.51172,11491.11328,20987.64648,19796.10938,22411.20703,22086.58594
O43548,TGM5,2596.609375,,3546.557129,,,5050.532227,,1936.783569,,,3846.48999,,8014.895508,,
O43583,DENR,27291.5295,47811.03373,21804.58077,44903.74333,100227.7867,107307.399,,,,28349.8817,13212.18132,28761.60583,26618.5208,43077.57788,37387.57827
O43638,FOXS1,,,,2975.918213,,16328.60156,,,,27330.45703,31062.0332,,15174.85156,,45939.35547
O43660,PLRG1,5005.444729,12438.04851,4567.32121,5513.649118,9038.166769,11195.13965,,,1248.319409,26693.01999,33751.30215,32647.26034,17421.41579,14851.16324,23444.52081
O43663,PRC1,18331.14044,52272.29688,19119.17595,30078.88534,44987.0242,43622.95607,,,7581.094357,21188.85335,43177.01953,25732.52412,43103.2341,45007.8753,63672.28614
O43670,ZNF207,34645.77147,52388.16406,34930.83476,36819.43477,92720.60372,97409.42942,20376.98828,9756.553841,17519.59529,57422.47987,49848.82259,46542.87674,45452.36311,46289.77128,60457.05787
O43677,NDUFC1,18106788,20958960,19249496,16447270,17030858,19252550,14382755,11978016,13260760,18137128,18109680,19509278,20352278,19647516,20390838
O43678,NDUFA2,17909.86328,15598.06738,25782.45312,9208.350586,11398.79199,9939.679688,2960.986328,,,18612.01172,26712.98438,15810.70605,17506.44727,8875.301758,21879.97656
O43684,BUB3,57169.73982,126195.5854,75022.47932,106469.6618,142512.5357,174320.4928,27996.47185,,16754.42953,113535.635,131386.394,132999.715,99581.38614,107476.5468,148772.2793
O43692,PI15,,,4655.643555,,,,,,,,,,,,15218.86523
O43707,ACTN4,3164.29287,8431.873983,55628.71843,,8673.552285,3840.375079,,,,9259.03835,4738.432185,9214.866526,3824.935124,6812.969221,7692.685153
O43709,BUD23,3667.145816,5664.443521,2000.780368,4620.720191,7257.240635,8083.698762,3167.169469,,,8713.304688,9584.731445,8785.220108,9751.285156,9898.36021,14265.66475
O43745,CHP2,327305.2812,266066.4688,226323.4844,69522.78125,86866.42188,196861.2188,164845.6094,126199.2266,213581.7812,132747.2344,113512.4609,233015.25,237301.5938,56722.96094,112395.5156
O43776,NARS1,13227.18262,12389.52637,,,11351.96582,,,,,5695.136719,,,,2112.843506,7300.626465
O43791,SPOP,,7124.788086,3138.172852,3677.421875,4022.466309,13469.89941,,,,12991.7793,14735.89453,7094.22998,11624.9043,3258.07373,10551.04492
O43795,MYO1B,42925.46054,81033.64986,35956.06464,33730.43726,58418.04362,60617.69765,32618.27171,8422.488773,18124.99492,74498.79787,65417.00686,61503.78096,28767.75384,20688.76015,41521.64916
O43809,NUDT21,59281.42631,121979.6175,67075.83039,47643.57432,102583.5938,120304.2946,19680.14778,8864.460993,16871.1619,155385.7188,168753.931,147037.3368,106382.6406,112768.5592,153736.9106
O43813,LANCL1,,32056.19727,25265.5918,,33660.39844,49375.37109,,,,53428.52344,56305.20703,40900.65234,31916.82227,24794.64453,16782.08594
O43818,RRP9,37254.99835,72993.87391,41680.69498,31752.31971,68447.22304,84276.74527,11236.6173,,10950.01496,80231.1832,111011.6727,130318.8927,76821.76347,80125.93929,125852.1684
O43823,AKAP8,8083.912911,11153.29642,5321.667945,8490.915134,13116.88166,19362.03695,,,1897.610758,31134.81989,31018.75039,31418.59374,19451.64037,19093.62428,22907.38659
O43829,ZBTB14,,24404.80859,22660.86328,19714.03906,9035.348633,9361.925781,,,,10662.23828,16445.15234,17183.375,22676.77344,10788.10938,28964.98828
O43866,CD5L,140973.7969,131744.5938,105067.4375,132972.5312,135514.2969,141523.9375,137289.7656,,92951.82812,126600.0859,138451.4688,98474.625,136989.9844,105442.4766,113608.8438
O43913,ORC5,8536.322585,19487.87949,8357.191837,13547.25209,25162.38653,29092.32649,,,,31675.17144,39661.38161,40746.91662,23548.11533,25649.95488,51109.11821
O43929,ORC4,5693.152918,12136.5085,,4848.268213,11070.86121,18198.57376,,,,20784.38894,22831.04108,19806.84751,12265.36123,14572.21375,14375.25417
O60216,RAD21,27182.11268,64664.04648,21992.58318,29103.28227,75748.74077,66421.49187,8983.06792,,5114.466095,75933.58004,86328.7249,81142.101,77030.85212,65526.28509,98549.41616
O60220,TIMM8A,6275.652344,,5031.432617,,18458.98047,24722.94141,,,,10900.81934,14414.7998,7706.925781,9782.438477,,20860.27539
O60229,KALRN,,31121.86328,,17119.88281,,,,,,,24703.30664,,,34470.69922,
O60231,DHX16,1675.169001,3493.407442,2116.054153,,2197.994712,2950.398349,,,,5080.457396,3555.602051,5801.556641,3946.148569,2332.169876,6573.450195
O60244,MED14,51556.33462,52809.96877,20562.31064,38981.56675,38193.70512,40570.53882,6297.741135,,,60368.10046,36044.08203,38711.2321,31716.67968,28561.89209,35310.36448
O60264,SMARCA5,56333.50612,107542.4736,52154.6953,70848.45323,127781.6044,139142.6201,18192.93379,5670.721457,13058.18699,211728.6469,239057.8594,232041.3205,141657.1516,137623.2751,221306.6378
O60281,ZNF292,1566.917363,3478.734639,2116.583635,3582.732404,3569.035541,4800.641032,,,,7060.099363,8014.410782,8441.779974,5051.196123,6249.156034,9633.71951
O60287,URB1,,11192.57822,3726.099604,3696.884017,3509.912585,9071.027197,,,,9129.176529,12201.96077,15213.56631,6679.289959,8313.982812,17123.84459
O60299,LZTS3,6157.571289,13886.52246,2662.724854,,,6058.767578,,,,2711.54248,11232.3125,,1881.726807,,
O60306,AQR,4287.434477,11383.51896,4679.003685,4270.290951,9127.635098,11487.01985,1517.773553,,,24779.06471,31445.67203,26387.543,14924.68002,10706.35016,20088.47106
O60318,MCM3AP,7215.477344,17016.84966,10530.70185,9935.262635,20923.24685,27362.87206,,,7258.225408,27560.40305,34319.96102,28768.60352,19797.75433,16680.71503,28462.26676
O60341,KDM1A,11653.79811,26713.16393,12085.07711,9032.008408,19498.03581,22321.42963,3469.853313,,3560.235382,33506.71606,34500.07141,26704.19823,21599.41005,20525.83067,37214.66953
O60381,HBP1,1126910.25,1406042.75,1027745.438,415943.8125,1024330.375,1304628.5,1399292.875,1252920,839423.625,1178161.5,1284349.375,1405065,1289800.75,1174640.375,1317363.5
O60437,PPL,2808.504684,2353.705562,106056.3212,,2642.474992,2925.712641,2530.313136,,,2092.2105,1941.784786,,2769.250998,3401.637429,3129.020237
O60493,SNX3,,,7091.891602,,,2649.106689,,,,,,5722.097168,,,
O60494,CUBN,20244.77344,31925.83789,33534.82031,17268.08203,27836.15234,25527.10156,,,,17305.52344,22536.51562,30652.36328,26810.54688,19635.21875,18503.27344
O60504,SORBS3,,,5913.283691,,3147.686523,9554.09375,,,,2649.895996,,,,,
O60506,SYNCRIP,53985.66243,100915.958,57658.23513,32101.89877,93476.77224,97644.66093,12723.20301,,8786.530375,151502.4348,154167.1757,148794.6611,96798.32437,81011.3947,130897.2411
O60508,CDC40,6338.256999,12791.72318,6031.372935,6432.180137,14579.29963,14173.49838,,3845.881321,,31742.57263,27640.17194,32759.33634,22577.50315,17212.21721,24363.66852
O60563,CCNT1,5470.013269,9667.070542,4849.888604,5537.378652,3279.714106,3645.832815,,,,8907.747354,10552.00534,9147.639755,4495.132381,7147.613296,6363.909318
O60583,CCNT2,,9298.642929,,,,,,,,7090.524402,8987.310642,,8221.241877,8863.372128,8084.791269
O60645,EXOC3,,,,,9562.912109,,,,,,,,,,12773.51953
O60664,PLIN3,17449.00977,,13841.26758,,,,,,,,,,,,
O60675,MAFK,,26507.71231,15880.06369,29601.40344,40948.05397,35601.56334,,,,51351.30493,47653.37365,45767.26457,10961.47396,37416.99325,62181.85299
O60684,KPNA6,1479.974609,8033.437012,26316.0957,,12341.50293,15359.08594,,,,,16825.02734,,,20579.13086,18412.125
O60701,UGDH,,,17283.62891,,,,,,,9891.517578,,,7118.51123,,
O60716,CTNND1,2842.396876,10171.62219,14523.53361,9361.667969,10811.41664,10750.7832,1333.241233,,,14983.73601,8192.313809,5755.942959,3142.223638,3283.870881,8251.477853
O60721,SLC24A1,,68742.74219,64841.57031,60723.60938,91466.90625,86041.27344,,,,92322.15625,83100.6875,107143.3516,101289.5781,,66758.42969
O60783,MRPS14,14547.66992,32770.10156,14968.00977,,25503.50586,6420.750977,19817.39062,,,,,,,,
O60828,PQBP1,11012.50713,43201.74508,27939.43253,37427.5898,47041.23052,47338.33086,,,3997.687355,72812.04529,95826.73469,82772.58141,60233.36633,52975.3567,73728.33237
O60831,PRAF2,,29296.85156,,,,,,,,8494.776367,25972.04102,29991.88281,20589.86914,21801.04883,52974.04688
O60832,DKC1,7981.812953,17101.83761,8009.319477,7443.978413,13097.11098,31915.73262,,,3090.569637,22480.60249,27009.41833,45015.9024,22568.74479,23953.56559,43180.83533
O60841,EIF5B,7556.501388,13312.2792,11410.3247,15513.40755,27037.1738,29928.88216,,,,8843.449791,8307.312891,4548.453815,7504.845087,6595.741374,9856.330949
O60869,EDF1,15877.73521,42126.96521,18148.81571,19295.51691,38608.819,36066.91953,,,,16863.47859,10907.74341,12853.02966,14620.78775,13038.56425,21698.19944
O60870,KIN,3086.116491,7644.984664,3262.728418,4933.514229,16185.55315,22139.15559,1651.892818,,,13134.38027,20117.30455,21348.01246,11498.33657,6274.594512,16254.34665
O60884,DNAJA2,11096.14453,14464.74698,14064.08951,,10177.85113,31466.3596,,,,49085.87298,58462.44531,26117.2484,23432.89207,7818.282512,
O60885,BRD4,12217.12254,21168.33349,13656.79751,30655.47898,26989.11719,27249.31704,1422.987682,,,31582.00026,29791.07547,29416.21049,23538.93697,23403.49091,36364.95636
O60888,CUTA,19552.93555,22418.14453,33105.13281,,27346.40625,32254.54297,17317.64258,,13936.0752,33520.43359,25670.99219,34038.26562,24324.90039,28625.95703,28240.56445
O60934,NBN,9998.959833,17709.38368,10985.20705,16647.26437,24560.46188,32450.26896,1869.064215,,3630.756074,19722.28659,21305.41371,22871.29466,25700.63083,27396.67979,38939.38836
O75038,PLCH2,,,,,17793.95703,,6857.015625,,7167.08252,,13156.91699,20957.12891,,13048.95117,
O75081,CBFA2T3,9969.228516,,,,4760.463867,6237.669922,,,8111.219238,10023.65527,,4191.695312,7194.898926,,
O75083,WDR1,13375.52636,17937.99009,17566.04598,8028.471978,22680.82936,23466.47913,7236.744527,8162.008578,8656.328047,25772.29659,19849.19326,17009.15773,15516.91912,10465.33039,10581.27689
O75116,ROCK2,6808.978949,10252.92869,,,19415.89453,16624.8071,,,,,,,,7868.865951,
O75122,CLASP2,78540.51562,,,31156.64453,16289.86523,32739.36914,22213.71875,,,21955.90234,36322.52344,32330.50781,26174.58398,20721.89062,14128.91699
O75128,COBL,,30773.94141,,,,30948.25586,,1848.790283,,,24123.53516,,,33371.96484,
O75131,CPNE3,5594.931146,3919.95825,6170.967561,8170.243292,23463.93548,16925.84867,2072.030386,819.0129936,2076.477426,41755.85938,37114.74154,14554.54261,1777.749435,1716.002965,4166.434569
O75150,RNF40,5613.490323,11014.7069,5870.043895,8184.562514,15553.86001,13627.30407,2368.99996,,,19816.23987,27962.73754,19638.80367,13590.65693,13280.93682,20877.53265
O75151,PHF2,7120.649266,14693.40411,5685.967058,7390.533424,10891.54945,15022.71387,,,3200.81124,19380.15048,24602.87878,22186.38462,23646.26537,22805.65039,33510.22867
O75152,ZC3H11A,17546.51305,44143.08332,24801.71631,21425.63288,38221.25521,48249.79953,3366.108438,,3289.681929,69686.14291,80213.4231,74375.5122,45860.51505,39051.96434,54663.40029
O75170,PPP6R2,292725.7812,114586.1406,188368.5781,197559.2812,143272.8125,204276.8594,196451.0156,179423.8594,283340.625,78778.82812,203782.8438,109503.6562,147577.2969,115012.9375,90191.41406
O75177,SS18L1,,2412.362305,2774.193604,,9274,3883.734375,,1438.341553,,8467.626953,8991.748047,8116.831055,5638.82666,3558.230713,7431.871094
O75182,SIN3B,2213.296532,7875.233181,3082.943881,5760.263485,10322.25335,7290.221225,,,,14020.15569,10875.8128,11872.62793,10647.83864,9611.700624,16262.12148
O75190,DNAJB6,18548.4488,15079.23633,16182.9535,20804.4341,11058.74501,15351.94179,11506.99051,,8543.174181,15189.00195,20734.38712,12847.17414,25972.83938,20832.35547,37933.00711
O75223,GGCT,64457.9491,26319.79066,46657.70697,14989.92224,31498.68182,38043.18488,34857.26468,60295.88748,53324.16633,24108.25048,70296.46539,33311.80256,47872.6445,34688.54066,37257.01897
O75251,NDUFS7,15112.43206,31388.39242,17844.85328,11777.08694,22394.81368,21347.2491,5620.395153,4475.823926,3696.303954,24277.02371,22444.72942,15392.57945,12355.04139,5858.288891,11624.74389
O75319,DUSP11,,,,,,,,,,9384.057617,,20412.08008,22836.06641,12213.63574,
O75330,HMMR,,23472.03125,11184.24902,13093.39648,5760.590332,,,,,7096.637695,,,,,14582.58398
O75340,PDCD6,1620.148718,5588.691501,3530.659375,,9725.375926,9071.208888,,,,4174.01151,3638.786368,5762.882906,2142.938955,2940.374016,11037.67434
O75342,ALOX12B,32446.80791,14414.48443,56000.0461,13260.37465,24229.44032,42429.5868,21293.59723,14261.24821,37410.17946,18486.69071,59887.08279,22492.99239,33852.71001,34161.40942,44481.23118
O75362,ZNF217,4646.219382,9924.226216,,11164.72551,12044.95009,13233.28852,,,,9338.850029,6414.305469,12127.36173,10752.70591,5738.731688,19025.58142
O75367,MACROH2A1,152808.6366,308152.7188,150921.1957,195607.6334,344274.7107,374892.4349,17753.68516,6291.454326,18503.74805,593528.7518,672268.7481,715318.375,461805.4898,450779.6854,711733.537
O75369,FLNB,9792.66856,20098.87129,13540.24594,8993.169465,43522.11481,17958.70538,3158.565789,1524.271145,1818.122499,24256.56876,13591.9045,12907.04396,6316.788968,5216.66638,9988.073744
O75390,CS,,9795.08564,20390.02457,,21212.33241,17688.67707,,,,21830.52534,15319.6287,5614.508677,6111.707086,,3642.843499
O75396,SEC22B,13313.19566,25139.57636,13513.29243,10976.07791,19764.91673,16923.22667,4440.749628,,3188.717932,30383.18939,37616.95988,26910.17458,17723.0203,18059.62345,31180.8091
O75400,PRPF40A,15044.98072,25354.88003,14217.95203,27210.16016,30994.62343,30883.15694,,3304.098545,,64016.4342,73022.38281,67902.53209,33489.11712,33501.46363,53496.77029
O75446,SAP30,8533.862418,,,,18624.78758,22817.02185,,,,20213.06396,56364.18354,48938.42037,18852.08993,8577.189907,29690.89419
O75448,MED24,47993.04634,51514.09636,25761.52402,40270.35586,34421.59651,32154.69191,,,,63651.13394,39306.60601,45643.20975,34338.609,31739.36719,39738.54928
O75449,KATNA1,,,,,25500.92188,11290.61816,,,,,,,,,9645.292969
O75475,PSIP1,43954.86757,77300.89616,33751.35156,39052.73664,68578.52826,68989.82315,4644.809195,1477.621179,5632.284889,73286.33506,85668.35406,78316.58709,76637.81272,84466.42064,133807.9062
O75494,SRSF10,77778.69187,263496.233,105553.745,73186.31135,245213.1032,203963.7243,21878.99145,,20984.34491,347173.4551,366686.6699,402394.7762,256505.0984,246734.0871,427519.3075
O75496,GMNN,616509.1875,308524.9062,155824.2656,194610.4688,318378.4688,364523.5625,35362.13281,,110629.3984,375197.375,484034.6875,475651.2812,369142.7188,382317.8438,537446.375
O75521,ECI2,11140.6084,16083.40039,,,26623.59375,12446.69727,,,,14550.2168,,33999.13281,9771.920898,3765.220703,21083.39844
O75525,KHDRBS3,42803.21783,113288.1377,63499.71959,34843.09804,66581.02022,62395.80277,5297.977377,3318.479045,6578.49452,97403.21599,121618.3832,113339.4685,77606.63315,70317.58806,124975.4921
O75528,TADA3,13982.92383,20111.62237,7963.348519,7614.184768,14377.77246,13535.78461,,,,21402.55427,21729.82796,16075.22762,19740.84518,16366.21144,24766.46399
O75529,TAF5L,9136.787089,14004.98877,,13187.94591,10777.31348,20558.62274,,,,22458.24462,10261.14955,23242.96484,7791.997287,8344.794965,12643.80554
O75530,EED,13220.76945,26652.1253,8370.758721,11058.26573,28215.01451,31981.50681,,,,28472.03763,30147.69223,31744.93999,29418.61207,32735.4468,48814.50546
O75531,BANF1,218329.7291,491435.6207,111504.4726,129386.6559,355100.9095,448735.5963,41654.81266,6345.297225,45076.52678,672245.5708,829953.4154,813650.1135,404208.4741,512391.2176,725865.7867
O75533,SF3B1,31963.69966,63365.89349,30610.17903,30211.32588,51655.42778,46360.07857,6003.386692,1571.2711,4950.316601,99626.46815,102149.7286,99907.65866,60217.35979,52847.44257,89831.58506
O75534,CSDE1,12886.75581,41796.2035,18074.2029,5155.349948,10255.42463,9532.261717,,,,10924.90747,6709.331264,7615.75148,6213.964584,4255.949837,13023.26061
O75564,,,6102.559082,,,2943.008545,,,,,,,10497.79199,6237.661621,,8710.050781
O75569,PRKRA,12454.25415,27987.70307,19105.20148,7222.90458,10289.01709,6026.172372,,,,10096.1339,11073.79911,7751.537731,2782.924396,,3718.059125
O75586,MED6,30984.71237,37949.88267,13890.953,43184.97193,28228.42578,20238.07362,,,,51465.70312,36607.34497,30809.12362,24964.39062,15440.18563,25553.68438
O75592,MYCBP2,961635.3125,953793.5,782028,814948.625,823638.5,845029.25,858728.5,783775.75,733104.375,944100.4375,846361.5625,939312.625,810440.5,741384.4375,718763.625
O75607,NPM3,,,,9692.296875,33829.45703,20045.66016,,,,19102.46289,,45902.55469,14316.04297,,23103.64258
O75629,CREG1,19072.79297,,9157.363281,,9962.100586,3047.74585,12336.40527,,10396.79395,,,6972.250977,9532.749023,7905.008789,
O75635,SERPINB7,13335.24544,10226.68186,16352.35566,,11810.57865,7406.170065,,9135.432362,22908.20259,,9455.484428,13391.73733,15649.42064,10032.52867,12541.86701
O75643,SNRNP200,16924.42671,42755.98617,17924.70984,16097.68636,33987.77127,33104.2283,3357.526926,,3626.224669,80096.79926,90407.53675,84557.79928,49763.12497,43865.37763,70767.21931
O75683,SURF6,7177.973866,19959.6679,18764.2826,23105.65104,30719.31055,58703.61206,,,6428.270533,43729.53814,75546.71552,94714.13785,52267.60938,57197.54591,78146.10368
O75691,UTP20,2963.54023,10630.59604,4626.177691,4284.086209,10482.91265,22548.48475,1702.47214,2078.36599,1317.20773,18009.09517,29539.39984,31255.34435,15175.85718,18042.86195,29317.26185
O75694,NUP155,9782.916973,29417.0003,9850.47482,7353.831399,21964.16881,25151.44992,2901.954625,,,40618.7797,40923.64222,44925.47617,28002.76171,30040.54973,50889.97551
O75715,GPX5,521623,334967.6875,316119.0625,73356.22656,411961,512323.1875,469648.5625,219587.4688,498204.4688,457622.5312,364851.5625,487893.25,399630.1875,335388.9062,439935.4688
O75746,SLC25A12,5642.116699,,,,,2014.337769,,,,1693.208496,,,,,
O75747,PIK3C2G,,,,38354.77344,,,25899.37695,,,21709.99023,,39390.32422,28881.29297,33868.28516,29184.99219
O75808,CAPN15,,11747.22656,12573.28906,18049.47461,9627.514648,7038.479492,,12699.58105,,11257.06152,,11469.5957,13783.20703,3245.232178,10601.60449
O75818,RPP40,,,,,,36788.21875,,,,,,,,20478.78711,29952.07227
O75822,EIF3J,10194.77344,19355.48828,,,12984.875,11920.29883,,,7236.190918,16748.50781,25664.37305,31234.22266,14812.28516,20876.80859,20400.72266
O75843,AP1G2,,,35520.65234,,,11270.69336,,,,,,,,,
O75874,IDH1,2306.045885,,8788.629032,2100.060118,4076.346182,,,,2374.249305,1871.8604,3308.398417,2205.391868,,,7568.084019
O75909,CCNK,,,,,,,,,,,1493.692993,4871.506836,2173.393066,2673.928711,1873.871704
O75934,BCAS2,,22684.30078,9811.897713,8333.171776,22172.2852,20554.10412,,,,54815.55753,52765.73776,44069.44101,21822.22412,20695.59922,38379.66127
O75937,DNAJC8,11779.44518,20146.74222,10745.9277,7626.323426,20211.46941,25065.39518,3543.257032,,2556.117287,9786.414144,10385.44912,10666.3414,13527.63882,17379.30104,27047.52934
O75940,SMNDC1,7495.254338,11969.05984,11016.63852,13804.18802,18381.52553,15138.92438,,,,19695.5078,25056.77958,23549.66122,12256.70847,14398.2271,26967.42171
O75947,ATP5PD,,,17105.44141,,,,,,,15211.99316,9503.855469,,,,
O75952,CABYR,108357.8047,169859.0469,80984.03906,110131.9688,121663.4297,117180.7344,47895.1875,,,101300.3281,118309.8594,110211.7266,87943.16406,96039.15625,93287.20312
O75955,FLOT1,1677.855245,6601.164191,3211.245255,1540.340971,8989.205011,7599.542128,,,,10026.56406,9467.499091,9893.1105,5990.129781,6260.057644,8837.038285
O75962,TRIO,428586.0312,591760.625,144455,124278.2812,351330.125,329600.1875,257060.3906,82500.96875,236008.5938,491490.8125,225427.2344,517078.75,551516.125,440470.9375,481520.0938
O75970,MPDZ,24520.46875,21701.30469,26636.91406,27244.60547,33581.20703,29527.49414,21694.9668,22293.70703,30067.75391,26249.67578,27750.63672,30599.99219,22154.23633,23592.21289,25100.0918
O76011,,,,9522,,,,,,,42786.69531,,,,,
O76021,RSL1D1,21741.64468,56130.30915,33231.32693,41688.96385,57588.35143,104813.3381,5628.409792,2620.13213,4992.88288,78797.48629,131650.4655,136068.0414,73498.87025,86629.49826,132603.3289
O76024,WFS1,1808.736802,12134.8672,3469.103948,,6860.021116,2669.996726,,,,5033.754415,1914.059956,4784.43414,4975.552348,3855.959999,5423.989581
O76041,NEBL,65555.6875,67428.10938,58671.53516,78038.90625,91587.3125,125623.2344,18521.65039,,,155014.1875,159910.0938,156701.1406,103819.6797,93206.28125,148282.5
O76094,SRP72,4354.413394,4220.032219,2453.604196,4649.542966,3825.430717,7222.166465,,,1817.181625,4060.361734,4090.052942,5977.860704,3672.760398,4076.546875,5020.687514
O94762,RECQL5,,7923.161364,,,9922.397112,12765.34905,,,,18836.12244,15593.87601,11656.73346,11089.27543,,16127.8396
O94776,MTA2,62050.89147,117969.9171,65815.87085,58805.62724,83059.68518,103114.013,24976.96472,5222.165315,12571.29482,121073.8672,138664.9165,128104.2997,106290.8925,87046.44448,161349.6686
O94804,STK10,4966.214844,7484.081055,,,12400.91504,6945.0625,,,,,,,,,
O94822,LTN1,,29417.41406,8046.716309,,,,,,,12962.15918,9177.007812,21247.20703,18186.92969,12842.44531,5050.347168
O94823,ATP10B,76598.89062,53443.65625,41643.69141,48257.08984,7761.50293,53479.52734,33076.60547,34989.82422,46014.46484,30461.60938,48196.24219,53540.86719,43898.82422,45580.80469,36186.31641
O94826,TOMM70,11347.18881,42248.88341,6639.641233,8469.137789,18705.46415,22398.81792,3600.262884,,,23980.97547,24944.78211,26134.41385,13670.24573,10285.73064,16032.27325
O94832,MYO1D,5374.347275,15149.47616,7947.415975,7105.058704,24802.70983,26096.57688,14611.55758,2692.950726,5570.414295,32244.58083,21621.3472,20574.68778,11007.51976,6115.841896,18850.27946
O94842,TOX4,2588.068791,5600.791775,4686.306169,3459.789992,12748.97952,6068.372615,,,,15631.65962,16187.57966,13436.32556,10458.7978,7470.393351,19061.39274
O94850,DDN,587960.625,652705.25,521868.4375,366867.6875,,535763,713051.375,418715.625,555718.25,639749.25,503805.4375,541891.25,655137.375,608244.4375,548497.5625
O94856,NFASC,41309.1875,,,28603.73242,,,42084.95703,11070.1416,38225.66797,54212.81641,41617.6875,44166.3125,28555.88086,45022.24609,21964.26562
O94864,SUPT7L,3813.686035,11386.65039,2760.538574,3807.190918,6031.612793,7366.163574,,,,,6951.432129,7990.132812,8001.791016,,11497.49512
O94874,UFL1,,11202.03809,,,,,,,,,12855.57324,7134.693848,,,7395.341309
O94880,PHF14,8793.893847,16573.36523,5641.324177,5423.563829,10640.21743,13339.43441,3680.822828,,,23649.34679,19345.56403,24099.5994,17883.87999,15537.35752,24054.81653
O94901,SUN1,5774.560807,16840.54706,8614.85383,11720.4083,22307.17579,27420.11638,2162.882156,,2455.898692,23909.33346,27320.28207,24398.81421,35268.46557,32908.2178,51643.77503
O94906,PRPF6,9908.917386,17829.24844,7066.28353,17963.43929,27200.73438,28067.82714,1746.661526,,,57488.16998,68527.68254,62111.18628,26991.11265,22682.43732,41278.94896
O94913,PCF11,3775.365987,8332.708932,4027.630676,3938.189522,12911.08164,12421.49879,,,,15072.9618,15663.43387,13250.81042,11274.34172,11016.3369,22333.77734
O94915,FRYL,14057.92824,18879.22925,,17569.31479,10372.69252,,18006.1741,,15684.84859,18698.64483,,,,13122.75455,
O94979,SEC31A,11562.44725,25167.53048,8191.526332,16644.2064,25354.89965,27917.40486,,,,17987.45474,,18093.8299,,,
O95067,CCNB2,12442.18701,19192.62058,16709.52446,4651.241882,16244.63776,18759.3278,,,,18417.94402,11850.9258,9448.310523,15802.28436,11829.05511,16574.56244
O95104,SCAF4,19269.06914,38630.73727,16527.3829,12159.71375,19509.34822,14944.69829,,,,17695.78479,24031.24335,21525.9028,15114.19981,17963.58938,24508.12197
O95159,ZFPL1,,29835.21484,17340.52539,,15155.06836,18352.43945,,,,36623.57422,35047.29688,17948.41406,18353.02344,,49924.90625
O95168,NDUFB4,37892.62891,43075.57422,18923.17969,,28041.64648,30928.91406,14348.30859,,6318.116211,26438.32617,25227.11328,19958.81055,26739.83984,,33196.64062
O95182,NDUFA7,14397.94141,12526.24121,7641.982422,,20859.66797,18615.625,,,,14926.25977,16207.29297,18489.52148,12656.29102,,19512.66797
O95202,LETM1,9983.813578,8581.735485,12842.71984,10302.95605,10604.60888,12937.82293,,,,14235.49265,9347.640259,14910.17338,,,15019.59379
O95232,LUC7L3,14897.56891,35318.27344,12641.94104,23162.32967,45526.80275,51739.94531,8708.64092,,,49580.59991,59712.86841,52337.38316,37937.00746,37781.66395,55617.66486
O95235,KIF20A,11437.69816,26269.82166,10144.58875,7849.534192,14177.92229,16334.30416,1846.486651,,1317.766388,11894.59304,17143.22522,15923.35653,24557.34203,23215.04349,38531.32381
O95239,KIF4A,28971.19502,56392.83726,27086.12834,40877.27587,60596.80184,69257.2823,5063.815284,,3303.202324,35504.5832,37851.45192,39649.1498,78364.43246,72361.18204,105805.9079
O95243,MBD4,,6008.806868,7180.069213,6810.45575,7752.447072,6361.502801,,,,8336.457381,10829.74253,15067.25211,7279.257636,6597.34819,19378.25264
O95251,KAT7,14291.06923,36133.14514,10888.03573,11764.56805,32552.74944,40774.92859,4209.705469,,1198.590074,52260.31451,53376.66017,50081.63529,39779.20841,38626.15552,75449.94393
O95292,VAPB,4687.826594,13618.67576,13092.10142,28533.62515,34076.30841,28538.21422,,,,29604.14192,49857.11971,36898.86506,29344.62985,33712.43546,44826.16042
O95299,NDUFA10,11200.14065,25217.35069,16408.7012,16666.02698,24299.75624,30105.58652,16600.24259,6578.474012,5671.77575,23365.42206,18569.6192,29271.46917,18632.25936,13420.83377,22705.87483
O95319,CELF2,9933.119101,8369.358581,,,8114.997861,11547.81925,,,,19881.35217,30076.37128,22939.69146,18059.68873,17384.70895,28348.93095
O95347,SMC2,6677.057198,21774.43443,7816.463932,12842.10652,23236.49418,23985.64238,,,,15283.26571,15735.86819,15947.39543,17092.76935,19871.70343,30763.40019
O95365,ZBTB7A,,15278.90177,8390.055346,,,12181.07025,,,,14672.07355,23691.17843,26760.1177,8453.319348,21677.408,22900.57269
O95373,IPO7,,2765.413086,,,,,,,,,2780.41748,3507.88208,4036.55127,,7218.120117
O95391,SLU7,2589.113997,9698.986328,3499.269512,9279.108173,14613.49935,4346.516719,5668.224169,4735.671259,4626.570555,9269.036356,27543.00391,17286.19708,12527.15619,12724.50908,17158.10412
O95402,MED26,14035.05211,10486.48695,,16431.5236,17579.62061,11546.22189,,,,28080.43701,26627.13313,26079.63365,11905.81058,21537.52541,21904.23875
O95425,SVIL,2880.614635,10808.85452,2116.296106,3329.993039,8165.308333,5232.873056,2601.093894,,,19710.98535,17863.64828,16499.93333,2859.196617,2565.34145,2678.060072
O95445,APOM,,99087.17188,74595.00781,39607.69141,,51606.48828,14240.51172,16340.32812,27344.71094,49717.67578,66347.99219,81599.02344,68538.75,54921.69141,68262.4375
O95450,ADAMTS2,433680.6562,420302.5,502651.7812,275450.5625,366199.1562,420718.125,572166,391939,515916.4062,466566.5312,363908.8438,395157.0625,471957.4062,394684.6875,414204.5938
O95453,PARN,,7905.849856,3613.87218,6029.766425,8737.501106,15256.14459,,,,14325.35589,24278.90139,26227.67622,11912.56254,14856.40764,26665.2941
O95470,SGPL1,7655.791795,15478.81496,6945.193938,8563.910279,16692.20409,19511.5711,2857.050412,,,19638.88952,32578.08594,22433.91116,21081.45531,17305.01331,30356.10633
O95477,ABCA1,1985515.34,2309916.053,2174825.014,2090056.593,1948988.067,2175196.689,2174952.659,2042221.877,1930830.336,1992323.975,2078687.507,2484277.685,2197661.899,2063443.43,2350267.804
O95478,NSA2,10471.61517,24337.56302,12136.37364,13955.69406,26001.91157,48239.99778,5749.557834,,9117.210217,33881.08713,58610.64235,61570.95558,31795.53338,38652.58203,59642.2571
O95503,CBX6,7229.83805,9079.854265,7049.009666,3662.349527,9368.922797,14131.89119,,,,11920.16915,20137.18749,15835.00109,14155.20698,9584.635161,27880.91862
O95602,POLR1A,,4663.613631,,,9502.895233,9047.240273,,,,8827.186836,12096.27227,13361.0152,3865.03344,5533.989784,14365.78128
O95613,PCNT,9197.515039,16514.36328,9894.741096,5518.314861,4743.216129,11041.67915,1819.907529,2035.188618,1747.330886,4543.68651,4268.397461,3467.936069,5558.200185,4416.120177,5721.832321
O95619,YEATS4,21127.02356,29473.50606,11873.37319,13753.21789,20581.53559,19574.46928,,,,37868.41121,42356.28553,46431.75459,23924.83293,28722.36486,39975.28199
O95625,ZBTB11,3352.642146,10454.37097,3288.491695,2504.09354,4939.728673,10617.22885,1734.43407,,,11929.88495,17925.42953,12199.29215,10318.04108,10598.63814,13717.42449
O95631,NTN1,158907.5938,151719.5,180302.875,26190.38086,179882.2969,194940.5938,148621.7969,74283.28906,142239.9062,146832.7969,153502.2344,166968.6875,128315.5625,153770.7812,221623.25
O95639,CPSF4,7465.172933,10950.5808,5123.421492,13351.46734,23577.59022,23257.58312,2530.44853,,,40447.06146,44455.42543,41770.31183,21813.20682,21807.85959,36542.66345
O95644,NFATC1,7519.077637,,7007.677734,,10030.12305,13316.04785,,,,12878.31738,21189.24414,27372.92383,,,23232.96484
O95678,KRT75,,7050.740972,,21195.14485,20298.46584,50605.8023,31009.63916,12089.96762,21245.97928,27350.82603,14697.03453,11030.27907,41927.14675,21030.10459,43983.74291
O95696,BRD1,7295.093316,17308.64729,6988.641494,10834.86802,21627.99822,23932.85931,4030.314534,3757.10674,1924.030924,33649.98208,46462.94882,42449.36799,28736.55399,26647.30736,43125.18895
O95707,POP4,,7506.285815,,5333.434309,6583.7689,8783.496061,,,,9752.291746,10013.51174,17689.51247,7795.194496,6486.116861,4340.526588
O95714,HERC2,69260.85156,299137.6875,236356.7812,211154.5625,266590.8438,221923.0156,222986.4844,238579.625,363208.125,245453.9062,214632.9688,304328.1562,210960.0156,205446.4375,188860.9531
O95747,OXSR1,,13800.39191,13520.44184,,8799.123891,13627.72049,7346.421694,,11578.15681,,,,,9062.927409,6693.937525
O95758,PTBP3,4797.832733,12955.3602,8442.883254,15414.8427,15799.66766,13332.55649,3363.551643,1057.271643,2929.275583,15185.97591,29773.25666,37539.33174,24342.26881,24481.11126,38977.9367
O95759,TBC1D8,1068759,840656.75,1179582.75,926352.5,928974,961075.9375,,,,999921,859147.375,825816.25,903841,858416.6875,797334.125
O95777,LSM8,13397.79536,22062.07281,7195.065146,12884.51673,39270.09821,15624.18565,11997.89183,,3995.066121,51712.60938,54465.49106,87513.96094,25659.88199,27758.05871,69935.00585
O95782,AP2A1,7693.835921,19606.02724,11573.00839,10517.27637,29495.02812,18710.8605,3118.529176,3031.849056,3445.379999,22880.90625,19568.54488,25954.27601,12303.50073,8413.279443,14468.77435
O95785,WIZ,5549.097706,18488.96824,7011.421092,8024.935749,12015.35085,15188.08572,1512.495156,,1412.915088,26357.00945,38601.99282,30582.6235,25448.87056,25533.20157,41841.03774
O95793,STAU1,12979.14891,31824.14301,14681.41425,11641.01751,27496.26758,19833.97656,,,1899.889327,27583.74805,17432.00367,25223.00799,15006.81103,15040.8701,24257.06843
O95816,BAG2,11390.21793,27270.9006,21393.993,7368.702844,22411.34174,21634.80458,5278.343712,,,31481.74248,36273.03125,35201.65231,18678.72641,17906.7389,32378.80395
O95825,CRYZL1,,35539.20312,56638.14453,,30200.64844,,166166.8906,,,,,,,,46843.4375
O95831,AIFM1,,9482.787492,,,8958.315084,13213.9635,,,,6980.72622,6734.906095,7976.825522,,,7806.61856
O95833,CLIC3,,,8083.260254,,,,,,,1462.478271,,,,,
O95864,FADS2,12330.94531,26550.63672,12843.98926,15567.39453,37663.96094,59310.10938,,,,56042.58594,54906.55469,78922.54688,48043.55469,39863.26953,99535.03125
O95876,WDPCP,17771.55859,14956.43262,,5709.198242,18498.68359,,3127.505859,,,,,16091.55273,,,12291.56738
O95926,SYF2,,19185.21289,,,,24401.48242,,,,35285.72656,35664.61719,23597.41797,19127.84766,18759.03125,23057.77148
O95931,CBX7,,,,,67584.28906,63417.26953,35544.08594,,,82594.0625,,50602.07812,55011.21094,44749.45312,79666.35156
O95965,ITGBL1,20876.07812,17765.4375,37763.67578,,,,33915.07812,,41304.88281,26750.16406,36818.14062,37239.89062,39559.67188,23287.07227,38305.49609
O95968,SCGB1D1,5964.572266,,4799.657227,12693.30664,,17434.95117,,4535.723145,8763.819336,,,,11450.07031,,13318.98242
O95969,SCGB1D2,132997.8694,27966.71335,90098.1096,16334.73634,105105.822,48939.06643,84914.87789,60337.63987,105522.3921,64707.85735,105897.5944,47567.26393,81179.48862,49909.87661,53917.22159
O95983,MBD3,21651.24626,51190.38706,36823.39699,17199.68259,28662.04222,61171.621,19777.85998,,,56762.63393,83300,55881.75464,57288.52237,52347.85222,60063.60241
O95996,APC2,29436.81467,52591.39434,59260.41831,53017.5946,29275.0713,60035.75362,37055.85291,41747.53477,45072.65378,39701.31536,45199.56076,43925.15282,60261.18672,38676.26299,62120.98231
O96000,NDUFB10,8818.374599,21821.59856,10926.60496,,17674.97287,11836.67005,4921.098093,,1714.228735,12772.32856,7606.842136,10026.54266,5603.474146,3510.639497,12301.46391
O96005,CLPTM1,,,,,,17757.97461,,,,,33426.82031,24155.77344,20931.70898,,
O96008,TOMM40,19881.34638,40657.52251,18248.13415,5788.418298,22190.58932,14895.31753,8989.622384,,,20877.16613,18881.35667,27019.60055,15012.3908,11304.73585,19649.45068
O96011,PEX11B,4109.251465,9080.771484,,,,7055.550781,,,,5939.911621,,13208.01172,6742.493652,4539.979004,
O96013,PAK4,11969.64719,28865.32436,19456.15739,6549.214698,13228.66717,19473.08067,,,,6648.323111,6285.75154,11658.20888,6906.94978,9168.378729,10761.86906
O96019,ACTL6A,35251.95675,71123.69536,39319.57142,26505.36663,42387.34027,45366.00701,,,,84515.06885,90980.30605,80761.55439,63814.39034,44365.02344,94050.52481
O96028,NSD2,6921.172621,14487.34076,5522.148164,8351.710042,15152.56201,20022.25794,,,,20276.24699,21458.95796,24553.69323,23327.2733,22572.16981,37340.89283
P00338,LDHA,11175.35311,15687.32377,110804.7902,12847.84328,21133.61317,21174.69426,13315.20908,,6820.180684,33323.61972,35465.71565,21167.01195,12017.41839,8259.78926,15499.13406
P00374,DHFR,,,,,16937.14453,11443.73242,,,,12482.19238,,8890.060547,8697.311523,,
P00387,CYB5R3,6225.80744,16814.81868,14405.76326,5680.762884,19614.4388,10995.77981,,,,22505.82742,17098.02749,20506.68127,12234.9608,9422.573379,11366.01741
P00403,COX2,37671.34474,65499.97006,125136.0614,32169.02574,57913.56703,59845.43952,22961.10411,29329.17613,16204.08902,66670.72987,97454.87193,66117.72453,50908.74902,35096.61982,72011.32152
P00441,SOD1,12191.05566,3622.34082,18244.46484,,,8532.384766,13590.37109,11218,8327.804688,9266.948242,11516.54199,5553.014648,7109.791016,5443.546875,10763.12891
P00450,CP,26794.14028,28034.70488,11712.51968,4361.589511,12125.73661,8489.527196,25452.04262,9543.870886,24875.16658,9312.410024,7168.187862,8715.882418,7516.712371,7818.494409,6480.630868
P00491,PNP,11525.92676,10509.65137,,,8754.820312,11524.97266,8546.005859,,9296.850586,4903.229492,5982.780273,,11843.90039,,
P00558,PGK1,7921.304463,9382.483608,64758.31015,7308.215484,21356.25076,18138.96469,3068.178445,1694.145569,2645.753044,11783.98999,11551.18168,6356.355157,6680.65521,5123.073207,5591.070221
P00734,F2,176732.446,179955.8798,119464.7503,60540.60855,110071.4157,150857.3148,7306.858799,,3753.981875,154929.1267,114474.6086,217534.8512,167126.0223,137004.2699,151121.8709
P00736,C1R,25673.93735,29304.11653,18390.05808,20741.05457,24997.41493,30013.13066,,,,31499.52287,20259.82868,36531.01152,27938.22214,21020.16517,40201.36573
P00738,HP,48204.3425,77336.27051,22948.43164,16605.43829,13069.30947,15465.54081,35471.34999,28926.75992,32316.33484,8362.601278,8567.898821,9042.402089,6498.769875,5858.3771,6399.309928
P00742,F10,23286.03514,52379.47523,30813.90124,29503.37672,33187.75124,34716.63437,6555.455956,,28964.01983,34240.07918,49693.78819,33057.85012,23564.47552,27832.83358,32272.57702
P00747,PLG,204565.8386,259925.9062,163972.2802,117427.4975,160787.5259,160016.9506,5515.584363,6068.671691,5902.987375,175605.67,119549.2004,189249.4746,167935.161,152146.8587,169883.0614
P00748,F12,19547.44049,9927.796009,2436.190583,,4073.016017,,1793.6462,,,,,,,,
P00751,CFB,66661.79688,101209.3359,47368.23438,,,12409.21875,,,,,,,,,
P00918,CA2,9165.180011,,17175.25715,,,,2555.401953,,,2137.32066,,,,,
P01008,SERPINC1,387989.9548,348795.7309,350639.522,263288.284,315841.8037,291929.7827,33633.88968,28921.51995,32496.60685,323192.7196,263010.6199,310219.2535,321351.5456,281192.9665,298374.6442
P01009,SERPINA1,66219.36556,64594.35292,34258.44507,11374.14522,15495.02768,11611.26611,13285.44777,6446.436875,8239.893718,7067.610239,5909.071694,5736.157749,7606.502168,8848.9358,5691.17108
P01011,SERPINA3,35823.03125,81481.91366,48989.44444,4490.486728,7455.971793,8077.349279,16079.82367,8442.770053,9667.088378,6615.95751,2985.51405,6792.997145,3921.679847,4164.897167,2992.977498
P01019,AGT,387042.4688,257472.4062,354425.3125,304774.5625,389201.5312,357915.8125,277514.3125,264406.25,237076.9531,327430.5,308755.1562,287408.4375,320741.0938,335560.4688,232625.375
P01023,A2M,59049.85169,66585.89917,27937.28301,11788.21136,18045.39852,14909.41503,15620.68223,9320.142092,11389.74843,12926.00417,9441.578626,10940.9008,12418.93645,11936.01875,10704.64405
P01024,C3,43204.12742,62339.07404,25137.19841,8991.614421,13569.74578,12738.72772,11330.66504,6118.032691,7621.702559,11376.00396,8689.068457,9540.839728,9783.143728,7962.274719,7873.028073
P01031,C5,83699.44525,84347.85431,76912.52144,58705.42773,71026.30365,79624.58922,18021.55653,9746.998093,16500.36378,81520.57661,65223.4575,97255.02786,82463.99554,70706.92762,87220.39868
P01040,CSTA,215664.451,75587.7519,246027.8786,101193.0033,166997.5904,157822.0417,198652.4006,184587.1953,289179.794,134662.2525,258738.6476,115885.0593,167974.6186,144943.6593,182065.2431
P01042,KNG1,53128.68077,79336.9787,38981.02882,9691.218055,16913.90282,15960.38351,12330.89034,6933.709683,11360.36736,11313.41805,4917.584169,10752.0502,10608.6381,8297.700916,9396.554657
P01116,KRAS,64942.17397,78876.05675,48796.30242,14673.79789,29183.26172,19521.70693,15521.08267,11531.55913,,26176.12695,23426.86736,16655.73866,18487.72138,10049.76094,23536.72802
P01266,TG,73346.87763,63685.82713,71864.50698,86617.21744,55844.27791,65552.95152,50047.03177,63179.95614,44472.45787,58051.03291,68744.58686,92730.48945,61387.63679,62030.62274,51303.01349
P01344,IGF2,13696.26953,7172.442871,5098.452148,,10860.55762,,11046.50781,,,7405.45752,,6238.508789,7013.106445,9924.75,6844.338867
P01591,JCHAIN,52550.71656,56789.99056,54829.12624,27478.32188,39908.31177,30016.24331,1033880.329,601974.8778,861762.68,33136.6641,42640.59472,56420.77794,48603.15637,38500.23338,40739.60465
P01599,,74538.5,88704.71875,77325.875,50401.80859,74592.72656,86424.17188,,,,101579.5781,79263.64062,105415.9375,80812.42188,72848.79688,58415.26953
P01601,,180227.5781,421118.625,324378.8438,320965.9375,323898.625,329104.9062,460687.2188,276590.6562,391599.5312,406105.2812,384477.4062,478269.1875,392317.5,393101.9062,424662.1875
P01602,IGKV1-5,331717.7188,350920.1875,236879.1562,101183.6016,255929.6562,308994.0625,,,,292814.3125,256722.5625,315867.2812,353841.3438,380041.9375,342239.9688
P01619,,2017821.5,1738718.5,1296524,901125.625,1329666.375,1600473.25,1712247.125,1080727.75,1406425.75,1750442.875,1287716.75,1499624.125,1633639.375,1490412.625,1370325.125
P01700,,14072.23242,36863.64844,11969.62891,6080.828125,4113.314453,,5714.438477,,,,5655.583984,,8773.615234,8394.549805,
P01701,,1649748.107,1873973.5,1571810.755,1744138.016,1701631.127,1784702.538,1699342.975,1460822.414,1716297.448,1850768.199,1575863.152,2091215.19,1913094.544,1799557.782,1501845.599
P01703,,41158.10574,50071.21839,34420.32292,25446.60265,30161.7049,32991.75141,67658.82083,14395.60441,45198.81798,36035.49294,32047.00731,43771.79731,39092.75052,42788.44936,49397.75182
P01709,,72840.67969,52134.60938,45936.14844,20711.66211,60723.46094,72269.44531,59738.27344,36268.32812,89170.99219,67881.32812,55432.66016,67947.28906,58310.14453,47910.49609,57594.28906
P01714,,26818.91992,33262.5625,37710.04297,38795.31641,34743.93359,28004.97461,26771.67188,38363.89062,42733.24219,30215.04688,20573.47656,33180.42188,25757.08984,,25385.89844
P01766,,127717.7969,223503.8438,191385.1406,190673.2969,160304.375,210453.125,171794.3438,141951.7188,171976.6719,193951.9688,230158.8438,230160.1875,145254.2656,186877.5938,171118.6406
P01780,,8182.540039,14788.1582,,2975.210938,,,7615.014648,,,2652.431396,6762.89502,,,,7112.975586
P01817,,7085.092661,7052.543809,2303.635073,6796.632135,7129.868538,3550.947912,6024.704078,6138.862235,4826.419611,6260.189833,7768.970503,4103.558446,12919.82899,6544.364817,4487.839192
P01833,PIGR,2482.601017,3079.320661,18118.10817,,2603.904472,,4401.446973,4746.413128,4794.341836,4030.710305,4535.897246,5713.130015,3090.04656,4034.45324,2008.834538
P01834,IGKC,585869.6616,786185.4249,436761.5762,19431.63634,220829.618,244810.815,287152.6964,,236011.4739,198562.8026,222033.1453,206023.8496,227306.4342,209450.1431,255334.2799
P01859,IGHG2,85238.47222,207679.413,81505.54045,44205.70202,68525.42969,68546.24076,72445.5255,40423.3291,87638.50781,62260.79809,58603.64887,72606.30469,71564.45346,59665.77028,78164.37629
P01860,IGHG1,45616.34978,75616.02617,103208.6716,17342.99421,25249.61433,22356.31386,34933.06948,10541.90391,18340.49892,19323.83746,7054.198019,18150.28776,22190.9078,23794.03057,21922.8801
P01861,IGHG4,34473.39495,29959.50787,26378.76021,6523.324135,12683.28572,12182.17497,13251.75981,,6588.443395,6198.860502,4075.348962,11753.56985,8719.319083,7763.277748,6633.139893
P01871,IGHG1,17712.87135,141474.6051,23248.35574,17323.47658,14514.26868,21815.16536,13131.60215,,24060.81079,10209.96232,18606.12668,12159.70756,20699.38805,13796.47109,11350.91694
P01876,IGHA1,135225.9125,188214.1719,150386.4874,39281.31115,54122.34053,52538.09736,75271.03906,59118.85811,59342.18205,34635.76913,35352.33384,34977.67062,41450.61651,43770.58543,38045.47656
P02100,HBE1,275234.2812,284106.5312,265437.5,280354.125,189014.0938,223780.4062,149743.375,138161,155185.6094,234587.9844,225479.1094,242098.9062,252607.6406,241231.8906,209244.6719
P02452,COL1A1,28763.16042,22716.40235,25429.44485,20063.93591,21536.68945,56554.64213,21022.00048,17573.81117,22096.3003,17157.91962,20512.27274,21125.93335,21156.70591,15879.73882,18652.65858
P02461,COL3A1,41386.57031,,27525.27734,8290.097656,,65358.04688,38420.23047,17087.51172,22566.43945,22630.29688,25659.47461,11323.1875,28063.26172,17635.94336,26771.89062
P02511,CRYAB,,4659.434959,46400.41406,5400.66214,28067.01401,15800.59267,19386.17578,6698.739541,,6280.622608,,9416.933451,,5307.458355,4951.965357
P02533,KRT14,203612.3438,61906.16797,167373.1156,144676.9688,135408.4214,163931.4177,145777.2551,116429.5019,166972.4601,70099.9473,264048.154,86933.97606,139362.3594,102277.4616,89136.39062
P02538,KRT6A,408472.0066,80307.73211,3986518.877,419163.547,291203.3933,126752.6126,256712.2955,230260.4467,329623.7305,183289.0834,362927.5431,127186.1726,152030.9044,169647.6136,188779.6693
P02545,LMNA,202798.4436,375241.9362,196522.645,307397.1239,476256.8387,487310.1277,57839.69888,19260.27062,47577.40213,949495.347,1085651.408,933555.9716,504389.4747,460317.8065,735014.5447
P02647,APOA1,120356.527,102817.4909,69658.81372,17569.05087,36326.08851,28377.98283,27831.28095,11571.24136,20128.65434,15766.62478,14272.91761,17241.77722,16252.87245,15770.69898,10185.96205
P02649,APOE,30924.39693,33293.19589,16550.91707,15827.05625,22896.07043,27168.17826,3851.479381,2726.389609,3122.454669,20622.24701,14292.16583,20803.17138,21361.95405,17510.66532,15940.21243
P02652,APOA2,38269.62384,49170.56015,20729.50142,5638.875054,3503.205831,4691.090005,,2296.052793,4526.88299,,6347.960237,3937.63113,,1427.625611,
P02655,APOC2,36575.64062,69085.42188,84710.14062,52336.81641,27216.33203,35542.5,26089.17969,32669.70117,24675.03516,29909.20117,41983.91406,38212.86719,28950.40234,32721.91602,54179.26562
P02656,APOC3,6226221.093,6146621.558,6456985,6498129,5676884.5,5498901,5223091,6125332.5,3944613.284,5112662.425,5624459,5155928.5,4891866,6475467.5,5943881.5
P02671,FGA,69698.83396,32322.67056,30926.45373,7797.163502,14179.94361,11749.61579,11486.00557,6021.023194,7441.225968,9107.487625,5922.288653,5281.304768,6625.422087,3910.032417,3959.19649
P02675,FGB,62414.30383,32811.56618,59122.2167,9765.444249,11965.30218,12844.11785,9683.912848,5726.297968,6314.809146,6354.299947,5896.42313,4628.47597,6361.464762,5314.946942,4062.360323
P02679,FGG,79876.98619,34161.88642,33959.70343,8859.473696,14522.64381,11420.0482,8247.854676,4949.76661,4915.950435,7632.311179,3804.921852,5362.359188,6047.100644,4524.307477,3183.142631
P02743,APCS,19802.62891,65926.84375,39164.71484,8385.910156,,,15519.81641,,,,,,,,23012.22461
P02747,C1QC,47724.23438,58479.86719,69736.92188,33033.47656,25750.03711,48569.87891,,,,68366.02344,42951.44531,45317.64453,47790.33594,49501.99219,46365.22266
P02749,APOH,46039.7681,42391.45439,33948.1709,7086.080237,6473.516283,6459.771938,7020.316986,3148.681945,6895.708269,7748.843105,3556.823964,6113.23688,3798.384943,10694.29316,2314.597558
P02750,LRG1,11482.7041,15296.77344,4882.270508,,,,20823.91992,18566.95508,31869.89062,,,,,,
P02751,FN1,30249.44086,25999.30219,20943.29165,4888.886453,4776.99593,5993.238951,3011.693955,2192.869394,1579.961401,1263.169947,3925.288982,4064.500617,1355.062387,2360.385363,2428.889833
P02753,RBP4,,6854.25293,3064.99292,,,,,,,,,,,,
P02760,AMBP,156255.3438,157922.2188,51782.14062,58319.64062,,,354232.0938,334941.375,298673.75,,84762.375,47995.67188,,,
P02763,ORM1,167700.973,135174.9607,25266.59534,5841.86493,22106.41109,26427.72827,20157.93548,1937.913372,12760.43004,10984.87391,4739.780338,5530.160397,6409.282187,7461.592853,9378.815121
P02765,AHSG,143956.6163,46316.02179,33117.36054,39451.69364,30301.39897,34927.20697,29074.48377,31643.82772,29965.68509,38802.80421,39705.52633,39194.4475,29510.68312,30313.10847,32875.46243
P02766,TTR,94761.45928,80319.78684,25024.8593,7652.696303,9618.95564,18987.69969,8001.436957,,,13594.25093,,8224.420518,6512.818317,,10510.70173
P02768,ALB,467475.3117,578951.4171,206907.0752,148877.4149,163866.1506,141951.2841,156125.6412,115224.9207,130006.2822,120751.5715,98798.40656,125183.1761,122976.3045,104687.9984,107380.7656
P02771,AFP,28972.8183,27997.63939,19187.4397,16817.0634,30631.5179,25268.4334,28229.92172,13368.13998,29589.03122,28678.88452,27344.3062,23159.8365,28960.01927,31034.77499,36663.68297
P02774,GC,34436.64634,51347.40857,18630.2835,7791.165047,16027.73544,12567.08729,10557.25352,5532.11109,9280.59315,17305.16762,10231.112,7939.478508,16435.62548,11556.16143,11208.18601
P02786,TFRC,,,,,,,145593.9688,142243.6562,124859.3359,,,,,5129.601562,
P02787,TF,37671.42262,78260.08306,28560.43774,5813.299718,8699.438584,7080.936889,4412.608734,3306.5436,4641.40342,3874.436196,4551.433626,4354.658542,3764.322035,3896.669693,3395.292815
P02788,LTF,47894.22825,47124.49125,43264.62376,17447.11352,32125.69727,30536.09147,51822.28053,20160.2697,58590.96717,35941.77548,48536.04656,40619.58155,43976.03487,44977.79339,46500.58594
P02790,HPX,76248.48263,133054.8283,35014.15207,18687.57495,19648.17459,30640.32843,67081.37151,27294.88557,77680.93628,38237.91611,11580.77568,34490.47947,28061.73707,26211.24846,26356.37196
P02810,,22574.96425,9825.183907,32211.90157,44174.39609,32265.41112,17676.04975,55031.94132,73449.42766,63917.26247,36190.06583,68911.00058,24073.4238,89645.49775,27351.06992,53764.32541
P03952,KLKB1,6644.258088,16785.85888,,,6747.721182,5114.5188,,,,,,,,,
P03973,SLPI,,,57230.59766,,,,,,12627.39258,,3192.778076,,5267.529297,5505.553223,
P04003,C4BPA,42729.91468,29083.86547,11166.02766,,7283.002151,,3889.580463,,,5808.555305,,,,6663.987407,
P04004,VTN,17960.40336,43814.7484,19602.62541,9920.367752,10255.31037,15727.02942,2543.229775,1581.236563,5289.965786,17623.60827,9133.349463,16866.00987,14371.10521,13339.77621,15739.6652
P04040,CAT,54419.72367,14586.44953,36311.41186,18416.20325,16672.65665,41365.19842,50500.48834,52875.93317,49194.2225,14729.72255,56087.93327,22137.03057,43589.80562,24390.16086,33857.72579
P04049,RAF1,80272.10156,56366.82031,38827.66016,27395.74219,42422.6875,38256.25781,41970,,,43804.73438,42128.48047,43648.01562,42868.53906,34758.38281,25045.41211
P04066,FUCA1,,,,,,,102908.1821,27497.90469,93253.56285,,,,,,17002.35524
P04075,ALDOA,18047.52454,27185.29511,43563.58226,23520.85523,77785.73756,48723.20884,8447.307459,4667.780082,7464.112649,35332.79307,33544.61057,27338.08359,17993.77479,18172.77467,17864.88941
P04080,CSTB,4406.413063,606.0534286,191111.7344,,4200.998654,3077.511602,1912.391788,722.8954784,1131.048957,1211.290209,4120.554452,669.4899384,1315.614815,1706.157195,
P04083,ANXA1,35312.48045,6182.719566,658506.5901,4838.868865,41464.77914,21066.53439,7656.263281,18864.45462,16462.10563,9087.068492,35561.50025,9488.226875,7325.195178,14810.76833,12090.62027
P04114,APOB,15623.4072,19081.21974,12452.19684,4470.335354,4338.973494,3549.44625,1109.729306,,2708.537567,4326.287373,1376.323459,3128.894378,5041.185331,2119.274979,2813.167604
P04150,NR3C1,2814.327619,6266.467773,,3320.987692,3099.218076,8309.581907,,,,11881.90911,7237.87758,7975.573266,7355.532574,5151.279266,9157.818359
P04179,SOD2,,,12715.43262,,,,,,,,12325.92578,,,,
P04183,TK1,9576.930509,13915.60076,,11367.50817,23799.36098,19633.48192,,,,9527.047121,15361.26213,13491.27895,11333.6416,9008.188976,12071.26465
P04196,HRG,308223.5504,258554.1006,163036.5787,86732.30707,134399.9555,131729.2528,51800.75304,34451.90086,42611.65328,119595.2356,107590.453,92929.1202,101591.8023,87264.01631,57945.4426
P04216,THY1,,30706.21289,,,26551.01367,17664.02539,,,,,10385.88672,19871.11719,16571.95117,18193.70508,30193.33203
P04217,A1BG,20495.36609,44569.04574,8072.622092,,5352.746031,4822.044192,5502.508948,,,,,,3518.760165,,5657.012176
P04259,KRT6B,292454.8861,33788.08845,437828.4797,279454.2252,179314.1177,53203.6287,157111.4743,172578.5363,328775.3768,133409.5027,262856.7861,44629.59014,100717.1316,89338.166,92373.04058
P04264,KRT1,318482.3349,78044.41966,220010.407,82713.83969,168729.295,240262.5237,226493.992,239207.8449,264360.0574,112508.3442,372959.6803,204721.4129,249524.686,197504.8952,254088.223
P04278,SHBG,4203.712543,4466.11537,3804.799427,,2677.478894,3137.060644,101188.8452,68683.06522,78702.28396,4644.29946,3458.242674,2996.113914,,2447.686127,3876.316069
P04279,SEMG1,4688.931822,,3402.980445,,,,,6299.418306,,12474.15114,8577.242102,7909.942126,3317.458074,,
P04406,GAPDH,68724.42741,83960.47292,92844.52745,50162.38818,128218.2095,134212.7874,46559.80038,27434.8216,33444.91129,148851.1644,164232.5318,124677.6968,89303.73781,68926.40889,98687.25961
P04746,AMY2A,,,,,,,24151.24219,,22910.33203,,,,,,
P04792,HSPB1,37594.94685,36314.68125,480429.7243,31231.85484,67789.36867,64230.53867,40344.37019,14397.16829,16680.55467,51838.39884,71888.48438,46680.45022,41297.33978,36018.47961,41158.41477
P04839,CYBB,98875.15625,128511.9453,85787.42969,41428.41797,97684.70312,92147.98438,121189.7266,92741.02344,,92780.39844,90637.96094,126227.75,107799.4688,107126.3594,96642.375
P04843,RPN1,29007.95627,72891.02359,45187.78796,18445.11476,32949.5349,38176.89183,5688.19396,2302.769182,4604.386152,52683.2272,63221.01762,54444.36873,30494.28673,38665.62809,55037.17329
P04844,RPN2,11667.94097,32877.70482,29707.19722,9865.481116,15647.43397,23351.48997,,,,38268.82016,37198.52078,36101.60402,17857.86216,20084.05864,24466.19568
P04899,GNAI2,16985.64383,20241.60637,9441.865718,10043.98193,25072.95312,15178.08466,,,11345.66192,41803.85156,38033.47961,38143.60454,9312.804035,7939.248047,14681.54244
P05023,ATP1A1,,,17054.81836,5248.492188,6184.48584,,,,,9733.442383,7406.449219,13049.44922,4930.882812,7408.739746,12952.86914
P05026,ATP1B1,,6216.244141,16327.10645,4066.561279,,,,,,12641.84473,,,,,
P05089,ARG1,87528.80574,29638.17752,52029.44966,20211.61705,30360.41543,67523.85617,48565.05326,44101.83852,49258.30064,27475.88523,70641.56767,43303.29421,65576.63598,40640.51362,45785.17198
P05090,APOD,68838.38395,41879.69289,164061.0156,37513.36142,40623.8748,32010.29103,44353.88884,76660.4119,57613.99131,45354.33984,72485.53368,53117.14844,27661.60181,42248.07858,47925.96484
P05109,S100A8,56324.46342,50050.05694,957419.1875,62204.94527,34914.17971,40439.94294,34130.85573,29735.94053,33327.20958,47701.93066,231129.2043,37684.07366,57657.69913,142846.1911,50259.91495
P05114,HMGN1,143925.2656,250391.311,148854.2527,227134.5938,336252.3438,346723.3125,14955.13184,9167.186559,25495.98047,341404.4062,439824.7047,375609.2188,275711.75,340791.1403,509943.3441
P05141,SLC25A5,186816.8906,410372.5625,254162.0156,136519.6889,388210.0492,329206.5,114975.8359,37691.45618,69182.92969,286962.683,357130.5938,290538.9705,227645.4342,182753.2407,340705.375
P05154,SERPINA5,49236.96484,31832.57422,,,43028.29297,63338.08594,37623.99609,32965.61328,33884.58203,,,,,29113.83789,
P05155,SERPING1,18348.24429,31543.89793,11589.94701,,4578.450988,3502.139768,10839.83123,,10581.01238,2636.399008,1871.171422,,2213.644357,,
P05156,CFI,83961.31479,79189.4675,46869.40341,45503.10015,43376.46823,60054.32557,137084.4743,106184.4892,130981.2115,57564.97067,69452.60929,69900.81782,73942.12945,61281.33039,56682.22479
P05164,MPO,12625.27051,,17053.06445,,,3906.703613,8637.515625,,3807.101562,,11006.52344,7422.964355,,,7001.014648
P05198,EIF2S1,11348.67977,20169.4041,16620.86249,19517.5627,41600.04999,49900.90854,5134.79443,,4119.1304,23735.88728,30166.63446,21237.68847,23803.22394,27300.95774,37844.13299
P05204,HMGN2,1026678.812,1519183.875,964193.625,1190233.875,1757865.5,1718550.25,137523.7969,55160.42578,182538.3594,1436306.75,1598533.5,1664073.875,1371057,1616430.75,1951439.375
P05386,RPLP1,50605.25781,111520.6328,,,,23732.42969,15941.58398,,9879.935547,55908.28125,,60131.63281,42177.65625,33365.30078,85080.85156
P05387,RPLP2,11401.84054,39478.29156,70616.6609,10027.35048,27613.69615,15638.77274,,,,40883.11454,28668.3138,27227.69917,15518.53978,8679.867531,18553.05312
P05388,RPLP0,21670.2493,54337.34931,49502.31509,11930.51659,27214.11133,21176.55346,5784.766375,,,49258.70571,27138.32347,43864.94031,25743.19366,16492.56308,33670.36368
P05412,JUN,,,6194.647949,12006.25977,18701.85547,16064.81836,,,,40306.77344,37849.15625,41464.85156,21091.91602,,26487.87695
P05452,CLEC3B,6005.941895,5570.34668,,4417.009277,9123.193359,3282.770996,4755.1875,,,5659.11377,,3222.606934,2258.802002,5530.158203,3181.555176
P05455,SSB,3675.618859,7280.494363,3452.586875,5054.443789,12133.91595,11819.78064,3770.258488,,,16078.00549,16157.09642,26180.08743,12890.12447,9240.699119,18261.01862
P05543,SERPINA7,15628.90704,29896.83547,26597.99535,23890.26982,31087.06037,24792.58199,30594.81167,,25009.81547,29190.6616,23855.42406,34314.3391,24349.54304,27186.06222,36602.92296
P05546,SERPIND1,9309.826172,8182.361532,2474.226471,1922.965779,3275.706881,3580.754864,710.1703469,229.1595376,375.9039731,2077.570207,2232.725292,2522.965917,2151.372485,2093.159629,2478.981104
P05783,KRT18,338581.5968,628037.3987,361301.1608,242978.8572,273932.3315,648166.1503,407660.5412,119122.1232,299674.1898,278503.8202,256367.3085,183025.9487,246841.4715,106905.3892,262967.826
P05787,KRT8,322579.3981,583432.4627,374785.3125,191544.7188,211267.9265,505291.3728,356759.0464,103159.7891,229584.1819,211359.9688,169462.4183,132611.3091,186438.5751,88386.17696,209007.5249
P06312,IGKV4-1,71639.6875,74449.64844,66057.25781,70740.25,78317.03125,61324.49219,42370.37916,37791.4985,48339.67205,55765.92152,58113.07812,79629.22789,71761.0625,72305.6875,67844.81358
P06396,GSN,81961.30969,81521.14325,79345.33058,64604.64747,61870.77819,63399.85938,21279.98618,18937.76874,18834.42936,68636.98625,70122.30377,68477.6478,73282.78709,72054.16421,61914.09792
P06400,RB1,3906.183337,9646.541663,,8011.029429,23325.17107,18599.97222,,,,6397.471165,10142.45556,6333.787494,8121.396122,10822.65765,18079.34817
P06493,CDK1,38529.01313,108996.7708,37475.73554,103199.9973,148084.9619,162649.4448,28070.04116,9056.910019,17011.37938,84494.32839,113540.8574,81670.14854,72961.82873,83970.11049,114694.0078
P06576,ATP5F1B,8918.098913,17440.15234,71443.75,4216.246706,16124.76557,10655.82469,8001.713774,,6393.709747,13454.41184,21529.83962,9552.255859,4071.724275,9607.17554,10238.43274
P06702,S100A9,89374.99958,74097.31591,896658.2857,52630.01061,48908.06188,69159.02124,59666.27109,33058.20381,48462.9595,62363.11282,217166.7536,54888.56429,77884.59398,139172.6273,65027.20932
P06703,S100A6,15393.53976,7723.759363,138516.3754,12207.82358,39702.11301,,14403.50203,14738.5796,6449.240531,22460.8172,28951.29725,27568.85451,7120.143337,11461.35181,23342.13582
P06727,APOA4,25732.07257,15015.93476,12725.5594,2523.526577,4253.550737,3925.120738,2008.830697,,,,,2263.137481,2828.960129,,2540.930816
P06730,EIF4E,9592.093327,11287.9888,,,10647.49566,11231.75416,,,,7873.902461,,,7011.990472,,
P06733,ENO1,11824.10713,5976.582272,85513.62842,11583.15281,23663.64115,22543.27416,8269.61586,6128.199595,5916.546412,16336.49274,24044.87042,11710.27194,11683.04069,7389.472019,8308.675293
P06744,GPI,,,28129.16406,,,,,,,,,,,10307.39941,
P06746,POLB,24764.01422,39092.71608,44200.09571,48362.50268,34903.53349,91273.73471,38416.50222,42981.82219,46962.07554,41995.88906,36127.35774,46471.90557,35812.83315,33979.13541,70380.11228
P06748,NPM1,97036.16976,229593.7808,121294.8748,123394.3862,187505.015,248092.0241,15733.85542,7312.788328,19188.48721,241959.1846,308443.5517,339710.0605,172515.9314,213850.8767,325690.2248
P06753,TPM3,49585.70312,61316.54688,99701.1875,,58139.12109,39556.69922,46617.44922,,18484.48438,51372.29688,63171.98047,62213.625,47168.52344,30939.29688,38254.19141
P07093,SERPINE2,22066.19795,22115.15234,16572.0687,16430.87712,20597.0692,21577.77553,12317.75042,10013.85162,12367.53865,21571.01879,22451.42109,22443.87109,23061.54355,18016.93298,15145.27104
P07195,LDHB,25600.2944,31754.80469,41519.14432,16136.24805,36369.09766,33985.2453,8199.126237,6154.147108,6134.705737,32454.63452,27952.61948,24566.51072,13778.98803,11593.3416,14338.45605
P07196,NEFL,1014.593321,2775.122722,,4058.569519,5081.731739,5379.240763,2805.364963,,1741.562922,7919.783875,2650.828777,4599.048225,4391.644572,1345.272076,2422.525772
P07199,CENPB,6634.116817,12284.99561,2025.409418,18170.67245,37391.33419,34958.50003,2024.100472,,1536.40542,56003.38183,68509.5388,63219.39232,30887.89297,35132.09785,60766.89795
P07202,TPO,,296465.4062,,,265141.125,173036.5625,,,,148632.6875,187322.2656,,,149141.8438,
P07204,THBD,10070.05762,10335.63477,,10757.01172,,,,,,8393.922852,,,8496.501953,,
P07237,P4HB,5631.441638,7190.220217,53955.91352,4565.15551,6828.111966,6303.275723,3442.993485,,,6997.25181,9333.485093,4927.198264,4580.158597,3990.253386,5104.642449
P07305,H1-0,297597.07,501817.0434,288269.2188,207853.7578,304986.9688,328511.647,14234.20898,8724.253864,23580.27811,337557.0829,474244.0152,413602.7494,315805.9646,353681.8594,554975.193
P07339,CTSD,197255.9308,77448.88312,145022.6745,43586.71305,56921.4589,96333.33282,69683.77701,120596.3904,99062.02418,84721.81413,142087.4827,83038.06422,107816.3783,83226.16694,99806.66602
P07355,ANXA2,282414.9215,400912.1067,352916.2374,463117.2629,1248159.499,790003.2344,144649.5403,69602.74594,104983.0463,983216.0419,1030604.189,730482.75,308864.9849,297397.7694,490855.7085
P07358,C8B,21772.18555,25923.29297,,,23642.42773,18112.02539,,,9451.320312,19390.74219,15631.5752,,23860.61328,10097.83008,23392.10547
P07384,CAPN1,33786.19519,4186.269125,30556.40755,3632.04803,9302.344659,16221.59086,11917.95139,4217.719557,6035.799536,10477.31181,7433.965989,12191.41082,17414.97664,7192.59232,15696.86223
P07437,TUBB,29386.13658,66197.228,49982.48076,22006.63262,66596.7464,49396.74201,4680.8871,,10112.22508,72376.70771,49009.8197,68993.35428,44057.43135,42935.60023,46918.65903
P07476,IVL,6497.863207,1918.400924,43424.01789,1635.699585,4073.613433,2921.336832,6079.450763,2783.661668,,1620.464638,2467.770275,992.3470555,3204.152045,2592.795531,2756.531734
P07602,PSAP,13630.08008,,,,,,5392.071777,,10067.4668,17797.09766,5412.010742,,19411.23828,12113.43848,12583.20508
P07686,HEXB,9501.292411,3154.925772,3650.725077,,6262.003357,5677.191387,10641.58987,,4347.323508,4121.208153,,5796.076729,8854.765735,4638.111659,10784.47602
P07737,PFN1,13909.18864,15348.08934,91539.5343,13682.02807,46530.20047,35267.87109,10901.08943,6520.428758,6429.086274,27716.9375,32368.81615,26545.51891,17779.94531,10913.97168,19407.5952
P07741,APRT,,,,,13129.05566,,25483.58398,5574.150391,15196.22656,,,,,,
P07900,HSP90AA1,20184.38925,15789.62916,54337.43808,,34714.07667,8899.447643,,,,7924.721751,13011.42773,,6787.653713,5326.837376,10630.81343
P07910,HNRNPC,839435.375,1617984.997,972013.8125,862013.9095,1395869.839,1371089.5,132668.7021,41935.82984,149294.716,2129574,2336065.103,2228717.739,1568284.514,1443114.899,1900252.917
P07919,UQCRH,16228.21875,15938.74023,,,,5162.161621,,,,,,19725.07227,,,
P07947,YES1,11031.08433,10120.61924,6763.359607,22951.43294,31105.35837,27641.00419,4055.528037,,4491.087869,40543.31574,38129.64772,28642.5448,13878.59219,8641.208822,25906.63587
P07951,TPM2,2990.675781,5047.438477,,5966.201172,3469.293945,4472.364258,,,,,,,,,
P07992,ERCC1,679.3597412,6865.133301,,,6312.683105,7953.546875,,,,7474.885254,,6880.696777,6501.266602,3366.850342,5699.609863
P07996,THBS1,26293.71094,43456.19922,25022.25656,14534.04502,22255.47444,29074.63518,,,5969.667196,24857.25276,21767.37927,42441.37109,38927.39069,25081.21152,28725.65569
P08047,SP1,19417.83944,47608.17483,26930.38426,34315.07198,31918.6144,38267.83123,7422.420981,,3076.254043,45419.13459,54455.37602,42818.99128,28079.49642,46536.74289,70676.4204
P08123,COL1A2,23645.69668,18257.17525,20273.77709,19603.96092,23783.89813,127913.747,21728.36545,17220.81944,23514.1317,23950.58672,19552.11264,15711.42121,15698.55146,17661.71329,17730.25424
P08133,ANXA6,,57116.69531,53588.39453,,71126.82031,67523.85938,60374.46094,,,49988.76172,58131.1875,71083.48438,48255.91797,52876.92578,47149.46094
P08183,ABCB1,,,,,10438.07812,20593.625,,,,11839.26465,,,2218.040039,,18478.39844
P08238,HSP90AB1,20802.23898,39721.75273,71665.26081,8533.493615,35262.12821,23558.56795,2401.99285,,1735.954115,31181.44725,19970.99887,26644.20261,20535.17978,7605.206758,9736.2986
P08240,SRPRA,8551.196544,15633.41718,10587.03665,11301.18365,17808.60744,15938.35387,,,,18868.47333,27129.01725,20202.64497,17035.04297,17802.05045,25742.9636
P08294,SOD3,21960.04536,20564.51553,19890.2629,16857.8085,12324.96717,22219.19996,20996.12328,19514.81465,25796.93722,27157.62549,18538.61514,26360.44003,25279.7465,16369.59795,37562.07403
P08572,COL4A2,,11862.1748,,,,,,,,,,,3880.095947,,3961.281738
P08574,CYC1,22579.05229,40210.21041,25102.91887,14136.35879,32496.07596,25432.57426,,,5836.986364,33708.0098,35156.06627,30167.75039,19585.17043,12228.03472,25807.20746
P08579,SNRPB2,20016.19434,33994.98458,13066.28443,22253.67568,54074.18732,37080.6236,4332.131797,3027.832182,5224.76398,60931.04169,65981.86967,63962.66454,44243.78631,36060.61997,51012.19616
P08603,CFH,11125.61712,28842.9247,9354.90812,3294.782883,2130.950631,2891.151585,3641.178202,1989.629255,2008.868092,2580.562521,835.4469507,2983.949322,2397.390828,2250.764401,1445.386916
P08621,SNRNP70,57463.87252,119123.2605,65861.73513,70428.96335,100264.7487,104985.125,14100.45589,6511.539548,12865.87506,97942.6819,113878.6122,107621.386,83259.31108,80785.19821,118466.3805
P08651,NFIC,29937.60908,66082.48884,30101.75215,44594.20648,43645.1815,68629.17598,12046.579,,,72658.86115,82549.41178,74495.51938,69649.81029,77396.13749,130267.016
P08670,VIM,966537.8473,1294884.597,919467.6581,1166780.899,1191742.88,2092903.041,1550969.09,428767.5874,904767.3906,1650327.875,1583003.512,1110945.539,1473971.241,653270.9488,1421042.764
P08697,SERPINF2,64540.94922,73548.16812,82053.44019,66381.07031,51172.75774,69767.34375,53052.89453,58069.13281,53759.2429,74648.31837,50403.89727,90632.1707,57510.17188,54810.9305,81903.08347
P08708,,30844.79102,44846.41406,31749.93111,9698.186052,24893.29438,23315.23527,7099.157497,3452.155498,4518.276446,16478.39664,23500.5259,25851.03681,18108.57431,10401.35832,16450.92727
P08727,KRT19,,,1077065,,,,,,,,,,,626532.3125,
P08729,KRT7,414574.5312,424752.6562,515471.25,359538.125,334217.4062,397182.875,,,,325867.875,504066.3125,440156.4062,454829.875,431362.8438,385018.0625
P08754,GNAI3,5797.822273,14785.92138,8022.618021,8630.065279,17737.60372,13721.7334,,,,29650.73438,31232.02734,23840.75004,8083.472643,7305.33402,14337.94483
P08779,KRT16,272038.6504,32095.03792,151953.8236,235507.6292,124455.0913,85308.8238,161033.6795,136614.4261,325763.658,96836.38573,301181.3602,62421.17188,81139.29425,83245.87259,76746.28596
P08865,RPSA,,23524.49219,,,19881.19141,12884.83203,,,,23029.22266,,,,,16287.9082
P09012,SNRPA,19005.15032,36832.65095,29108.94543,36131.02589,46959.22391,39293.67927,4514.667043,,5661.527332,41098.87774,49077.5841,39497.31217,31521.40645,37465.90791,54356.82859
P09038,FGF2,,6245.753589,2294.59747,9375.90625,19646.64648,24250.52006,9239.374088,,,24712.03618,30645.54647,35011.2991,16197.93074,24321.73497,41158.44141
P09132,SRP19,39928.16797,18480.70703,16501.66992,11909.42578,22501.11719,21331.33789,11000.65039,,,37015.07812,25204.60547,23327.91406,17183.33398,,11002.20508
P09211,GSTP1,,,106686.0768,,8009.738909,8033.961379,3886.316459,,,3619.63747,8441.771231,7112.641724,3333.221752,3070.723281,7298.168441
P09234,SNRPC,24524.75245,71816.04676,27958.72311,16055.45885,41944.1577,45566.54964,,,,31623.36477,45333.6544,41945.05599,28646.24833,38013.01738,36359.68824
P09382,LGALS1,12326.17005,17438.4901,14316.47458,33308.64066,70183.18413,40190.79306,19085.79482,12352.76707,10101.59282,32536.00846,36101.58936,33011.82624,21685.68162,17944.50867,23427.51333
P09429,HMGB1,118651.2109,,,,,28269.5293,,,,,,,,,
P09493,TPM1,3409.421143,6174.601562,7238.709137,4049.599458,12300.31701,8361.940089,,,,4474.679491,2629.305422,4744.33069,2886.764014,3089.687761,6332.487667
P09543,CNP,11667.38601,14494.34902,5513.534872,6715.316344,28789.70179,26019.24578,1935.134088,2066.55346,,24163.45146,28442.39523,29461.43164,10901.43014,8080.41963,16473.08116
P09629,HOXB7,,7770.963023,,7151.457918,6159.168701,10249.17744,,,,7839.697972,18678.5535,15425.06226,12465.80491,9323.536471,11653.83603
P09651,HNRNPA1,,,9763.349497,,5052.692511,,,,,12625.73361,38522.14672,10022.07723,3676.723784,4519.157767,19709.5871
P09661,SNRPA1,85628.4325,184765.2401,92107.65625,98096.80469,169143.6472,146443.1098,20044.33119,8416.955531,20072.39727,260694.3438,314432.25,229750.7613,174900.3423,157970.6879,247182.6465
P09871,C1S,2213634.25,2586647,2282329.5,2045813.625,2228810,2097066.5,2499300.5,2171460.5,2287415.5,2354040.75,2133640.5,2309899.5,2163599.25,2200234.5,2291473.5
P09874,PARP1,88661.10122,182622.2412,88951.00493,103254.4783,166103.2769,192302.6323,16081.43408,4381.98087,14861.87272,165339.7956,204392.1005,203614.2621,139979.2541,152912.0625,220326.75
P09960,LTA4H,,,18443.18359,,,,,,,,2813.648926,,,,
P0C0L4,C4A,300660.7633,254287.2328,245483.2167,233470.5322,223596.8491,254145.1157,,6035.503616,5874.856433,279302.4655,246291.3427,271079.6715,268485.7816,242186.9311,252385.7461
P0C0P6,NPS,224139.7656,219835.3906,210597.6094,172634.8906,183396.2656,199342.1875,158430.5312,118945.3203,132283.2344,213538.0625,193224.4844,275924.25,247001.7656,187368.3125,227168.8906
P0C1Z6,TFPT,,,,15906.4248,8585.450195,17302.38672,,,,11190.9082,24213.91406,,,8336.351562,13928.61035
P0CG12,,3536.508057,5012.63623,6536.771484,,4954.672852,7911.231445,,,,6273.40625,,5066.748047,2082.656006,3942.950684,4982.654297
P0CJ78,ZNF865,,5552.412396,2497.318313,3372.113443,5634.663985,5934.18858,2214.400032,,,14785.89616,15457.46585,14040.48242,4289.394602,9424.975586,9772.41387
P0CK97,SLC35E2A,,13719.19922,11952.68066,,,15694.6123,,,,8403.476562,8164.865723,15351.90723,9039.402344,11746.10352,12901.13672
P0DI83,,,4663.87207,,2978.584717,,,5957.996582,,,,5074.291016,3743.96582,,4078.374023,10485.50879
P0DMU3,,44314.77344,47562.25,39529.02344,33307.12109,20848.81641,50103.60938,29703.63281,27812.69336,27729.28125,34462.62109,39696.15625,57215.75781,16585.875,29771.99219,54113.69531
P0DOX2,,,,,,,,414361.625,320756.375,434803.3438,,,34122.18359,,,
P0DOX3,,,21269.25195,8936.894531,12694.34766,19821.23047,8518.779297,813379.0625,507322.3125,489847.0625,14165.1543,9450.449219,8079.878418,15633.7334,19347.45117,17608.92969
P0DOX5,,25005.18945,43803.72266,35304.69531,29130.84375,75761.5,71953.78125,527916.375,473793.0312,507543.8125,86386.25781,30745.63672,14382.1377,67242.34375,,17449.01758
P0DOX7,,78894.95312,88169.59375,115487.4688,79867.89062,83304.90625,63938.71484,111942.7578,65793.75,58520.89062,59077.30078,73052.65625,75848.53125,58782.26562,59111.75,84308.53125
P0DPB5,,17714.53516,45383.08594,47676.09375,19268.5293,44291.16016,43209.93359,68013.59375,32092.93164,58924.76172,46123.31641,37546.94531,50437.71484,47067.79297,47059.35547,40594.01172
P0DPB6,,,,,15196.01367,19050.86719,23569.26367,,,,22162.46094,24181.75,35828.875,25690.06641,22661.76172,19288.89453
P0DSO1,,31204.25977,30863.29297,34625.85938,38735.32812,28138.69922,31993.86719,17860.28125,21363.33398,18763.55664,35945.44141,35229.01172,34941.25,27505.42969,41012.20312,31618.49219
P10070,GLI2,8656.763815,24609.23405,9305.166759,4635.014,10880.65083,10312.07265,,,,15818.90605,25104.26794,22507.85987,20241.96143,17439.59458,20615.21378
P10075,GLI4,,,,,3093.4646,,,,,,13487.6875,10277.44141,4974.873535,9935.28418,11104.91211
P10109,FDX1,,,137049.2969,,,,,,,,,143191.1562,137932.6875,,
P10155,RO60,6522.765625,19089.98438,4703.019043,,,,,,,4351.302734,,11019.28418,9908.094727,,10662.63184
P10244,MYBL2,9295.33658,13833.12477,8962.449991,10056.84122,10582.36213,12266.57926,,,,8970.064216,10426.02742,13494.90925,17850.28618,18198.79876,25142.57159
P10301,RRAS,3478.838793,10942.51289,,2866.228848,20605.58972,18067.12313,4529.060459,,,17282.14307,18329.86404,17982.50797,4005.057214,4975.486212,12288.04298
P10398,ARAF,11241.33008,26566.11914,17840.18555,29730.44141,21932.2207,36054.08203,,10294.05762,12919.59961,29444.95312,31101.67773,37846.34375,30635.88672,31910.95117,
P10412,H1-4,54079.04688,89119.59444,33724.59912,48172.125,60735.80495,55128.32581,3167.09813,1082.39443,3986.827771,52484.40234,82592.14844,69647.96094,123648.9688,127052.2188,152892.8438
P10586,PTPRF,18812.90234,13830.41797,40773.09766,34166.75391,35154.5,31276.5293,,,15549.44727,16855.40039,12562.80176,11151.91797,22365.80664,20963.96289,37258.76562
P10588,NR2F6,4931.24696,8992.55138,6446.082277,4488.640311,10287.82148,13119.4183,,,,21598.86245,13905.58807,17694.6396,13755.12044,7557.900603,5704.745407
P10599,TXN,15101.33607,6781.729463,21540.96401,6185.749556,11181.17435,10811.07876,12229.84872,43087.58186,13457.01167,9145.952053,11512.80628,13396.36715,9630.284108,13280.73579,12756.50764
P10606,COX5B,50008.01562,67920.26562,100964.4062,75023.41406,95864.6812,67500.1757,,,10101.5332,80744.65538,66005.7825,94287.81559,33679.46875,19869.06038,70269.95655
P10619,CTSA,9729.918634,2064.369055,7233.916774,,3643.080881,4300.645157,9883.936043,3721.754716,4597.440188,,5752.969849,2975.350311,4598.937193,,14791.74246
P10620,MGST1,,46445.24219,31427.23633,,,,,,,16750.29688,30556.86914,40088.875,31395.65625,24395.89258,22443.73047
P10643,C7,20386.57378,18109.34264,3409.655497,4192.687746,6314.260404,9502.839844,8790.810023,,6267.697973,15595.86901,10094.20117,15973.59738,8878.105469,9234.626953,5708.628906
P10768,ESD,27109.58398,,,11104.23145,9047.527344,32828.03125,,,,20015.18359,19612.53906,,,26261.1582,30274.99805
P10809,HSPD1,31128.86201,59899.72397,42888.4082,22130.58642,54026.4388,39113.24637,7788.638197,4418.449575,5512.598893,52233.20312,49193.89953,46904.87935,30232.9786,23523.05083,33203.47658
P10827,THRA,,,,,,7142.366699,,,,,,,8551.563477,,16582.01953
P10909,CLU,22485.86734,24330.78398,32849.55322,14647.20687,19617.93555,14918.67969,908.8228316,4124.228697,869.6730841,14321.51357,15280.88346,19701.57061,9043.113698,12835.78891,11221.08186
P11021,HSPA5,29716.48623,58151.99219,79324.55633,22857.37386,34277.34746,31466.35537,11061.31328,8034.699699,10754.09964,38467.33946,47134.02011,39264.13498,27152.50753,22151.49353,37821.73496
P11142,HSPA8,19572.21765,47038.72058,51486.89343,22222.43787,33243.01572,35729.71452,3410.493197,1498.410132,1472.232422,38862.06474,38735.62224,39794.799,26914.45585,20859.33612,46504.04102
P11166,SLC2A1,16631.06996,41626.75015,10971.67236,,21098.11079,28411.38338,4800.561591,,,30382.42779,17063.58426,32731.82957,11577.33182,14890.59638,17344.742
P11233,RALA,13265.32227,22122.69531,34839.80469,31672.01367,63877.3125,68903.67188,38660.27734,,,113128.4453,100558.5,52142.07812,29543.83203,29382.70898,57650.9375
P11234,RALB,,13668.95898,,,36215.88672,38663.58594,10267.91309,,,41404.09375,38704.36719,32247.3125,9717.984375,,25903.69531
P11279,LAMP1,33503.18162,8580.635575,13563.93076,,9431.640442,9650.965227,17862.78423,,17417.51072,10974.80072,18837.52755,13711.29105,12642.22114,8123.768406,11611.28065
P11387,TOP1,81696.49712,144680.2533,79694.06628,84095.22487,126679.1878,136161.8038,20725.54052,14045.55961,19312.4154,146780.3764,174131.5081,175862.8365,136852.3831,128704.6073,200737.3071
P11388,TOP2A,47115.68086,97469.62639,44039.76462,85948.07733,126512.6039,148636.4942,6766.513335,1951.366977,7206.478276,122230.0736,160570.9275,143515.7457,156270.24,150602.5938,239225.2296
P11413,G6PD,,,,,,4644.831055,2976.320068,,,9959.357422,,9589.765625,,,
P11586,MTHFD1,19438.00749,43308.02092,38567.6024,10704.52662,28959.55555,18649.41351,4301.586856,3203.044738,3141.745422,16380.66294,10539.24355,10391.01879,7878.858881,4465.408658,5699.02323
P11802,CDK4,,221190.8438,238159.4688,181407.7188,216945.7812,,,,,229965.6094,183480.6875,265755.5,279479.1562,192075.5,231632.2969
P11908,PRPS2,,12744.19727,12306.57715,,,,,,,13479.65625,,,,,
P11940,PABPC1,14354.60811,30411.15355,13848.95942,,17580.06247,19068.03777,,,,28598.35296,6377.00819,14521.61667,,8708.286316,8618.423333
P12004,PCNA,12633.8769,28120.52876,8862.599505,12207.64965,32882.55457,24327.8257,,,,24248.32757,32811.43577,32180.28749,37253.24967,26425.26354,37012.09218
P12035,KRT3,6359.057162,3916.047615,50619.73932,,4279.647015,,,,,,,,,11187.0067,
P12081,HARS1,12285.44116,14618.60339,,3997.457108,21292.14175,22410.75138,10556.19063,,1869.360762,9823.408955,,,7520.832041,,
P12109,COL6A1,,,26737.13281,4718.836914,,,14018.47852,,,,8316.363281,8419.59375,,26655.66797,15696.87598
P12235,SLC25A4,,,,,11379.42188,17785.13477,9657.035156,,,20667.74219,,18410.33398,5415.722168,,8782.818359
P12236,SLC25A6,45904.53125,48719.26172,62195.35938,34485.0625,72776.94531,101714.9219,21660.70898,,3505.564941,71134.0625,75366.60156,49905.89844,51830.30078,27467.28516,75308.30469
P12259,F5,48715.39169,31446.98841,37354.51435,18188.4428,46766.69613,41147.45173,7887.353004,8898.342234,19962.41002,48562.29794,29107.90631,45299.68676,46357.64192,30097.84058,44591.09724
P12268,IMPDH2,,,,,,,,,,2918.339844,,,,2396.996582,
P12270,TPR,6769.742159,15567.17649,7895.954806,12305.15557,20975.85327,16025.27211,2738.326271,2154.829176,1156.30479,37334.31363,37680.92934,29454.88036,16060.84858,17744.2321,27606.30357
P12273,PIP,127030.7621,36383.71888,90127.1464,27622.84138,107204.1265,61035.04638,99826.41406,60645.91986,114431.3022,71122.71064,79106.32812,79938.79875,106770.1419,62668.27987,71715.16625
P12277,CKB,4389.567871,,78460.95312,,6264.814453,,,,,,,,,,
P12429,ANXA3,,,28051.30718,,,18733.81261,,,,9441.358559,,,,,
P12532,,33453.99219,25059.38672,73369.50781,,18357.60742,,22549.96875,,,22830.32227,20285.99219,14386.86914,,,
P12814,ACTN1,18089.82491,31652.70196,15900.45629,7473.620615,24018.57523,18510.51442,4198.926269,,,26641.2565,18659.66367,18112.22838,16444.47925,14526.40918,24539.53349
P12955,PEPD,,,,,,6559.290178,111491.1009,65782.23166,105360.4207,4120.644503,3813.12165,5256.058323,5074.914876,3634.443435,
P12956,XRCC6,47932.93819,126135.9591,60767.54756,53066.85801,113740.2364,115379.1484,9160.682297,2024.520546,6827.321943,137315.5239,150169.4073,161985.8281,109200.5197,109282.1386,176736.8457
P13010,XRCC5,28990.22682,80241.64557,37486.96276,34765.32786,77854.69238,72998.73019,4241.203374,1923.45277,4288.881201,95597.92256,112973.087,105977.9284,70763.00887,68372.27616,105563.4982
P13073,COX4I1,9452.37207,12354.67285,17149.01953,12330.12305,5666.819336,9071.404297,,,,20939.08203,19177.24805,11463.54688,7729.719727,8363.407227,30395.79688
P13378,HOXD8,,,,,4207.346191,,,,,,,7986.954102,,,
P13473,LAMP2,41581.34766,6321.142578,8497.558594,,15670.33301,16564.24805,,,18586.55664,24109.69531,11274.61328,21173.84766,19808.75,13330.42773,
P13489,RNH1,2012.220459,2498.600457,56165.96875,,2938.868812,,2634.787109,,,,,,,,
P13591,NCAM1,25971.13899,17638.26292,18450.27339,15447.31551,27813.67981,15321.58592,25906.51799,18455.9881,23790.49497,16438.68185,19907.48143,13777.88178,24373.26014,17365.65662,12748.94917
P13611,VCAN,30629.58594,73601.32031,28383.8418,10881.32617,59163.90625,78480.98438,16249.16895,,,104556.5547,126138.1328,99905.21875,137105.5938,146363.6094,136284.1094
P13639,EEF2,27333.68504,43959.39022,79090.73747,27612.35202,51716.92319,48230.30947,9351.531281,4706.709841,5973.048199,31932.74247,30431.85023,30406.70202,22624.91211,18591.64634,20635.28813
P13645,KRT10,341234.1623,71123.09111,189544.4806,46205.76955,139997.9283,205386.7148,209273.9182,253149.5045,201647.4235,88685.28302,326839.6927,162043.7486,165467.2378,184073.4265,251170.0195
P13646,KRT13,35540.5372,4835.945931,2781362.195,27933.70192,77342.98807,34373.95527,21261.08493,23280.60475,6123.410894,3096.524219,23013.27936,13910.36919,5864.026076,34839.33372,
P13647,KRT5,335870.0268,112211.7927,350915.3586,151576.608,162249.6768,225923.0734,248286.0845,211795.4286,247355.9942,98316.76945,307240.4883,166939.0267,216923.06,153974.2819,211412.1496
P13693,TPT1,,32778.03516,87961.71875,28798.67969,19610.23633,,,,,,,,,,48846.88281
P13796,LCP1,14133.2461,13409.03906,9463.688477,,14126.05292,14324.94335,1942.223145,,3082.998831,11775.34668,5708.916898,16545.90443,12846.62793,9541.025213,13149.61945
P13797,PLS3,,,59899.63672,,9228.564453,,,,,,,,,,
P13987,CD59,21020.6543,,26375.22266,19156.25195,,,,,,10714.02637,26180.69141,29818.0918,,,8482.147461
P13995,MTHFD2,8879.172248,24877.2517,9979.134701,17335.48558,47299.36719,30656.6486,,,,11918.82921,10332.10727,17101.25726,11218.23108,14214.8768,21598.41875
P14174,MIF,62698.18099,52148.17853,37992.42682,32212.53266,99679.74056,91362.62532,46774.61116,19072.09688,20587.22811,75906.98822,82266.21633,61014.07085,42152.16148,22155.53734,41609.68668
P14316,IRF2,,,6419.88446,13342.91299,17156.8785,19979.61944,,,,11952.72414,13270.56124,16050.86965,21462.71044,12776.81041,17020.16384
P14406,COX7A2,,15738.375,49019.56641,,,,,,,,,13997.64941,15450.39941,,21797.87109
P14555,PLA2G2A,92555.375,80235.39844,105874.3281,116958.9688,58678.59766,56926.46094,,,,59451.49219,79704.75781,66078.88281,54712.83984,69509.95312,75147.34375
P14618,PKM,32775.76897,43781.58953,78903.07164,36185.95115,66393.8005,58377.53546,9050.042182,2845.842028,7227.216818,44852.76125,44330.23266,40538.9151,32197.13927,23868.23094,28493.42449
P14625,HSP90B1,2790.943633,4210.801067,19245.99232,,6365.529553,,,,,5113.457322,8278.786027,4429.133794,4824.583714,2923.125002,3692.642421
P14635,CCNB1,8320.365868,20580.14628,8965.269032,23687.62887,38697.08849,34767.87454,3379.805402,,2093.742907,15229.77141,16308.63022,13351.18438,22528.99488,20717.8789,27050.7612
P14735,IDE,,,,,,2892.773438,,,,,,,,1174.832031,
P14780,MMP9,99559.53125,104900.6875,76493.14062,37359.48828,96130.71094,101591.4375,90285.01562,63647.3125,107406.9531,95250.63281,84243.26562,61515.5625,104082.6406,81234.125,69935.34375
P14859,POU2F1,,2465.719238,12412.71289,13719.6543,26167.08398,21954.88086,,,,15912.33301,15456.38281,22548.00977,9629.398438,8323.584961,9324.750977
P14866,HNRNPL,151399.246,267444.7847,115299.7075,76602.17411,201009.6704,233562.3862,27515.72667,8175.350425,27749.00006,364277.509,405404.4536,387673.2594,288352.9185,252722.7354,378601.5588
P14868,DARS1,,11633.4541,15252.72975,21540.94433,52907.40647,48306.28495,6721.836639,,5031.071275,26347.45169,12747.82188,14634.15309,15570.82926,11515.83596,13876.24439
P14923,JUP,68130.59862,29341.57246,89980.30412,22213.97812,34586.52328,48355.13994,33542.84671,23626.06041,33032.12623,24200.87251,47703.38642,33863.86628,42916.39965,22628.66956,26660.50602
P15036,ETS2,106889.0391,90969.34375,99749.32031,58283.37109,54500.01562,65935.875,,,,56347.22656,,56967.39844,57771.35156,58333.00391,25529.43555
P15104,GLUL,,,108747.875,,,,,,,,,,40834.19922,,
P15170,GSPT1,,,,11193.11914,7229.283203,9128.804688,,,,,3105.505859,,,,
P15291,B4GALT1,8599.304688,7352.505859,15159.3584,,9572.087891,8941.486328,,,,9311.708008,5414.918945,13942.12012,8100.004395,11085.02539,14176.71094
P15311,EZR,31810.72313,73626.9171,52859.62626,26360.50987,48382.36905,45892.49693,6839.078303,4737.740403,6064.575937,16425.92107,15867.9654,12452.06556,10288.86357,7590.318013,10404.98811
P15336,ATF2,9674.090987,16341.55687,8687.401505,9148.007812,20438.08984,13933.94435,,,,28169.25499,32955.86328,27671.49414,12523.83165,8531.878789,24239.04799
P15408,FOSL2,5537.591586,21054.59698,11100.74499,9307.457609,18070.72355,12572.60722,,,,21975.50708,19064.97054,23891.08321,8264.778176,6173.415765,14520.2475
P15531,NME1,4654.382324,12153.73242,11682.22754,6998.550781,24126.47266,19846.93555,,,,15059.42871,12527.88574,14360.21289,9243.685547,3691.640625,5929.34375
P15814,IGLL1,849749.625,707540.75,759113.375,1007266.688,629924.625,421010.3125,867272.6875,929509.875,782312.8125,691592.9375,696543,673967.6875,682621.625,825907.125,884382.5625
P15880,RPS2,40195.98945,82964.36014,44227.86059,26152.79257,49927.64775,36014.84375,9621.148401,2287.622568,5362.248599,48843.16192,42500.37043,47068.41406,27051.26984,19649.36246,29650.85547
P15907,ST6GAL1,59655.84375,55512.57031,63050.83203,51781.92188,63560.11328,61429.34375,69064.90625,63595.15234,75577.36719,59646.45703,49855.07031,73311.20312,47367.82422,51089.52344,23976.54688
P15924,DSP,43767.28979,12671.31429,80630.23087,17666.02266,20318.20992,29418.00441,25444.83468,16675.54482,27349.19466,11779.03596,30026.63161,15846.26866,24343.28822,14229.50554,19863.37592
P15927,RPA2,15711.00689,37019.0625,20777.4083,31058.56662,29760.81055,31696.48438,8351.532677,4081.595258,9878.0077,25560.78906,33359.23943,23731.55745,34374.99219,16511.78361,27074.61664
P16066,NPR1,105825.4162,118298.1494,118498.274,109013.8248,105386.2549,92370.59778,120096.0439,104966.4551,108202.7405,83262.00154,170587.5692,95998.3805,92085.65499,130031.1955,121001.7533
P16070,CD44,3943.152091,12787.54084,,,8892.752211,5949.17063,9090.279816,,11141.61005,12270.49619,3729.333418,12566.22095,2919.976074,,4465.235133
P16104,H2AX,111124.4036,176887.2704,119452.8707,179973.1809,260124.2347,235806.3143,40383.16154,26216.99957,47448.86933,275441.826,303822.1775,335879.4052,258101.7484,276000.1992,426783.2431
P16152,CBR1,18198.58594,,63755.375,,31332.60742,,,,,26116.69141,43829.67969,,,,
P16220,CREB1,,,,,62443.4375,63234.85156,,,,54776.99609,91394.78125,75174.3125,49335.37891,52214.11719,78431.71875
P16401,H1-5,7227.221154,2671.423568,60946.10774,6668.873687,6586.914385,,,4801.060451,1938.663725,,5445.234628,,2958.318118,6707.44891,31748.58946
P16403,H1-2,15241.60305,34321.503,32592.19876,4618.279936,20513.49713,33931.26788,743.0698352,225.976592,,36468.95029,29959.96484,54259.05392,13842.31055,32983.43458,46500.99841
P16444,DPEP1,40662.42969,,51200.30078,23895.94531,,,,,,,,173743.4219,,108342.6406,
P16615,ATP2A2,4811.929686,11971.92451,18546.06604,4806.225818,15568.18954,15768.42116,,,,14399.6486,21897.85561,12167.36068,11083.1665,13761.22468,15059.8605
P16930,FAH,35431.04338,22275.39846,23422.35909,29079.68611,42047.77018,44445.14848,56156.76434,62752.0008,51238.29487,41739.65952,36970.13044,32371.05673,33662.4954,36051.13332,30077.07651
P16989,YBX3,80043.51174,77582.2212,70332.44079,40126.00231,44108.19154,32945.79259,34716.625,5120.249235,12359.82706,64949.26793,41981.25378,32871.25301,38272.60645,18170.2837,25636.37109
P17010,ZFX,,2354.54126,,,,,,,,4221.709473,6239.288574,7820.341797,2472.67041,3117.760986,3643.543457
P17026,ZNF22,7222.023354,15714.98835,6516.166481,12815.80034,18691.3887,22329.42987,4666.522933,1193.031105,3334.568887,30464.85646,34266.28257,30896.0904,28961.79973,23398.9035,38575.98938
P17028,ZNF24,,50632.66797,20539.00781,36647.81641,17462.33594,,,,,42786.78125,42888,57485.07031,15784.04297,23148.18359,30230.03516
P17029,ZKSCAN1,,10280.51713,,9822.837125,25936.70227,30859.66202,,,,26402.96521,27267.28768,36887.45999,13052.17024,15251.13475,24031.39572
P17096,HMGA1,205488.4578,382039.9275,226839.5783,286051.091,353742.831,313941.3036,88659.06766,76669.86407,91053.74964,577069.3399,729539.7651,543995.3424,394739.6299,412201.3552,685318.9994
P17098,ZNF8,12723.93848,,4476.141602,,,,,,,12850.68359,,,,,17311.67383
P17275,JUNB,3825.161816,8160.712734,3992.658264,9854.458601,15055.15515,17435.14079,,,,18274.47856,32424.54246,14002.67195,8006.766416,5204.991479,7328.700291
P17480,UBTF,10322.09835,19099.45768,6505.630953,6294.787177,18797.4361,21542.05638,1365.927459,,1519.113781,19325.56446,20131.54772,24368.23066,16669.6337,14971.04953,32287.41727
P17482,HOXB9,6733.007139,7404.466117,,8816.973633,24608.6543,13624.76172,,,3730.307775,14343.1142,19631.55664,11671.38173,17322.80078,24863.55886,38496.82812
P17535,JUND,11439.72322,20388.01172,9279.196862,9300.844638,24480.7832,16893.01882,,,,31486.16217,29166.3578,28667.09766,16964.06742,10643.76953,43016.13879
P17600,SYN1,106407.0703,94039.82812,71685.35938,63561.07812,152121.5625,81677.77344,96305.95312,98814.46875,113070.1484,82399.10156,81270.21094,62930.66406,85480.05469,86563.21875,74688.03906
P17655,CAPN2,,9189.251953,22428.92188,,,3559.50293,,,,8904.100586,6407.441406,,,,
P17676,CEBPB,8289.070503,24300.9371,9076.517965,19602.75679,31929.13636,21568.90476,,,,18080.76746,24196.47653,30558.67031,24446.51929,29281.18663,60248.76015
P17844,DDX5,185996.2337,372891.9142,207370.797,196671.5342,299979.2653,352800.5222,79000.12519,33930.27154,81212.53721,475745.6742,549728.5848,545255.75,362834.2724,326098.3032,498126.4915
P17900,GM2A,44154.05953,13977.53443,40983.93961,8420.432617,15343.86642,16381.15609,26368.29215,25671.25,24053.71345,21631.22852,23752.67383,16577.80959,25375.54777,12131.43016,23034.92448
P17931,LGALS3,33231.17422,36482.06004,106840.6751,35521.95115,57618.67126,51616.54286,67409.89465,30300.99992,62169.53793,50131.01719,50329.49537,35375.22033,36703.36926,43971.13622,34092.24607
P17936,IGFBP3,15935.15039,45414.66165,11128.2432,25331.88672,22141.61719,16545.06577,14662.15039,26288.85938,39784.27344,24786.88883,26644.02856,33899.92891,25810.00781,17859.60797,20641.4205
P17980,PSMC3,,9032.744141,,,5032.060547,6907.987305,,,,12146.37891,,11028.38672,5136.739258,8092.411133,4511.07666
P17987,TCP1,3008.360508,6831.97998,12128.72508,2823.752066,12045.82525,7319.965173,,,,7857.645138,5779.173939,3993.69537,3014.09657,2189.567365,2218.729471
P18031,PTPN1,10557.22461,24878.04492,,,6194.443359,8853.921875,,,,12006.73242,,,10528.71289,,6758.016602
P18074,ERCC2,,7773.250181,,,8192.718186,,,,,9140.004524,14948.94592,11088.83837,,6763.196102,11647.68951
P18077,RPL35A,101733.1562,154732.8411,114118.4347,66425.56088,104884.2399,111744.7653,44413.52258,17298.96361,28072.28715,113111.4602,126831.1866,116993.3013,82212.15113,73979.35277,103822.3824
P18085,ARF4,10065.89941,10790.79492,30840.87234,7054.775994,16867.38932,17329.1356,,,,9226.910156,7475.890728,9916.814453,8792.375977,7641.138008,13242.03416
P18124,RPL7,95556.60966,188510.1655,139805.69,94258.78094,156147.9807,149852.3465,15664.45501,5430.174241,8804.297422,183430.2985,183301.9422,186066.1339,108970.9872,104411.627,154711.1329
P18206,VCL,23820.97732,19950.32444,28649.48623,25259.51196,23368.01988,21103.40728,10901.97142,11503.45576,5252.262718,19268.85056,26624.13111,22510.0332,18457.00103,18959.15067,11764.1104
P18583,SON,22376.67191,51663.07643,26133.53293,16962.83901,31958.34775,40037.4855,11365.65321,4050.189018,10261.02209,81035.21649,81768.90234,66675.78613,55208.65119,51820.91498,77108.08378
P18615,NELFE,3398.350589,10180.25012,3390.769576,4399.99733,13869.93899,11004.21096,,,,7307.896172,6127.667429,9610.797714,6667.699588,8759.404261,11771.81836
P18621,RPL17,91297.74432,160400.0312,118659.6954,45784.92127,127956.4688,109506.3149,16918.98992,6224.198231,10637.43974,139478.8281,122229.2994,140567.1478,85043.44303,67836.76562,113628.3359
P18754,RCC1,91446.6792,171018.5043,81534.01391,70560.58309,161061.0397,168429.5268,17124.83828,6122.429215,10731.2862,172948.6816,216794.2887,211364.437,165596.9188,175432.1896,278607.2817
P18846,ATF1,,45776.42188,19861.00977,42222.59375,55331.00781,42927.12891,,,,43473.47656,43243.01953,42835.31641,40731.07812,36401.14844,53231.36328
P18847,ATF3,4018.45459,24082.09766,,4768.29834,32323.03906,17858.56445,,,,30060.88281,39051.42578,40853.06641,18333.82422,18474.38672,35086.08594
P18887,XRCC1,13104.1595,26656.52419,13072.05887,21984.26699,36325.99876,37813.79811,,,,40979.09473,40287.05773,54166.8866,39354.1155,38912.30979,58230.06781
P19012,KRT15,16181.1158,,701682.5117,,22315.15372,,,,4476.746137,1861.484585,10709.98543,29918.77028,7203.820692,,
P19013,KRT4,5023.932965,,563486.3221,1806.920218,58889.33066,15584.93446,1662.235537,8184.027428,2339.89193,2291.739706,21928.29311,3810.350105,2993.337089,8864.923604,
P19338,NCL,42757.68348,77043.81497,47697.86526,39962.25668,61781.53017,92802.1999,5564.876371,2541.664679,5012.589625,71569.6351,80620.0864,90547.08594,58164.6993,65340.89472,90278.68817
P19367,HK1,22103.27022,54924.8751,27680.19987,14867.90471,38031.9085,43092.86962,5441.224988,,4347.933586,41742.18433,43657.57943,48942.19435,30294.09939,20906.08994,41619.92457
P19387,POLR2C,7700.585533,21292.22461,7310.247848,6544.571297,12883.15693,19057.16992,,,,28466.67188,39077.47656,27838.37706,17501.62351,21714.12555,21465.2958
P19388,POLR2E,15400.90732,25535.82864,13348.10763,19755.26124,38174.27535,29900.63867,5432.427761,,,50970.28637,65650.57641,53620.85156,33067.9051,37362.39844,55280.44339
P19404,NDUFV2,5077.836347,20764.30676,,,4771.989273,9923.435902,,,,16185.8922,13968.60252,15524.32347,10061.15189,,16299.85026
P19447,ERCC3,4870.900818,15289.70917,5440.34642,3279.63774,7006.924736,15400.40313,1408.029448,,1500.429608,13991.92698,29594.82822,17321.35175,11959.23927,8940.29535,19773.84094
P19525,EIF2AK2,9392.521981,20488.32073,12719.5616,6928.51223,26012.38996,25151.63461,1457.458737,,,27791.70507,24279.02568,26144.07826,19694.10948,16865.1222,24627.36781
P19544,WT1,,20348.25391,15056.62402,2344.262207,7960.34082,26938.76953,,,,27287.18555,25463.31836,25679.87891,,6410.99707,
P19652,ORM2,126342.5058,106422.7578,37834.35938,8274.411524,599.7620889,24165.66602,28108.52734,4882.081899,26639.03711,14182.37014,10603.0417,19013.65959,26910.79688,16447.35264,13970.77015
P19784,CSNK2A2,,,,,7020.020508,,,,,5204.662598,,18697.75391,5043.972656,7051.095703,
P19823,ITIH2,25795.42376,30485.36498,14437.46886,10539.75805,12075.10626,15618.97249,5716.026267,4781.509093,8281.041135,10601.24355,9793.632425,13940.86043,13407.79721,12156.68651,8676.320689
P19827,ITIH1,23632.99645,43780.39083,18775.91211,4897.984765,8222.346737,5657.572766,6596.086083,4989.901263,4992.487816,4990.053007,,4845.560812,5993.09497,7114.449624,5277.764911
P19957,PI3,,,47073.73828,,7776.831543,,,,,,,,,6867.580078,
P20042,EIF2S2,10208.09105,15163.99824,8665.832435,29166.2125,46559.37227,51349.288,5286.282836,,4245.39655,23470.49676,20799.07355,17436.4806,17430.89632,22531.24053,33435.17707
P20062,TCN2,78293.85156,,,,,,47753.39062,64956.46094,66451.51562,,60079.85938,,61548.99219,,58505.22656
P20073,ANXA7,7251.122559,16237.89746,27184.98828,16334.16797,11821.75391,10480.89258,8124.51123,,,10224.50488,12203.11621,,,,
P20226,TBP,,8876.46875,,,,,,,,,,,,5417.959961,15097.46875
P20290,BTF3,3180.228546,17387.99974,5611.901076,15345.78448,18001.05422,15873.89599,,,5446.080313,13889.09496,13713.30674,14915.73454,3156.473813,3699.257204,10406.91933
P20339,RAB5A,31707.53125,21099.12109,182125.4375,43015.3125,27678.45508,19512.31641,,,,95653.70312,58071.30078,45986.13281,61096.17969,,46125.28906
P20585,MSH3,,,,6036.988281,4174.606445,4191.581543,,,,4846.453613,7198.476562,4100.625488,,5841.592773,8784.958008
P20591,MX1,75637.04688,63796.21094,,,,78138.53125,,,,,,,,,
P20618,PSMB1,48302.55522,,24933.13908,,,27766.17039,,8635.105573,,14310.16954,33185.9416,,36938.87315,,
P20674,COX5A,,,46137.59766,,,17364.39453,,,,,18962.83594,,,,
P20700,LMNB1,206181.7046,411966.7765,215252.611,214273.9841,353679.3184,376121.0346,44496.89838,17743.16513,34061.57787,532125.4553,652704.3963,534295.3646,435243.0282,419473.8478,650338.0659
P20718,GZMH,,84661.65625,77074.96094,48332.0625,77413.125,82925.14844,,,,60931.45703,42255.07031,61660.71094,50628.32812,68434.32812,62879.26562
P20810,CAST,5083.263952,13179.88598,4036.455641,5649.763944,29085.72185,16940.39453,,1536.818064,2774.200653,5048.62116,5426.556198,,4143.0357,2458.033206,4516.830972
P20908,COL5A1,33741.96875,49532.73047,51383.21875,65147.03125,37134.13281,47222.67578,21663.11719,21043.74023,26812.98242,42228.50391,44752.62109,63896.91406,40351.27344,51714.44531,37477
P20930,FLG,14389.73507,3508.025217,9279.244611,3302.888046,6360.802159,5501.27804,5774.323821,8431.713668,8307.426803,5018.31471,12814.95036,5042.479862,7238.725427,5982.642577,5398.344853
P21291,CSRP1,38290.64301,63757.06087,36590.76136,63109.2803,96285.91393,81658.88251,12916.86071,5997.050102,11482.16455,73301.52853,59393.30709,50478.47589,22643.2374,17142.71623,25977.28034
P21333,FLNA,53674.73975,109379.1509,55083.23539,69918.72192,159239.7312,82387.26037,13346.23673,5184.29758,8400.408435,146312.7314,105419.7932,102074.3271,50585.72291,40479.6123,73208.76508
P21397,MAOA,,13472.11589,18478.10725,,8154.007154,,,,,,,,8989.583669,,
P21549,AGXT,,,,,,,,,,,,28326.32812,,,32557.23438
P21675,TAF1,4284.924574,10189.84604,,,18793.28424,5678.926528,,,,18640.1215,7310.003249,7139.592875,8603.365356,8563.154999,11278.56906
P21741,MDK,15947.73685,18755.4381,15664.93658,19646.41797,18841.44141,26198.64451,15352.48913,17564.39901,15826.80762,20390.23242,17170.7207,22478.43936,23741.95117,16024.70328,24315.78285
P21754,ZP3,23826.22656,46402.375,,23698.73633,40861.00391,37141.83984,,,,36255.3125,61463.625,45115.62891,,21364.75977,36531.75781
P21796,VDAC1,69011.6787,126443.7581,83483.97176,22573.05409,75692.37338,68149.55869,9115.54261,7603.367587,6391.99344,87058.12711,92375.55469,97015.93778,48808.69141,32055.82898,66663.87679
P21817,RYR1,9527.826172,6967.230469,5253.891113,,6992.202637,5714.339844,,2515.623047,,3532.551025,,7389.924805,9406.722656,3455.052002,4916.908203
P21860,ERBB3,,,,,,,674290.875,492858.7812,552184.125,,,,,,
P21912,SDHB,8085.001953,,14445.33984,,16701.51367,19011.2793,,,,25723.46875,18988.51367,21858.44727,,4372.523438,
P21926,CD9,15772.32812,23069.75195,39914.66016,,,,,,,25665.78516,,25792.36719,,25392.96289,
P22087,FBL,20621.63388,52272.62364,30895.34105,23300.18942,46493.34044,77937.04327,4462.631349,2272.875217,6031.419518,60736.51011,92548.62459,124116.5795,57212.68274,61547.63974,91689.84403
P22102,GART,16949.99219,,16831.93555,,4933.550293,,,,,,,,45394.25,,
P22314,UBA1,,,23183.23508,6418.710245,,,,,,6876.523903,7077.274495,9201.922975,,,
P22352,GPX3,44446.10867,46514.99207,24386.7411,6865.919955,35990.79001,40094.8787,51644.8038,24456.18342,46007.92571,49821.40538,19186.87019,50992.46465,45506.54263,33797.28659,43599.82811
P22492,H1-6,15524.71799,29467.32979,14536.02438,56168.49403,86817.65182,106853.6094,7393.220798,3160.273201,7838.152769,28249.02401,46988.97889,42141.32621,100469.6722,103557.7344,170196.5454
P22528,SPRR1B,13506.1058,,302550.1428,3305.725252,14616.38237,14515.78309,4602.725518,8904.015709,3016.938913,4942.080231,5361.236157,13318.01946,,,
P22570,FDXR,9626.543477,21523.15978,12549.62847,28499.47206,74360.3403,58906.18777,15348.79179,5774.642478,7600.575394,35410.49938,21170.23989,29098.3457,15341.33818,15893.04445,27186.59585
P22607,FGFR3,,78413.67969,35151.09375,70715.23438,54620.27734,76814.64844,100843.9844,88325.30469,75231.10938,45449.73828,47829.47656,41004.08594,46998.10156,73868.8125,39308.62109
P22626,HNRNPA2B1,292532.4806,531775.8125,341798.6908,381447.5095,590534.284,547235.2283,82557.76943,39435.11414,97751.31257,913119.6646,1124219.055,1153407.698,720690.4651,636912.6387,958531.9815
P22670,RFX1,,,13175.50488,,50256.51562,48899.33203,,,,32335.05859,17849.3125,36921.07031,25713.69531,24690.92969,25570.14648
P22695,UQCRC2,16895.87656,35324.87612,24037.03516,14783.30292,27646.70486,35246.18715,7861.589453,2576.224306,2983.752314,30511.92719,31800.69531,32998.9118,22954.46324,12419.36404,28864.9597
P22735,TGM1,33678.56743,12232.95279,53086.70854,6985.147382,9023.145117,16530.67209,20533.45746,11951.74972,13138.10097,6237.941614,24245.72843,14549.12844,22921.47587,11902.7253,18584.27004
P23193,TCEA1,19700.09105,29395.51669,14323.61248,24293.814,40978.67929,51407.31669,,,2923.049494,9657.061786,9197.942146,7461.546708,14569.21184,12818.37932,12437.54694
P23246,SFPQ,157805.457,315502.8044,162072.7417,153752.5567,248175.8832,268631.5497,44446.67038,12167.22374,48118.84668,423876.5962,467654.6444,432690.8609,305418.055,286876.2139,420742.6585
P23258,TUBG1,,27663.71875,12250.98926,3187.400391,23650.05859,25394.86328,9895.866211,,17058.29688,32668.33594,26320.48438,26562.80273,26390.78906,19839.42969,42228.76562
P23284,PPIB,153767.0165,282019.8629,177231.5884,173430.1692,313708.9075,322616.5732,35441.80446,14853.13797,32334.64108,117204.4053,127919.8951,145305.139,179289.8102,204200.4427,278912.4422
P23396,RPS3,78991.95228,166360.7306,95952.37444,52573.73922,86882.53216,69657.93741,18497.84683,5005.766869,7209.414442,91521.10979,84031.2732,82776.86082,50246.69401,42791.92421,59968.33525
P23490,LORICRIN,43381.97238,12265.16432,44921.5743,13856.57783,26605.05076,57965.62789,33190.01929,38272.23513,24487.87794,20796.75291,39247.96975,28231.58433,28069.11608,14249.26662,36892.44971
P23497,SP100,2455.237627,2512.356502,3071.512001,,4371.251439,5055.558324,2526.434887,,2323.856602,14088.80029,11785.92253,14035.27583,5916.223365,3369.828446,6538.761656
P23526,AHCY,16804.79285,16400.85742,21841.14258,13558.24512,21782.02815,28611.36328,16069.32831,6836.10692,7744.925151,23460.41797,43733.48048,36416.5198,16332.63086,23582.48438,29220.5258
P23528,CFL1,23496.55035,18367.60156,19373.2074,13819.92905,43810.77734,24301.14123,,,,25205.57031,23160.4069,23032.55216,8838.520824,10522.04045,8986.15607
P23588,EIF4B,5852.424913,14517.07661,7727.111021,11289.63877,17885.42012,16641.75077,3571.000711,,,8499.012469,5444.507563,8631.990513,3643.246244,3078.225862,7119.172464
P24043,LAMA2,,26774.36328,31865.35156,,23816.3457,14627.05078,24423.69531,11437.47559,8609.871094,26773.37109,22116.52734,16988.74219,,9004.567383,18395.68555
P24468,NR2F2,13915.19874,40767.28761,20090.50578,27685.80946,33291.45387,35185.15748,,,,49829.46064,39052.83945,56215.13732,39921.71356,37807.13478,47931.12708
P24534,EEF1B2,6896.779547,18120.00414,36756.21523,7752.481101,18544.13614,11081.20709,,,,6125.240629,6572.980204,,4779.680654,7134.260755,8560.8421
P24666,ACP1,10122.50977,22862.41016,33497.80469,,9444.991211,12099.63672,6239.12793,,,10863.04004,10509.02539,,,5864.811035,4985.11377
P24752,ACAT1,,,12435.11279,5882.829002,29371.3122,15996.19652,,,,,2028.816822,,,,7629.246861
P24855,DNASE1,,,,,,,13978.47266,20704.30469,,,,,,,
P24863,CCNC,14446.09961,13841.69517,9730.994169,11384.98182,13612.60175,6665.389648,,,,18917.52802,16379.54946,10429.33155,6954.228829,10884.60258,13423.42053
P24928,POLR2A,8078.667137,15246.02164,5792.489888,10336.98044,15647.90405,13603.39139,1981.58633,,1442.872632,26720.08917,26915.51714,22550.42002,19033.16748,16893.6655,25890.42811
P24941,CDK2,6578.125462,24000.87002,9783.326466,23224.24967,34517.16322,35384.737,,,,17185.19782,16339.02238,12804.30732,18590.61962,19051.77064,26786.53901
P25100,ADRA1D,3149.269043,,,,,5598.100586,,,,4046.246094,,,,,
P25205,MCM3,15872.15453,35329.14281,15363.94976,32388.67559,54023.48666,46542.12395,5180.429698,,4160.900433,48657.98238,56284.33059,52747.21252,36368.09687,38748.94748,47742.86937
P25311,AZGP1,56823.80469,21142.14764,42519.98225,12970.90689,27918.53451,31029.60156,41372.14844,33364.67269,45119.94141,25049.41999,39494.41947,24877.54602,38717.37891,24707.39501,30424.98767
P25398,RPS12,102675.4953,232178.0928,127427.0559,84217.38947,110743.1202,104171.1047,27793.62329,,28271.70996,106932.6024,111635.4569,118080.5243,87340.88603,78353.06689,119668.8138
P25440,BRD2,6864.321705,12657.32773,,8756.066301,18913.80061,11074.0362,,,,24124.05469,26721.3443,31429.69785,22139.19727,26286.29801,36016.76172
P25490,YY1,64641.29757,150206.962,80084.95274,104553.9497,129066.5964,123218.6168,16714.36021,,11957.87755,200873.7955,214764.3612,206380.2981,156571.8361,146216.5998,222167.2915
P25685,DNAJB1,8391.440564,6852.376776,6610.280494,4237.225512,23614.94516,20493.10197,1891.328292,,3039.759119,4309.220119,4331.371991,6387.867191,,5477.030559,4683.041847
P25705,ATP5F1A,18156.43949,36542.71561,48489.36521,19597.32862,45069.22089,32285.10545,11533.08408,4293.527503,3710.482417,31532.35806,48570.12715,33465.52929,9207.9572,12801.45591,25892.19251
P25786,PSMA1,25334.83618,13094.2809,13475.36522,6278.242978,6968.414669,7099.264185,7446.489808,,,10834.96072,14662.96588,5324.596011,22978.46484,8308.673193,9655.411754
P25787,PSMA2,7469.848145,,9228.157227,,4509.214844,4981.433594,,9461.770508,,4376.260742,11689.61328,3493.344482,9324.881836,6959.052734,7914.962891
P25788,PSMA3,20955.24235,3259.205687,11946.41231,,10188.19816,10407.28109,5552.249254,,7462.353644,6438.562158,13811.24047,9795.341779,10125.74808,,5725.137663
P25789,PSMA4,22946.78985,20779.91472,15522.46175,,12615.96371,11045.91535,15897.70224,,9435.03937,12093.35651,7900.146484,6087.180316,8728.477491,3076.628345,13064.54223
P25815,S100P,6860.148926,,18798.68945,,608.5994873,4055.250732,2387.891357,9508.892578,1923.980957,8934.293945,2194.291748,2024.761719,6516.175781,4074.02002,
P26038,MSN,34857.79191,66683.958,46656.41585,78903.10585,134223.4795,110251.9562,19884.45705,9732.718209,10484.09734,63455.07658,55994.30227,55315.185,46424.9683,44289.72743,60722.11314
P26196,DDX6,3057.310032,23379.25356,12596.32524,7621.157987,11847.27284,18708.14009,1981.601871,,,21392.52041,18931.40955,23459.6618,14077.00351,15745.27408,14922.01881
P26358,DNMT1,33358.24671,70416.25827,30137.51569,41394.75489,78304.38765,93789.77654,9685.382727,,6707.332066,72346.93853,78311.59959,78811.35752,82654.24219,81147.26544,117365.0922
P26368,U2AF2,63989.75595,135723.6131,61270.97173,68466.7249,136739.6266,148489.2146,20533.75369,5229.102064,18026.57525,174269.7356,198940.307,177940.074,134066.4356,134032.1285,198231.4257
P26373,RPL13,108219.6377,192356.0795,134940.8278,99206.6139,138422.5596,141425.7313,32020.11572,11687.82662,18545.69019,143443.5169,158020.1209,165679.9101,90513.82765,96149.3384,136299.264
P26583,HMGB2,85015.8139,145504.103,78001.71254,488395.263,684887.0465,653704.9317,51751.78852,16354.99438,71579.57455,266907.4315,268035.0521,392811.4883,321494.8705,441210.7073,618402.4411
P26599,PTBP1,40879.28943,66629.80329,22435.10311,18901.62009,64487.02784,72870.89239,10439.67872,3709.656014,8448.349837,117041.418,120600.5983,118599.0556,73970.98478,65597.41608,122431.1917
P26639,TARS1,3966.328893,6783.365619,3576.800984,,22697.36298,16063.45832,2193.50273,,,,,,2682.834842,,
P26640,VARS1,,4011.907715,,,,,,,,,,2484.337158,,,
P26641,EEF1G,35914.56243,72624.28847,73004.14755,14813.09974,45346.71644,40907.04219,11015.46071,4692.101121,5954.87538,26069.93762,31567.47214,29577.59859,21037.03715,19009.5726,23501.03516
P26885,FKBP2,,,34446.98828,,18367.08594,40056.28125,,,,,10311.88184,,,,
P27105,STOM,,,,,,3689.874023,,,,4044.588135,5715.350586,3066.760986,,,
P27169,PON1,137695.8438,142987.7999,120865.5382,52175.13295,119218.698,114664.4688,37773.85519,18098.493,26923.83008,121172.6451,108298.1335,133988.7721,126840.8002,120287.7656,113165.0781
P27348,YWHAQ,4986.461043,12964.08939,30997.79357,10390.79717,21515.68304,10995.88409,,,,6822.076647,10517.82513,4941.197513,4059.272541,,5478.367677
P27482,CALML3,15053.39151,8555.365993,310416.7222,,12920.52408,,18075.49521,11166.119,8966.735378,25081.81479,21269.2419,,,14954.93956,12589.0105
P27487,DPP4,11510.63811,10012.09071,8754.092052,,16617.4624,16329.63155,23295.14004,18596.68786,22022.04555,12365.77979,,,18459.46062,14973.66528,17191.73217
P27635,RPL10,94922.38684,241773.3906,168459.4531,79019.59375,172744.4451,121748.974,15358.53205,2184.05642,14940.56367,157177.8555,122664.9783,199926.9495,81153.69077,73256.48152,133233.126
P27694,RPA1,7442.463298,18350.15562,7706.869775,7022.883454,14437.04831,13968.88526,,,,15605.68359,17411.95976,14297.57942,10948.94949,10291.03198,15871.03839
P27695,APEX1,52667.48757,100212.7638,53971.20398,192570.0684,359135.2496,436570.125,22232.32707,5648.294649,28280.86825,154420.391,153972.9209,164021.8746,190285.6498,232342.9411,262986.4769
P27708,CAD,978.2364502,4813.302734,3059.034424,2443.188721,5507.484863,,,,,,,3800.628906,,,
P27797,CALR,,,56658.88672,,,,,,,5976.54541,,,,,
P27816,MAP4,22348.7603,50494.91671,30659.29783,25634.22418,48025.92216,32976.13293,4242.590002,3822.407228,4054.197275,26701.82841,22026.70774,17480.66058,15170.67653,13211.03418,22839.8367
P27824,CANX,4690.653944,8046.25518,27608.3063,5990.430932,2908.618389,,,,,2899.530508,,9105.511306,5025.703722,,7816.501093
P28066,PSMA5,22670.63718,12351.7212,33143.84739,7016.214334,8343.57003,14861.21225,14499.76012,6586.07869,11491.76636,17198.8677,24860.78143,8569.828997,12334.56173,5224.74988,13407.58862
P28072,PSMB6,66997,,50614.07031,,,41674.11328,38517.70312,37877.02344,11148.4209,32529.03906,54734.55859,36018.31641,41097.32422,27509.43555,
P28074,PSMB5,7884.550871,,,,,6341.688763,,,,,6474.814887,4681.435625,1906.042325,,5096.329942
P28290,ITPRID2,10197.5769,20971.25873,14718.97769,,17835.49618,,,,,9893.952304,12728.51898,17345.50798,,,
P28331,NDUFS1,9616.921875,27562.5595,14622.02912,3728.169939,18074.69022,14350.47882,,,2601.777034,18734.39062,17796.25391,23180.44321,19675.28189,9073.294005,16982.36328
P28347,TEAD1,21085.29136,52202.46507,16407.67864,6673.794392,35856.26172,43120.13155,4485.443997,,,47377.36719,47755.23554,57092.27344,44085.04145,45716.65772,78813.39844
P28370,SMARCA1,20474.76638,43232.33816,21093.70703,26585.11892,54124.38824,52922.25398,8554.627909,,5233.499846,63587.46762,66866.48912,62078.15283,76958.72852,71729.69948,108800.8832
P28702,RXRB,19370.4972,18207.14834,15951.95008,18323.97428,14010.92093,22109.4021,,,,30400.45421,33792.06572,23366.58066,21813.19564,19530.9814,24101.24833
P28799,GRN,2805.068396,4262.479601,10496.48485,4321.86322,,2962.885603,5563.821053,,4500.069017,11991.89673,11955.29236,7473.81565,,1957.435151,4200.54299
P29034,S100A2,,,147465.8125,13080.53711,,,,,,,,,,,
P29279,CCN2,3899.621795,4369.511434,3303.133321,6727.8557,13466.14004,12859.9211,,1507.972266,,29494.69935,40269.75316,20522.53317,8433.980084,13981.42817,16408.46493
P29317,EPHA2,5897.893944,20125.97254,6511.261179,9397.705915,15567.80497,10329.17391,,,,22971.45532,27651.78365,21969.48047,14773.18972,15884.52711,13119.24023
P29322,EPHA8,51173.65625,51620.03125,49632.82812,59437.47656,44314.58594,57202.91797,79928.57031,83855,,66096.57031,45415.48438,63895.60938,52887.88281,56190.22656,55151.46875
P29372,MPG,19392.71485,43796.79473,20131.78374,24132.56561,70364.74084,73550.03125,12860.61073,5445.656261,9897.339011,97367.76808,92283.08356,103034.5156,74043.54906,64706.45149,107915.3235
P29373,CRABP2,,,164537.3322,,,,,,,,7086.661105,,,,
P29374,ARID4A,,13026.36614,,8941.725614,18756.30704,10316.65529,,,,29450.40937,19099.83829,20241.15411,13820.84888,11969.43,25181.04646
P29375,KDM5A,6806.184108,12055.93715,7769.683609,6725.917585,18483.75149,15905.90939,,,4438.785947,24964.474,31175.42593,28571.69591,27001.78694,23456.31349,46264.19389
P29401,TKT,5430.145711,2888.609139,36448.5289,2684.268208,3477.71674,8877.87054,,,1882.421223,2412.604152,9894.967422,,3528.191164,2015.849912,2437.753078
P29508,SERPINB3,36265.06952,14455.52883,98406.54785,4491.869201,11316.23167,16347.83314,26016.49632,14905.69082,27096.73215,22197.57448,37779.92107,22262.03179,27341.72517,18582.81874,22343.18491
P29536,LMOD1,35186.46875,17951.65625,30475.95508,26369.67969,41088.23047,,,,,16571.77344,32468.48633,41161.57031,33362.91406,33084.07422,26503.57227
P29692,EEF1D,18061.82594,37697.23842,48140.36702,6342.060244,34328.52759,23910.07518,6327.070132,,,7734.137465,10012.25462,6842.416791,8886.725935,13536.08898,20142.80239
P30040,ERP29,,19162.54075,18738.29254,,24712.81248,12824.62917,,,,,,,,,
P30041,PRDX6,3570.287482,5618.136128,105425.526,7059.75407,9380.235018,6058.197845,4055.917916,,1900.927255,6769.257466,10501.21457,7207.940924,7709.25715,6368.729017,2345.770949
P30043,BLVRB,,3641.396001,34890.52505,2360.929494,7917.095327,6427.82362,,,,8927.755804,,2027.263954,4355.375247,1169.997133,4445.931084
P30044,PRDX5,,,79816.91208,,18915.19501,12117.81397,,,,13890.48953,17692.1226,11763.60859,,,
P30050,RPL12,57983.77598,125783.8341,59298.65687,27143.96402,75553.24744,66371.09819,9003.537123,,5299.183395,101608.6413,99643.11353,106624.2449,55989.49581,47778.03748,78110.54643
P30084,ECHS1,,43829.30078,29548.37109,29652.52734,47749.39062,40192.90234,,,153161.7656,45095.36719,45591.97656,16226.60938,27802.88672,46888.67578,26594.5918
P30086,PEBP1,18237.36133,9660.176758,27811.39844,,,13399.09961,,10227.07031,,,19400.35742,8029.954102,,,11273.39258
P30101,PDIA3,5388.764909,9781.892247,36852.00861,12666.14932,20444.4669,17932.83553,2939.843295,,1698.763186,10815.53035,9315.425175,7379.139686,6114.933059,5978.28437,8756.816787
P30153,PPP2R1A,7661.537628,22881.98792,29780.53289,4499.981043,14634.79473,8670.261431,,,,21185.33,16234.66699,21778.93694,12255.61542,6539.190701,18982.7473
P30260,CDC27,7973.289442,18401.823,5242.154052,6841.301536,15561.17005,20821.79408,,,,25266.47018,28592.95341,30394.60187,19279.94517,17951.89289,31534.14059
P30419,NMT1,10182.66334,18811.39576,13294.34229,14165.18246,30020.61133,29052.22236,,6050.786251,,24763.90829,17151.11328,18474.9326,8135.816656,8921.141143,15436.18014
P30531,SLC6A1,264597.125,178026.75,178779.8906,253823.8125,235708.125,233309.375,255973.5156,266087.3438,250803.2812,257147.6094,214513.3594,259545.9219,214768.5156,202040.7969,198287.0156
P30536,TSPO,28993.27053,76702.68088,58874.79922,,47446.3256,49673.09746,22333.23516,,,67312.03842,69852.61106,60844.89796,20779.40062,24238.41074,36998.68109
P30626,SRI,,,31088.85938,12016.3125,10213.38672,,,,,13941.89844,16002.15918,6710.946777,5981.603516,,15452.2832
P30740,SERPINB1,,5757.611696,42338.07087,,5259.963631,,,,3972.298375,,3671.26936,,,4721.342543,
P30876,POLR2B,17439.37205,33657.64836,14527.52575,17863.01567,31492.19846,34936.42885,6436.015869,,4927.703254,55635.10977,60864.13881,50057.14025,41235.29529,37401.24239,57631.01728
P31025,LCN1,11173.44434,,,,16771.92969,12484.64355,23602.17578,,,,,,15454.43945,,26007.95508
P31040,SDHA,2729.334448,6741.472168,2913.338608,6738.57252,20694.04221,10868.54644,,,,13951.27734,15278.36669,12167.34456,2305.921556,2286.488474,5946.307129
P31146,CORO1A,4500.148593,3667.455795,9148.184034,2079.896238,8444.092868,7605.303691,,828.3502435,956.7910159,3366.847645,3445.969422,2476.018175,,1600.477137,4209.781219
P31151,S100A7,129433.1875,83505.70312,206649.75,82713.1875,110546.4688,77698.0625,114299.4219,75732.1875,97391.85938,182222.5469,182039.6094,148233.1406,134913.6875,95678.46875,123803.9453
P31274,HOXC9,10850.2666,21216.67773,20415.57812,12129.38867,7916.383301,16804.97656,,,,16034.7041,57236.66016,31646.18359,35442.875,,32924.68359
P31276,HOXC13,11004.26347,31608.45863,6509.427816,11315.89006,35207.13281,26489.1956,,,,49982.65991,23307.42516,41655.51059,39889.94922,36471.08626,49222.32639
P31327,CPS1,4709.499512,4699.293945,5751.905273,9855.890625,12090.73242,,5318.907227,7894.816406,14739.66797,13971.16797,8373.599609,8687.431641,7782.146484,5638.904785,8468.181641
P31483,TIA1,21771.28684,28332.46875,10537.95508,,18430.19661,27503.54883,2825.577637,,4328.748865,29040.85308,14356.64921,16279.01066,24710.91629,29188.10354,28118.05749
P31689,DNAJA1,8280.197257,22822.80572,2828.33631,3699.03455,12953.33266,9793.024178,,,,8039.869292,10270.74039,9751.796174,11680.19142,8237.374345,12435.59909
P31930,UQCRC1,22848.08209,44471.1353,24275.55467,13756.73743,33442.61719,32466.36041,5514.824148,,,38446.00989,31999.80993,31729.19141,27910.56344,19166.7207,35006.26578
P31942,HNRNPH3,282170.7594,431636.5976,269767.6558,246005.5114,387150.2321,354948.0075,155031.9568,92591.67848,143286.2401,617782.2747,700466.8715,679228.1878,472114.926,450028.9691,632276.3611
P31943,HNRNPH1,178073.9822,297499.2289,188433.4846,121117.9812,222646.9375,246588.2525,82199.75264,40812.35507,82817.16571,320508.4895,324994.0676,344260.4597,272173.8125,252976.6204,363556.688
P31944,CASP14,68189.7265,23693.93993,39273.33065,8802.938257,21762.2832,29624.50719,48974.97844,28676.35414,35299.49489,20677.37936,34644.8387,28266.99629,36595.80364,21857.55609,43172.73669
P31946,YWHAB,10904.95508,11894.08105,44993.85066,8664.392578,21939.92787,15408.38662,,,,14511.93907,8569.524033,5555.088189,6958.158035,7391.682617,10073.08221
P31947,SFN,15459.86977,4222.947583,257187.4522,6518.292677,,,6210.655509,,,11736.06527,37498.50118,,,,4550.190179
P31948,STIP1,5637.709111,13434.35759,6031.857663,,21018.29819,7278.465105,,,,11706.64453,,5208.866772,8200.151133,4650.685957,4575.534449
P31949,S100A11,44521.27634,20349.0316,260445.9532,22185.72844,59595.15085,40066.02664,27386.42602,20572.0544,28302.99899,78229.17215,124607.4765,45600.4637,24183.25268,24260.15819,25675.71422
P32004,L1CAM,503866.5938,552933.9375,335004.5,,242784.7656,279803.625,394919.2188,,329352.8125,385239.5625,379090.4688,500131.3438,418528.8438,447956.5,477422.0625
P32119,PRDX2,76365.24582,39784.7922,79336.49584,79141.94477,82967.23992,75715.80094,54470.00034,42458.20203,54418.35678,43749.94602,66763.96521,40993.89474,63119.56025,36920.57294,45828.64861
P32322,PYCR1,5602.335351,11873.50027,7366.556684,7981.715825,13328.6702,10721.05957,2049.695313,,,16568.62144,10068.1492,16119.05313,6469.593784,6219.430196,11847.10137
P32519,ELF1,,16418.57812,7626.104492,10616.77539,15140.97852,16405.625,,,,10029.41016,,12422.25781,13738.8584,12795.2373,14687.63184
P32780,GTF2H1,4241.145718,14091.45215,4115.28418,4523.779273,6515.319072,13847.46387,,,,13568.9955,16104.51303,17715.42795,6293.282199,8299.738281,15482.21693
P32926,DSG3,,,23409.79297,,20417.36328,,,,,,,,,,
P32969,RPL9,16897.12151,33940.63082,17394.39422,5625.655067,23134.40041,22166.52349,11281.67352,1625.984013,6654.40238,24577.84725,23529.60215,29850.55446,17901.31495,14155.41981,19342.09659
P33240,CSTF2,35494.98274,91675.17323,45616.50837,79590.69102,106886.9785,87982.94956,11655.22536,,12145.20907,181542.3258,205760.0138,195574.2189,128781.7628,115232.9688,177506.2142
P33260,CYP2C18,14226.63477,42974.07031,55070.15625,45462.66406,36250.9375,46373.36328,66061.08594,56114.86328,53257.15234,60640.80859,37209.63281,56236.25781,49116.88281,29298.24609,51342.80469
P33991,MCM4,10469.00527,25300.64819,9608.33693,16659.16534,39088.15101,45616.00607,3727.78327,1755.188561,1519.280174,44638.63441,47566.34947,47430.66445,30427.62817,30965.94154,47389.83386
P33992,MCM5,24339.22947,47352.39385,20275.7945,47489.78087,61179.38254,65791.53312,8541.346812,2880.583925,7846.38884,61729.43965,67587.63081,58412.5637,45021.39569,44610.79479,59606.06153
P33993,MCM7,12266.12299,27134.93962,11435.98632,15842.21669,45822.90436,43671.67042,7284.698107,,3211.66485,43850.74644,44004.66839,43069.82528,35806.9864,35824.93879,50776.64167
P34897,SHMT2,3251.721091,5629.473369,,2629.410552,15212.4285,10001.01992,,,,12441.81485,10298.37077,11353.76952,3293.840197,1947.35869,1860.311324
P34932,HSPA4,,,7102.968141,2764.896438,8230.732555,5927.230214,,,,5600.641179,3101.044964,,,,3167.414735
P35030,PRSS3,63667.297,68973.07016,66094.35413,39938.94172,82914.45178,65838.43437,69989.86735,69047.34869,67869.93998,59917.56063,52799.96246,67679.00165,72607.5807,62943.52825,69762.86252
P35221,CTNNA1,13100.36832,11801.26213,24311.11734,16876.85846,,9011.28766,,,,19445.73573,18248.52969,17981.36153,,,15598.10623
P35222,CTNNB1,15351.59257,10741.12543,37082.65114,5424.069888,11860.50223,7211.511936,8790.951179,10334.33392,10346.83173,7952.98984,16906.48857,5014.181001,10012.03006,5249.880042,10079.78755
P35226,,14408.52196,20770.30665,14980.94269,9606.234036,22521.52753,22926.00131,,,,26411.6042,29075.41965,24086.17087,19684.45483,19041.53248,29517.78819
P35232,PHB1,27643.58178,57422.70533,32023.51706,9999.031741,34067.89909,31125.85733,10225.24009,7407.170232,6227.511284,39215.00489,43469.65258,43568.54688,18605.47784,15882.64655,28755.25442
P35240,NF2,7191.153276,11713.88721,3013.778291,4469.202525,12391.96364,13537.55403,,,936.3445566,17967.46263,19597.16867,11654.60638,5667.011161,5472.33327,11857.08605
P35241,RDX,7922.241551,15836.90409,8331.969542,18131.26826,28552.48859,27919.76939,,,,8365.305436,7046.932632,6457.769289,7866.805549,7507.323942,8600.694402
P35244,RPA3,,16509.13672,,,15936.88379,,,,,14028.26953,,10218.44727,,,
P35249,RFC4,16454.14912,40360.66825,18939.57643,19867.91539,41247.93999,38634.89249,5700.525046,,,56433.00035,51224.89263,52553.6875,41131.51354,53006.89738,76580.03227
P35250,RFC2,11213.96713,28174.46818,13047.70852,14231.40095,26033.4287,32444.5048,2220.053402,1377.321259,2015.398001,30705.67115,43242.30405,39304.08542,35130.18403,34986.8481,49090.17081
P35251,RFC1,19893.22847,37601.18258,17553.20427,17490.66348,37734.74456,45852.31118,3043.759945,,4027.979207,41135.13863,51074.44516,53701.15352,45935.64335,48704.49612,70545.08163
P35268,RPL22,247108.6562,389171.0625,294798.8438,228745.5469,241032.3475,225205.8438,126083.8144,88274.22656,93533.37717,329200.8438,349091.0625,337055.8125,204508.3125,205358.543,244456.2769
P35269,GTF2F1,8534.594727,7214.611328,,6794.682617,,8391.572266,,,,,,,,,
P35527,KRT9,670141.2176,217265.2598,391947.709,285964.7724,500488.6329,632285.9214,425125.4573,497187.5435,617102.8683,241365.521,837736.0269,480098.559,589966.0704,442481.0032,413345.3933
P35542,SAA4,34538.78951,38616.29692,27574.42516,33823.64714,42656.62777,29760.14256,41507.53508,38717.73522,46748.8234,27609.12512,32103.98443,25717.79847,27046.0836,42849.30351,27952.42779
P35558,PCK1,,,145749.6875,86646.58594,,,,,,125442.7188,87328.21094,132054.0312,88716.5,79489.71094,103665.9219
P35579,MYH9,33068.53113,54491.05469,32889.00261,49501.26472,111446.8875,71794.09686,12135.64838,3912.004038,6517.61993,70573.19526,48804.2091,49695.56881,31528.46158,27490.78809,39984.69628
P35580,MYH10,15830.47236,27507.14487,9589.614864,10616.85242,28602.45717,16608.53418,,,,20343.33046,11842.67139,9578.147065,8624.302664,5621.850478,9906.719836
P35610,SOAT1,5546.38384,14368.73047,5663.653669,6494.539694,6038.122425,26491.30939,,,,11363.55905,13199.92773,12500.83105,5369.891766,8936.381381,10476.90506
P35611,ADD1,4924.460773,25653.90392,10917.01294,15612.68231,26909.09786,19897.82278,3145.837073,,,20211.55261,25198.33077,14207.14871,15537.46807,11569.5076,19446.69067
P35625,TIMP3,106830.375,86351.375,70963.89062,69865.26562,76479.07511,89653.40182,,,,90026.08359,79002.35435,94268.96094,82421.8636,73369.10938,85380.972
P35637,FUS,114608.0753,165545.4784,104354.4356,106083.9375,189274.1472,180913.3125,24105.92063,10355.55123,22223.22656,207915.5984,238699.8438,260024.5715,149849.9062,161208.5906,247772.5625
P35658,NUP214,3769.270099,14777.4439,4626.451528,6352.117167,10047.85606,11458.60188,1627.113676,,1183.879166,18577.18072,20306.31949,16183.29959,10001.42859,10454.65544,18506.39507
P35659,DEK,75926.47902,171926.703,95268.06434,162677.0718,258184.1954,260183.8594,16609.56969,7879.552077,16360.24974,271243.7349,307094.5857,274868.2518,249708.3957,274185.5586,443554.1877
P35754,GLRX,13305.31641,,12958.61133,7884.222656,,,,18909.42969,,,10902.34375,,,,
P35858,IGFALS,15301.34004,15372.42696,,,7017.068174,10312.07705,4193.305388,,,4262.590321,,15072.67408,11543.94749,10207.52752,6523.141722
P35900,KRT20,,,41004.45388,,,,,,,,14625.0968,,9093.933478,13189.69866,
P35908,KRT2,353272.3669,146304.6084,211628.1037,103957.6885,134135.5421,246552.3004,267528.0276,240281.5364,205934.2729,101057.9199,336482.6637,165181.323,248190.9422,152170.7812,220748.0697
P35914,HMGCL,366879.8438,276606.6875,,,106880.7344,224585.9688,507018.375,,179363.0312,157430.4375,,245366.75,396772.75,116457.7656,256246.5938
P36542,ATP5F1C,13336.99217,28399.55948,19412.49111,6300.255114,30470.14743,28484.45312,25811.22824,3341.827962,,32801.64062,27319.23951,25914.49351,9966.536544,6239.988077,17726.33098
P36578,RPL4,71987.93629,153371.3242,104916.6832,68164.6023,122422.0593,113852.0617,10282.63955,2056.897859,7588.430117,138687.3568,154192.5754,167416.5304,85766.66121,83711.7957,135912.4409
P36776,LONP1,27998.25391,55981.96094,31944.14453,49610.10547,53480.32812,53500.96484,,,,76580.86719,108243.6484,77414.95312,68856.32031,68304.46094,107172.2578
P36873,PPP1CC,32209.81894,59945.10938,35543.19141,23662.20508,35106.45616,50518.65226,,,7566.549656,53460.74219,62566.03196,90584.34589,32661.19922,36774.35053,75234.44594
P36952,SERPINB5,11692.24609,,58148.16406,,,,,,,,,,,5394.115234,
P36954,POLR2I,,11371.79199,,,,,,,,,,,,14081.02051,32685.14062
P36955,SERPINF1,1682.563477,3856.595215,,,,,,,,,,,4561.693848,,
P36969,GPX4,,9225.876953,12045.76758,,8850.003906,26929.38086,,,,7749.257812,8220.321289,8429.577148,9792.453125,11681.17773,10513.13379
P37108,SRP14,15690.58042,34724.86568,17121.43173,30322.03236,42776.38925,48885.7674,8529.212614,3257.277462,6322.331833,48077.92715,57061.83897,62724.68945,23643.72935,39029.74812,56525.7116
P37198,NUP62,6564.258409,18738.19111,7292.031858,6863.86601,15581.25722,19474.31885,1996.583439,,,32958.31733,23273.32167,26680.55284,14156.11064,16265.91272,26662.23979
P37802,TAGLN2,12782.18109,34493.21631,37451.62595,17109.21563,64954.11846,44853.41049,7516.340232,,8775.002931,39484.46064,33484.2159,33342.18485,10982.1242,13254.12086,11668.81135
P38117,ETFB,,,7395.366211,,3997.164062,2684.554443,,,,,3497.881348,1388.639404,,,
P38159,RBMX,342473.981,579677.8046,338242.7326,440736.747,546694.3281,643135.6001,65015.60502,30353.45621,72971.47874,992545.7808,1184379.662,1057439.22,704491.275,727817.5869,1088662.054
P38398,BRCA1,,11947.19991,6382.179998,6336.075822,13592.7297,19220.21484,,,,15534.36738,20267.58369,19557.7634,18404.5321,17321.29217,28533.77604
P38405,GNAL,14983.30469,28611.18945,22099.00391,16206.45117,19575.64062,24804.44531,29036.00977,22349.86328,21675.04297,20575.59375,26952.44141,34960.08984,16781.51953,21970.07617,25867.39453
P38432,COIL,1423.700144,7269.256791,4167.236455,10162.51967,17244.39835,25911.01686,816.4743012,,1431.685056,43295.12489,61036.53516,63179.33905,18909.66049,19638.16451,34321.03055
P38484,IFNGR2,46291.32812,63003.17969,27866.00586,38188.97656,,75298.19531,11318.98828,,,84372.92188,74285.09375,81309.35156,64686.12109,73015.9375,87741.65625
P38646,HSPA9,2673.220733,3786.125715,4608.59645,6415.366483,10802.01206,10237.99046,,,,7104.582918,10856.45596,12509.74874,2017.098107,,4118.759715
P38919,EIF4A3,71709.95124,170522.5723,99268.16254,110334.9266,158144.5679,164067.6678,20582.32682,6060.332533,18432.05471,292946.5946,359521.1388,293777.459,207172.8807,200816.8342,323416.8067
P39019,RPS19,20894.55288,49774.67247,30021.56496,16614.9088,33166.2341,23107.61069,9294.448525,5028.118932,5593.594385,48095.74613,44034.27687,42134.40693,20241.31391,21691.46984,26539.18703
P39023,RPL3,47322.17004,93388.5524,57403.29188,39060.901,78081.9477,75327.84836,6896.549239,2085.475626,5884.077467,94969.45736,95104.99065,113015.9178,54334.89855,49071.34487,81866.77461
P39086,GRIK1,28153.50195,29120.33398,19785.91016,15662.80664,31010.45508,18477.66406,,24152.13281,,29965.55078,35702.1875,27375.61914,26907.84766,28759.54688,35523.51172
P39656,DDOST,12908.32664,25069.71264,19286.30001,6246.390265,14654.07801,17247.52466,2033.352079,,1071.051537,26328.40863,31365.83679,26171.04329,15945.83093,15132.96714,23511.4645
P39748,FEN1,28521.05239,68230.1144,34633.94499,48252.39316,84181.21387,98880.551,15425.02014,7590.95626,11373.95536,58035.04957,62931.50463,61844.63235,52656.57505,60335.40292,78081.44866
P39880,CUX1,,4511.427555,3627.310277,6677.511556,10823.69134,12152.93424,,,,15873.7799,12682.51779,12261.08849,20797.78072,17991.86353,20007.31065
P40189,IL6ST,,,,,,,45990.82812,32487.89062,34479.38672,,,,,,
P40222,TXLNA,18779.23119,41297.1718,18285.04737,13748.41059,24252.91023,26248.56457,2540.970646,,1763.671222,9774.323044,5385.350295,4411.011131,9333.911637,11703.84722,12051.40765
P40227,CCT6A,,,,,16168.98535,,,,,11825.87695,,,,,
P40238,MPL,28475.95508,9254.033203,17207.54297,23742.76172,,5550.0625,,,30098.86914,14811.65527,14720.39062,24990.79883,,15275.88672,19600.80859
P40429,RPL13A,38433.86427,63356.26965,41675.37399,20321.47003,40832.42235,39599.49257,,,3176.728247,53163.88284,61826.6195,52072.60689,34835.04122,24831.83978,44719.04535
P40692,MLH1,,1850.209106,,,10357.35156,2750.024902,,,,,,,,,
P40818,USP8,44664.23828,131823.4375,64778.98047,88336.16406,111038.0781,124979.375,,,,126086.2656,156280.5312,121869.0391,115606.6562,131411.1562,187733.3125
P40925,MDH1,,,47170.32812,,,,,,,7939.230469,9078.136719,,,,
P40926,MDH2,18363.33436,15576.66238,31264.90064,8591.691043,25897.50601,33436.84787,6999.00006,,5415.945016,20144.59286,19126.12483,23299.59682,15627.56047,12280.60412,16024.39051
P40937,RFC5,23777.42489,54728.45631,20182.13368,25360.00005,46077.99776,52454.5,6996.824439,5841.728606,,52376.13939,67637.27974,71442.18526,54042.43899,60215.90625,94616.61963
P40938,RFC3,20699.26361,42345.43783,16650.14031,18878.26523,39356.26,40998.1721,3887.18213,,2934.824755,47760.32877,50307.90751,60001.07833,47223.46469,48868.38991,72649.50445
P40939,HADHA,21787.9963,40737.19141,23338.71969,15401.31403,50671.9603,40513.21235,8569.17038,,5019.182912,55320.1825,49351.95703,57268.76063,32022.2836,27233.04271,46956.1893
P40967,PMEL,,,,,,,152273.8281,118385.0781,104310.1875,27444.21875,37447.96484,,,,
P41002,CCNF,,,,,11430.41699,,,,,8524.685547,,,9752.0625,11251.58203,13227.88672
P41091,EIF2S3,16695.24092,42562.08203,34973.78004,59325.40234,79054.54688,101742.1719,,,,39271.0625,55092.78725,43073.71875,40759.8228,51856.48935,68111.34375
P41208,CETN2,4901.743927,9834.095738,5352.184353,9430.581165,18916.50391,14068.46022,,,,29201.77609,33540.82328,26503.97904,21427.10706,18764.19143,27640.61275
P41212,ETV6,19899.50514,45736.3167,21061.27968,22250.66801,33324.54647,48790.92515,2974.336313,,3164.067184,57295.90258,59044.85832,58970.20002,40522.86361,33837.70844,54267.06571
P41223,BUD31,10012.95403,19235.27978,4512.098313,15247.53991,16971.77312,23818.13877,4210.969058,,3536.301472,32103.69556,32487.44866,27817.56695,26459.8847,18398.31413,26796.89124
P41252,IARS1,45139.36719,84829.53906,95749.54688,77333.92188,98388.46094,82530.21094,535776.0625,470536.125,488992.9375,83046.32031,75282.40625,84633.13281,81204.5,71948.34375,78971.82031
P42166,TMPO,40829.99153,87483.72208,29813.16293,31078.27929,63186.46867,72208.5377,4044.419967,,3692.736136,66157.68467,84263.3064,80298.5217,98443.39421,93656.10432,150523.3027
P42167,TMPO,36603.88486,75590.3354,24249.20124,27685.05604,84158.1561,79220.98051,7317.524302,,6241.28885,133860.5,129796.3408,124851.4466,98426.58222,96622.47157,161175.105
P42285,MTREX,7160.134609,20547.19634,6210.139085,11584.04267,18985.15064,26869.57025,,,,30117.66176,37637.40413,43700.92983,25984.23108,28229.52091,41731.94655
P42357,HAL,14960.77617,2450.440233,10294.69554,3439.052267,4516.988584,11046.38703,17895.54214,4416.783086,4596.589351,3047.844444,14415.93456,5374.805345,11797.5382,4666.299527,8193.251656
P42677,RPS27,93381.03979,196316.2584,134241.9745,66641.41487,119859.1936,93121.98954,44802.43218,15167.67722,12884.62835,103917.8016,122164.1762,117212.8824,80700.02094,66580.50338,103788.5264
P42684,ABL2,2066.099965,9094.032864,1183.962458,3800.142293,3003.423547,2865.420842,,,,,1581.902076,,685.9264526,594.7944493,642.0870618
P42695,NCAPD3,3810.783594,9608.289815,,5606.591621,10719.96538,11570.2437,,,,13453.01228,9241.407406,8573.773412,14945.4619,13111.73534,19675.36523
P42696,RBM34,12231.45372,29159.98411,17086.24335,7373.757824,19945.137,35116.79651,,,,22334.45059,34706.26786,42053.66618,18283.35293,25753.3778,37284.42508
P42704,LRPPRC,4926.808339,19715.3561,9333.66612,4992.671845,13644.8921,8779.707254,,,1067.762305,9678.999464,5472.349059,6503.501305,3732.695161,2613.511422,5247.228639
P42765,ACAA2,,,7543.449219,,,,,,,3860.48584,,,,,4371.52002
P42766,RPL35,155930.1562,399971.875,359139.6562,275579.5312,361041.5312,339990.6875,133302.6406,56716.26562,90482.83594,315989.5938,411173.3125,402025.875,236509.1875,231708.4844,341806.875
P43004,SLC1A2,74979.10938,84151.96875,63922.00391,35826.75781,61474.54688,83782.96875,127788.3672,,111718.7031,77586.64844,55525.41406,83845.46094,95567.01562,85656.83594,74654.67188
P43034,PAFAH1B1,,4587.939941,18377.10156,,,,,,,,,,,,
P43235,CTSK,41101.21875,34902.10938,21180.93945,34543.13281,26799.87109,45414.90234,,28438.76367,,30978.12109,53961.03125,,,,
P43243,MATR3,61836.33982,143511.9079,71816.84863,57799.93805,109058.0533,117916.1898,12152.24872,4386.165478,11920.48708,218858.6954,250342.8653,236728.1258,150434.1874,142925.7103,228374.1889
P43246,MSH2,9635.13189,23701.07804,9640.232154,9515.901445,25632.09895,31470.26077,2879.09269,,,8630.084189,7153.124411,6309.119561,8527.517991,9919.160055,11691.15068
P43307,SSR1,76699.16406,112929.0067,42975.56641,35722.78516,80140.14256,56498.7938,33764.61191,,,95099.24337,108320.6328,96021.87987,68811.4551,59650.07038,114816.0703
P43358,MAGEA4,12807.56266,28405.85742,6567.040862,5312.052893,22718.38806,24982.65234,,,,36709.72266,26784.25606,35001.32812,24163.57812,17523.74609,35971.66256
P43366,MAGEB1,66425.40625,61043.51562,76383.39062,169147.1094,96628.04688,136845.9375,85443.02344,132185.0312,98119.92188,70202.09375,265793.8438,52450.39844,88340.53906,259385.125,54149.03125
P43403,ZAP70,,,,,,,,6780.483887,,17384.75781,27369.68555,,,,18052.67188
P43487,RANBP1,,27200.05469,18295.60742,,31063.63281,34917.50391,,,,,6294.41748,,9208.831055,8944.536133,
P43490,NAMPT,,,20939.68569,,3264.226905,,,,,3792.486738,2291.95833,,,,
P43652,AFM,39339.6357,87868.37324,21820.40332,,15237.13132,7471.584427,6708.266885,,,5915.059702,5787.625419,6521.291957,6540.361477,5761.204651,6798.790551
P43694,GATA4,,5160.802734,,,1499.112183,,,,,,,,,,1616.73584
P43897,TSFM,,12189.9043,,24764.14258,,19150.16602,,,,32851.24609,36608.51953,47032.28906,,16194.2793,
P45378,TNNT3,110434.6797,171215.6562,199248.7188,153118.0156,173183.4531,161789.9219,215307.2812,201367.2344,190935.6875,154497.7031,161719.6875,183584.75,163812.0312,185808.5,176721.6875
P45880,VDAC2,123365.6245,271892.0072,184118.3773,56511.34661,114520.1974,146323.2021,19805.23891,7845.775482,17168.15514,116472.2604,129585.691,124779.6962,71387.65732,61408.69078,115512.6668
P45973,CBX5,46965.84612,90194.28906,26235.35182,37785.51699,61579.17309,90052.60938,5766.678547,,5741.073927,72885.38288,112140.7211,87285.76443,71025.8846,78190.28125,111383.3672
P46013,MKI67,14234.75742,33480.41653,15670.66245,31025.35535,46077.63489,63616.82058,2282.39364,547.3441118,2792.103979,41572.69945,57923.80405,53288.60599,54097.56494,56820.46156,90953.37609
P46019,PHKA2,95095.42969,105345.6562,89072.17969,69800.96094,125831.0625,88222.08594,8890.899414,,,102951.4219,71153.72656,125480.5,109770.7031,70606.59375,111047.5781
P46060,RANGAP1,10888.72886,29080.84137,12225.54591,11314.29138,24100.30756,20228.9101,5411.411884,,,39868.80362,45234.66827,36075.66875,26337.23727,25544.24344,40254.98916
P46063,RECQL,23101.41401,56027.96788,25200.44806,39675.23644,64435.08315,75668.88694,4959.723536,1594.497855,5869.727504,62062.17669,67654.62726,60424.74109,57598.8815,61892.81236,86582.45606
P46087,NOP2,28760.78492,69675.96058,32639.13216,45323.88738,68089.27528,122918.1134,5470.813785,3703.626678,8229.085258,97204.71845,148406.8371,163989.9713,92241.47227,111410.5056,168518.4227
P46098,HTR3A,46275.96094,70804.51562,81437.125,83916.33594,67520.125,60750.47266,34205.91016,24684.26562,24324.16406,70809.34375,87389.48438,92778.63281,66958.53906,50754.14453,45224.99219
P46663,BDKRB1,,,49542.17188,64462.67969,77001.13281,,,,,77225.65625,56553.07422,43403.06641,33742.44922,,19578.20703
P46734,MAP2K3,6707.124886,3593.744883,11472.30837,3830.138357,13904.1037,23478.06869,,,,,8313.903828,5742.508571,,4005.174959,
P46776,RPL27A,183447.4297,323569.7038,245413.1596,130832.0615,224569.2846,248897.1133,60125.91406,26956.51924,54066.28171,275815.5041,258398.1517,299412.2969,167589.1914,157935.7742,229221.625
P46777,RPL5,79175.13971,124886.8195,83849.30907,55801.66407,89297.19318,85999.87745,25551.42114,9593.244454,12485.84748,104557.6782,98338.54073,114925.6272,67502.92294,51266.04557,98610.99841
P46778,RPL21,17731.47697,41388.81232,28811.73278,13845.85353,31310.58543,20904.19098,6486.913975,3770.83612,4827.043019,32264.46634,38940.962,41438.84286,25741.39132,15708.34867,24712.12752
P46779,RPL28,85915.93191,134341.8125,107728.7969,58223.69218,91754.67969,100829.5263,22561.02862,9908.409061,11645.2305,118990.8516,118518.4375,114656.5142,61456.48438,59186.68784,78061.14844
P46781,RPS9,283332.0348,463806.1964,343964.1143,178592.0955,288284.744,298292.6606,140048.6562,31898.73089,60757.23053,285285.8278,272274.4405,260111.8266,184338.7961,128274.2452,232074.875
P46782,RPS5,39482.98473,74566.78906,45053.23211,26561.89617,49867.18612,49392.95465,14019.45979,5228.921813,8066.089821,54365.69611,60406.65473,65758.39539,41070.55432,30982.51953,69164.10938
P46783,RPS10,90476.89844,229011.3696,45669.05026,,159066.6719,92123.34814,10797.64155,,10950.78828,139439.3281,61822.23438,168822.1875,108846.2422,99565.96875,147573.4062
P46821,MAP1B,3198.169907,5878.57666,,4576.66352,8206.333008,3491.164418,,,,4349.859646,2755.936996,5942.714,3133.436763,3078.778615,2485.195097
P46940,IQGAP1,16844.06982,34426.50756,38469.8762,13789.35871,33843.05392,37554.40937,16118.49867,3183.123597,7934.439932,11386.38158,7449.115894,5698.018266,10395.13609,7820.804596,10013.8792
P46977,STT3A,4424.707984,19594.1146,20045.40518,4209.825729,18627.73428,24882.97564,3393.723128,,,25481.40786,34984.85054,22926.5404,9044.481361,15035.61636,24792.77324
P47736,RAP1GAP,63617.79688,55415.89844,27965.11523,19650.07617,58588.83984,78310.94531,33509.80078,22230.70508,36850.1875,40823.73828,53033.11719,15495.38965,41727.16797,45237.69531,34962.06641
P47756,CAPZB,11916.32146,31677.32087,24150.99034,10642.85849,26536.67665,21916.82263,5175.439279,,4939.000088,22334.11455,23758.22163,20301.47612,15095.96993,19660.476,28842.99881
P47813,EIF1AX,9333.098633,,,18769.03711,,17532.67383,,,,6611.099121,,,,,
P47914,RPL29,6055.334961,86128.39062,53376.84375,36122.34375,56885.65234,54849.62891,5500.451172,3510.418457,4331.462891,107264.7812,113662.25,115357.0469,64071.20312,39956.03516,64815.99219
P47929,,69373.63343,38663.42827,220960.5464,31508.82943,20815.36519,43105.40897,57175.72314,26471.0928,35736.23542,23759.71875,86998.75313,29167.68682,28727.26617,26427.47615,26577.17248
P47985,UQCRFS1,8718.832188,36287.94238,17533.88838,,24051.24443,16378.4865,,,,15101.29056,12398.51679,10411.09272,7969.113721,,20712.0284
P48047,ATP5PO,,28149.79118,,10270.82684,38661.84255,27691.14812,16101.16926,,,24510.31987,34732.37814,,,,7603.695136
P48059,LIMS1,13516.65634,25349.90964,14673.60077,17918.82258,27552.29462,34209.96991,,,,20929.3378,30251.58742,15817.96822,9829.346145,16865.59765,19798.48686
P48163,ME1,,,27434.67969,,,,12028.95117,,,,,9314.294922,,,
P48382,RFX5,2386.074731,7454.878942,2200.724823,2720.358098,3774.95647,5727.477009,,,,15592.33219,12575.26027,9870.284937,4380.12718,10674.78491,14789.47679
P48507,GCLM,160590.7344,507131.25,497753.5,457106.7188,396253.6562,396244.0625,,,,381388.5625,375988.625,414393.1875,391838.125,479607.2812,522890.9375
P48594,SERPINB4,,2815.113429,69705.12148,,,,9198.249039,,,,3951.272969,2839.961669,5947.606009,7528.806739,3365.492907
P48634,PRRC2A,,19927.06418,8992.520508,12341.7495,15937.73828,12546.27006,,,,17556.10156,20680.29297,18281.73047,13383.06445,21213.58594,24258.98823
P48643,CCT5,11018.7793,24789.52734,22573.18359,14198.22363,,23871.08398,,,,,,13418.60156,4743.425781,,
P48681,NES,10230.60265,9656.550852,8149.422268,17577.07068,23118.05166,32859.46776,11439.71917,9429.094822,12719.34729,15664.66327,10533.1071,16750.91699,9232.23416,9755.035578,8883.577505
P48729,CSNK1A1,4336.575645,14023.85418,6303.102254,,10167.59662,14440.15026,,,,20694.82073,13000.02333,20710.36676,12195.4499,11386.80294,21562.60317
P48730,CSNK1D,8020.915291,21726.58198,9714.640717,10949.45048,19879.76694,21172.20502,,,,28863.73714,32819.71681,20899.40949,16783.55013,19509.74912,39575.85156
P48735,IDH2,,11319.81672,15768.70232,,,,,,,11651.24955,,,9185.040133,,12966.60678
P48740,MASP1,18041.72461,38242.29297,,,31493.08984,27755.94336,,,,27519.91211,,,30086.15234,,56850.42188
P48775,TDO2,12577.15263,10167.2311,,,11934.98773,10324.66101,15650.06631,,10090.79208,14640.15201,,11293.60529,15723.20964,8942.157916,
P49006,MARCKSL1,33609.10915,39820.35206,21617.30663,17650.02243,50250.70299,25173.25696,6579.937355,,2256.102446,17986.99681,23121.28874,27829.89811,18585.42392,19805.99457,33547.25833
P49116,NR2C2,3490.508345,13399.17503,8047.130695,12028.82997,18615.70824,13297.75479,,,,15411.83902,24800.85577,22870.36072,11447.94842,14777.48542,21472.14809
P49189,ALDH9A1,15282.81055,,33291.43505,,9350.078238,9120.200131,5718.675293,5723.401273,13133.5847,4690.70614,8654.131389,6789.237762,4777.254331,5092.174472,
P49207,RPL34,118729.4334,222119.7789,151711.8038,80899.07812,148414.0323,138365.8972,34392.08975,13654.06876,27040.5478,168325.3447,195469.2828,202236.1696,95867.01118,100339.9441,141653.866
P49327,FASN,5720.565344,5730.991578,25134.71875,2957.383698,10086.52698,6227.561652,,,2840.095769,4916.172158,3576.662332,7268.66944,4003.74909,3321.466607,7561.020906
P49336,CDK8,,11163.21323,2763.206368,4329.199708,,,,,,9124.772876,4441.144061,5867.964266,,,6689.828819
P49368,CCT3,1034.353057,9352.289696,15020.73089,3094.249518,10827.04682,5318.140331,1629.571433,,,7709.080151,8153.115951,9167.743033,5568.301579,3515.735096,3407.591148
P49411,TUFM,,,14823.25265,3573.254579,12668.2627,4425.335135,,,,11719.76575,14161.83266,4528.001207,4288.046319,,3504.096768
P49450,CENPA,9453.688477,13315.01367,,,30624.25781,8567.3125,,,,,28717.12695,43756.23438,22005.70898,25048.83594,38202.20312
P49454,CENPF,11338.38775,22279.96731,8313.948368,8682.633633,12658.78863,12390.16591,2216.987981,,,14877.90021,16346.14496,13028.43596,13365.62128,11926.75561,18789.24392
P49458,SRP9,10349.89323,19469.28944,12257.39062,24317.32341,31865.52539,30719.99219,,,,32865.86719,67944.33414,56745.79596,21717.05273,31470.8345,27887.80273
P49591,SARS1,8083.23572,22335.08067,16286.43066,3584.233055,21955.89648,16963.10547,1883.9484,,,6993.777492,6561.0757,7806.232975,5516.016791,5278.754956,8089.357427
P49674,CSNK1E,49211.04688,22147.48047,12290.69141,,87142.45312,36782.6875,,,,56530.46875,39390.05078,33757.45703,23915.95508,10345.29395,19687.26953
P49711,CTCF,16802.14564,42068.00273,19838.61088,19001.82925,31488.78963,34300.73465,4403.900006,1854.685454,3024.997142,44391.67684,65259.67219,64990.88447,45225.83024,44506.90725,69816.96408
P49721,PSMB2,10605.86201,,4638.257571,5652.316021,8373.177567,8667.341625,10914.07464,4728.873953,10079.77676,2931.237979,7832.31731,8552.75486,5167.641294,6082.27832,
P49736,MCM2,11303.47603,34273.54106,11446.80094,19923.95985,44797.83941,29699.38906,5447.653064,,1972.9586,46119.49038,49481.25008,42459.23368,31624.32794,36727.64935,50082.28461
P49748,ACADVL,11080.81667,12907.59399,18409.43756,,30083.77539,35401.91406,,,,17805.16992,13558.19336,,10281.08952,,14917.5918
P49750,YLPM1,7789.696967,18038.22821,10581.31031,17221.85375,27183.61017,29341.99238,3003.999721,,2588.205928,38874.96812,46094.30388,42009.69394,27753.31211,26768.7584,39772.94274
P49755,TMED10,,8677.87793,16730.42188,,,5321.241211,,,,5263.254395,12260.84473,,,2369.134033,6988.480469
P49756,RBM25,12915.6366,31881.15075,13912.32045,17473.74734,39846.13078,35924.96305,2737.36822,,1068.355736,59826.06272,76930.80426,66745.60917,35602.77667,34292.72804,52831.86526
P49757,NUMB,11676.49043,17159.48574,7190.891437,10082.97746,32560.57899,36164.97181,,,2646.646466,21496.27834,5252.296019,30869.37215,16275.84574,7926.636509,10577.218
P49761,CLK3,7384.497559,8976.4375,,,13856.27051,12811.31445,,,,11961.7207,20776.67578,13222.82812,10873.85547,17764.17969,11905.58984
P49773,HINT1,,,,7248.986328,4821.703125,7495.445312,,,,,,,,3918.914551,
P49789,FHIT,3220.265625,8254.62793,,,9441.364258,8052.803223,,,,12445.77441,15677.17773,9555.225586,8382.448242,4237.104492,12112.02441
P49790,NUP153,9532.599691,25602.99336,14862.48143,23186.91705,32073.80901,38987.82418,5387.621845,,3801.940337,58416.0165,75196.13934,61077.0773,40514.56031,37435.41989,60822.01803
P49792,RANBP2,18017.80517,53282.55738,23145.26662,21428.12271,35752.31627,34981.23686,3221.56499,,2611.895778,53239.25163,66482.59712,52037.18233,39433.61134,35571.71969,56586.99855
P49796,RGS3,,,,,18476.61719,,2306049.5,1929099.375,2025681.125,31690.1875,,10757.05469,,,
P49821,NDUFV1,11810.00802,20388.44825,6534.545632,,4923.903809,11452.5893,,,,18422.13621,13228.91153,15911.72782,8314.89628,8930.513535,12047.58839
P49841,GSK3B,,17869.31641,8498.615234,10746.67188,24080.19141,23564.8418,2448.526611,,,19261.62109,15031.02441,9712.597656,3562.783936,12055.11523,14781.30469
P49848,TAF6,2026.415513,5454.580448,2240.539007,3752.972839,5176.459253,6671.576499,,,,13792.34961,12524.16601,10326.98524,7358.597527,9788.491272,15034.14129
P49862,KLK7,34155.11784,,27609.58181,7744.558287,16877.84248,32893.83437,9707.030086,12598.44536,,11884.16403,14319.69023,12503.54091,12023.31202,10475.65983,
P49902,NT5C2,,,31094.31055,,,3278.136963,,,,,,4686.62793,,,
P49903,SEPHS1,1569.926527,3214.894149,,2408.907258,11775.49414,19831.75781,,,,1565.668676,2666.768059,4551.828881,,7617.527475,5646.728516
P49908,SELENOP,61090.64844,56650.57031,47698.00781,72081.15625,66855.36719,59839.83594,,,29927.32422,48774.14844,34529.21094,57917.23047,31647.70703,42817.22656,
P49916,LIG3,10032.62906,29385.58468,10940.17266,17763.2397,35461.28926,41652.0644,3757.013527,,2442.50117,34394.05052,43292.50341,44402.30414,35384.14732,35728.5693,58723.71551
P49959,MRE11,7559.110143,18608.48793,7550.737481,11682.50758,27824.14118,29969.9327,4285.153777,,,17040.12026,19950.42531,20034.59845,18050.52635,19761.40477,30821.79353
P50135,HNMT,86212.85156,98767.89062,127404.0469,127485.9453,137419.4844,63965.04688,,73503.55469,80525.65625,69885.125,90583.26562,95579.45312,71989.28125,104780.5625,129759.5
P50395,GDI2,12641.50116,6820.777185,19091.87355,5647.12321,29037.25866,25649.19531,3347.097514,,,11078.26099,9477.767712,8105.994198,4622.114024,6229.727411,11102.44863
P50402,EMD,15589.33302,31680.92186,16505.46893,35405.78569,57619.00421,65061.79736,16075.49864,3447.629496,6441.142912,234104.5343,290633.8282,247854.0266,103685.3185,122776.2784,172991.4276
P50452,SERPINB8,15121.76562,13732.20801,7477.782227,,7813.125977,7872.222168,,12589.66797,,4010.170166,20920.84375,,,,
P50454,SERPINH1,34702.9736,61126.55422,34309.22935,7237.073661,26413.57031,21590.47596,1430.026227,,1551.123173,7885.023429,7926.187476,7185.137115,4850.536818,4033.456973,6087.411824
P50479,PDLIM4,9094.688821,17772.41602,4618.208627,13799.12547,30065.12109,25100.74283,3404.681066,,2829.502866,32829.66917,34753.46654,23745.32812,14912.66541,12329.89604,9619.244385
P50552,VASP,4336.783242,19921.95,10737.9137,11222.79685,28839.96635,12009.58127,2649.899465,,,9170.508166,10888.36057,14360.86428,5460.692237,5339.522408,10087.33184
P50570,DNM2,12006.51005,27315.26194,23463.34375,,25225.92188,20685.98438,,,,21706.0159,12514.68466,2293.136147,9387.118164,15351.7403,12895.28784
P50579,METAP2,,,753.8431396,2870.211426,3569.854492,3074.769531,,,,1877.877319,,1665.237671,,3846.181152,7205.893066
P50613,CDK7,6644.921875,7868.137695,,,,3736.722168,,,,6720.793457,13768.04297,10191.79297,4103.929688,,8474.061523
P50750,CDK9,4718.727979,3784.363842,2498.056692,1436.871614,4278.177727,7250.085339,,,1117.826239,16774.22384,6947.99461,15395.06828,7458.736219,4616.967045,2528.481862
P50851,LRBA,140004.4219,111727.1094,79934.67188,70824.95312,79765.82031,129725.4531,,,,108807.3672,134116.4219,139191.4375,90608.46875,113859.6172,107862.2969
P50914,RPL14,39856.19001,86020.47364,61318.52578,30100.9413,58667.90055,62214.23245,10017.44276,4006.58714,5714.386497,61225.49458,85453.73039,82860.81598,52455.16593,44264.74073,83603.11414
P50990,CCT8,12246.37502,15436.21387,19964.88925,2266.472802,13129.61696,7590.7546,,,,5589.467607,6730.700936,4776.477052,3061.804265,4616.856038,3899.983369
P50991,CCT4,8128.991614,21928.26685,36029.06281,10941.34878,23915.60129,20120.30535,,,,19108.4746,13300.56713,20870.80703,6589.829387,12885.56695,14097.93222
P50995,ANXA11,,,,12147.09863,,,,,,14737.29492,3949.826904,,,,
P51114,FXR1,26352.86615,57403.10283,17957.15129,6935.036577,31680.3945,16808.51279,,,,21898.43007,10307.38591,10405.77884,9251.931376,8549.562083,10423.37872
P51116,FXR2,,12324.94727,1585.445923,,,,,,,,,,1384.097656,,6046.273438
P51148,RAB5C,10312.02792,10167.98965,20457.62671,13406.60581,36617.86312,25909.53516,4941.958338,,,45864.54563,47760,34012.62109,28924.60061,18025.75586,45255.33984
P51149,RAB7A,,38240.44369,44273.4192,10596.37713,18966.89301,25900.14557,,,,22488.69378,32295.55306,22180.35039,20342.32208,11860.86735,36118.27338
P51153,RAB13,7091.394713,16029.71832,7434.078253,7263.721989,19625.09995,15836.43568,3331.603859,,,22705.48353,13485.30538,21541.76015,9069.380188,8428.557739,10574.00145
P51398,DAP3,11621.51797,,4251.151408,,4711.23509,,,,,5789.466264,,5554.761658,,,3550.775597
P51513,NOVA1,,,,,4288.371094,5293.527344,,,,,,,,,
P51531,SMARCA2,22857.50639,47480.10691,21892.90979,19501.99571,27494.80391,27523.01008,,,4103.932592,38123.21265,39037.0149,32860.57336,33218.90401,34356.96302,43290.88472
P51532,SMARCA4,23430.66176,53962.12676,25930.92462,20950.93405,35017.42523,37090.90772,5432.702799,,2870.915286,53969.46822,67299.55587,56779.88627,29810.848,34084.31779,57711.19139
P51571,SSR4,9189.970477,15343.34961,6316.205656,,9115.163095,16070.23926,5411.75158,,,21972.01758,9661.296714,16453.99001,12448.69336,7568.580078,11059.94727
P51572,BCAP31,8616.635526,24193.08594,11693.7386,9724.65619,,13070.89999,,,,28904.15641,33530.48438,34629.35938,12875.03516,20992.65,14231.96324
P51587,BRCA2,,1207.199951,,,,,,,,,1398.553223,2550.315186,,,8029.47998
P51608,MECP2,31793.21919,68607.42869,26792.62548,44951.19111,78709.5287,69000.56491,4068.385417,2922.946307,5030.274468,129977.2908,164549.528,131842.7323,79691.73429,90597.09764,138994.9373
P51610,HCFC1,13419.9707,35756.41175,16554.06768,28506.93449,45808.4223,40990.59906,3808.784578,2873.236683,4212.821841,45255.00478,53121.84375,39404.60664,34531.1231,37119.0833,55029.60497
P51648,ALDH3A2,,,7745.87792,,,,,,,6779.345687,9294.872631,6478.120231,5914.215273,8638.868624,9627.107853
P51659,HSD17B4,11826.10235,20170.05361,25774.83081,15671.6543,16698.56892,17421.59987,4036.313949,2638.489555,2410.259803,12098.8941,13637.10807,8540.073447,5490.19629,6414.215235,6435.636038
P51809,VAMP7,,,,,4195.120117,,,,,5205.450195,4683.006836,3459.749512,,,
P51825,AFF1,3927.940409,6242.909455,3046.209204,5609.978974,4061.83045,4868.44195,,,,6160.587599,11369.79942,8887.833347,3516.443764,1807.800576,3582.704311
P51858,HDGF,68884.39689,117595.3589,71430.48725,72879.43793,185393.6423,164863.0938,8218.041349,3808.495217,11154.33356,67772.58084,90522.2331,90439.55182,75544.38332,84722.28277,123326.1197
P51911,CNN1,114439.1149,232330.5388,126711.7519,92884.77451,109968.9949,101890.9852,27468.20023,14408.03642,19408.28499,61827.66016,50216.37358,54558.71102,51562.63194,51963.53861,70700.19578
P51946,CCNH,,8806.55904,4358.490531,,4395.379958,,,,,13925.41233,17560.60887,22009.11659,6060.028727,10674.29506,11006.50901
P51948,MNAT1,9133.399414,15949.85352,,7530.771484,17917.0625,,,,,22597.78906,13959.83105,21929.76172,13638.21094,8500.96582,14654.19336
P51991,HNRNPA3,466023.5427,901293.3625,470099.6072,300134.5333,640308.7053,631818.0129,88803.7619,34035.96397,84450.20634,999650.2624,1092156.255,1175230.313,725074.3682,701455.7314,980216.0657
P52209,PGD,,,170142.7156,,13465.40734,,,,,13661.18965,,,,,
P52272,HNRNPM,328542.75,706112.3421,350891.1276,297345.3639,575338.8595,593628.5165,64894.21786,17385.96751,69965.88181,912942.8762,1064255.738,1026813.737,700403.1573,659299.375,969001.5548
P52292,KPNA2,29553.56967,60743.2409,23396.9285,16433.67496,49208.3909,51982.73766,5509.231661,,2707.522407,46138.06767,60275.64171,54113.04688,49571.99785,51298.42168,78565.04688
P52298,NCBP2,,,,,,,,,,,91306.48438,,43667.76172,41460.9375,79360.89844
P52429,DGKE,10792.26758,9964.818359,,,,,,,,,,,,,33740.78516
P52434,POLR2H,6219.40447,6571.722808,4227.973953,4725.170771,13995.05498,6358.172058,,,,18501.30973,13795.75174,18329.14469,9129.527221,11402.74237,34400.20948
P52597,HNRNPF,26050.38959,50501.13776,26744.48481,26891.00137,43338.33594,47947.81616,7259.407668,2060.505146,5490.022509,60078.44708,67736.98987,66081.02809,51994.48487,49911.26695,72955.00313
P52701,MSH6,12645.73535,27205.95731,10833.93027,10676.90419,21640.44673,26832.06669,1523.778939,,,9726.344304,12719.30631,12377.10143,14323.03045,14058.13834,19779.00385
P52732,KIF11,196527.4375,183173.2969,168044.4844,202856.3594,183325.0938,171796.75,130516.2266,151103.5,140946.8281,180128.9688,176026.1406,214807.3125,170741.1719,162765.25,161168.2812
P52739,ZNF131,4159.660305,13714.21094,2471.962192,4873.166411,4522.591454,3603.129021,,,,6474.257921,5179.239959,5673.890893,7747.833008,4675.341309,7207.478036
P52756,RBM5,17117.72033,17891.77545,11505.27918,11571.82672,11082.79689,14620.94197,,,,33118.2319,28045.35148,20862.50458,16058.06696,15774.7118,23132.75009
P52848,NDST1,598421.1551,610525.8607,607761.7974,443607.8116,466067.6422,493075.1169,591731.2012,491578.0022,558249.5307,551530.5326,441374.7448,596621.4261,533620.8613,537730.4742,561073.4557
P52907,CAPZA1,19028.85534,38801.43122,56966.5151,13909.04486,31057.80971,30249.02225,18520.78675,6392.116596,12694.33114,47602.36508,44495.87661,31702.13465,26581.31727,21421.54553,40606.24383
P52926,HMGA2,48895.72056,69679.29688,36396.42343,45023.5,81161.47806,55926.60938,33073.60938,28939.36253,26816.62361,238612.5312,264018.1114,236285.4669,61582.30859,55636.30217,92740.25
P52943,CRIP2,7629.63623,5113.438965,18418.17188,,19106.72852,19965.53711,,,,9758.62207,15942.70312,,,6070.28125,3567.033936
P52948,NUP98,12875.30364,35567.10439,17249.15545,12473.99255,28384.43049,30059.6106,5032.089821,3257.929817,5339.916131,54194.72265,63477.38586,57441.84861,39456.24828,41563.08186,57562.69162
P52952,NKX2-5,11774.22852,8639.458008,3603.716553,10174.46191,14287.95312,10580.09082,,,,20309.24414,17649.97656,9823.339844,12360.09961,15839.34863,17876.98047
P53007,SLC25A1,13297.15222,25487.42578,15439.37812,7188.837595,26100.85938,23618.25333,9224.888316,,,14992.85714,23924.98359,28391.13086,19262.02539,12140.7424,22473.89062
P53350,PLK1,33768.94531,87713.19531,44267,38121.82422,32854.96094,37659.66406,4184.152344,,,47300.69141,59838.50391,62242.94141,46072.08594,45177.1875,88883.07031
P53396,ACLY,10176.44017,10324.42983,17020.68122,,20967.23677,14138.92405,,,37035.06688,6962.473652,,8891.610389,3071.89561,,10826.23448
P53582,METAP1,20720.63017,36133.30328,16988.41797,24124.67573,37001.17723,48000.03125,9971.794597,,,33656.47656,47934.0659,56008.88717,22209.08594,28902.80979,31887.853
P53597,SUCLG1,,22525.25781,,5892.773438,,31781.43555,,,,17168.08789,32153.75,26616.02344,16265.80469,17600.39062,
P53621,COPA,,5005.746196,8246.259578,,6988.161991,9967.416632,,,,,,3597.373118,,,3572.67356
P53680,AP2S1,10214.86596,15300.27725,5584.797163,,17528.83213,6592.126154,,,,26517.47946,16727.93277,21665.11874,7694.024739,9582.781203,7816.749253
P53708,ITGA8,450723,466196,384433.3125,380950.2188,356417.8125,343535.875,456733.8125,452404.75,415302.0625,344092.0625,374685.75,408623.8125,395958.2812,392948.9375,392412.25
P53814,SMTN,12464.56107,25988.85249,12494.38937,10971.56793,14167.02443,22013.09835,2194.523884,,1534.885524,11118.69031,8672.027226,7263.401198,8075.939016,5618.174884,15867.96075
P53985,SLC16A1,,6291.325603,,17595.08794,30699.78629,23318.35326,,,,31149.92787,50315.78579,28284.06628,6144.384727,16538.27467,14842.82088
P53992,SEC24C,18918.1068,23212.45641,21822.96781,21341.74907,33323.28519,26024.03746,,,,19458.19727,6260.62207,8119.29947,11021.52825,9833.944046,
P53999,SUB1,75071.31306,163121.1081,81479.91451,119030.86,217516.4792,256627.712,28691.01456,12710.45256,26569.10128,98937.60156,122609.5312,86771.51562,93443.60692,104906.125,154104.6562
P54108,CRISP3,17145.66104,,51439.07873,,21449.84756,,16710.4334,9804.261555,13995.9706,,,12627.78338,,6299.801466,
P54132,BLM,1570.884122,5979.319337,2389.89819,2153.896842,4779.129044,7598.388602,,,,4161.294605,3572.049915,6612.61083,8551.039062,8126.70752,17246.60627
P54136,RARS1,,10922.61328,29733.48438,,,9960.732422,,,,,8542.638672,9876.675781,,,15163.32422
P54198,HIRA,11750.75056,17752.92578,5768.245006,3773.933044,9328.5128,10284.30203,,,,18301.73633,21327.20117,23341.14762,9925.617759,11356.27363,18200.41051
P54274,TERF1,3650.554166,13889.71359,5634.622847,7704.329766,10565.51707,10448.70001,,,,11187.51427,13758.66514,15391.17441,17060.78752,14041.84208,21506.45324
P54277,PMS1,,,,,25585.63281,27152.67188,31959.91016,30494.66797,,44166.08594,32913.29688,46078.57812,37641.92969,34365.63281,13794.47559
P54278,PMS2,,,,,8344.390625,10190.50293,,,,,,,3118.882324,3689.021973,5444.411621
P54577,YARS1,,9617.967589,8272.262445,5060.205503,15831.99902,13632.91793,,,,,,3416.369385,,,4003.387163
P54727,RAD23B,14920.50216,26341.87262,26584.9746,28100.36455,20540.17593,19741.18572,,,,51646.51708,69059.34292,77503.93276,39150.70372,41487.58781,71543.92432
P54762,EPHB1,,138934.3906,104524.9219,99105.35938,,118924.4688,,,,,105562.5312,135353.6562,106082.5938,115161.5781,106813.7031
P54819,AK2,142154.8594,95070.125,170337.125,173069.5469,133792.6406,138329.7188,,,55812.71484,111816.3359,144062.1719,11058.66895,102638.9609,122579.5469,118597.3594
P54852,EMP3,47398.61719,85413.20312,44198.75781,,94146.98438,73049.32812,,,12345.20898,140165.0312,116934.4219,153084.7344,58056.41406,35375.21875,119136.125
P54886,ALDH18A1,2468.088867,7167.907715,8629.384766,,7252.523438,6372.472656,,,,10586.19727,6938.342285,4797.106934,3433.929199,,
P55058,PLTP,8815.553711,14200.10352,,27196.42188,11559.90625,9820.367188,,,3657.956055,,7695.454102,13474.24023,14225.93652,9770.804688,6939.128418
P55060,CSE1L,2156.812319,6672.998272,,,,,,,,4572.737012,7816.889175,6299.769171,5570.855638,4722.388768,8875.96776
P55061,TMBIM6,,5157.844727,,,,,,,,17798.92578,17864.66406,11370.51074,9324.825195,8803.524414,10872.9668
P55072,VCP,6906.461212,26361.53323,73976.10783,8592.925251,26899.34718,17016.86042,3467.650184,,,26438.85986,26828.99178,27201.55592,19772.29641,16228.94889,30488.02032
P55081,MFAP1,21673.81418,50156.09461,18185.66478,15708.58303,36658.37754,35271.4335,5328.655859,,6250.750569,81509.41714,86206.83029,81679.92801,54605.59929,45400.61455,65684.73783
P55083,MFAP4,57440.74439,68846.52126,56959.91993,17649.69982,42328.00833,84203.07325,16348.71368,,16158.03686,77831.65703,50829.99625,65721.58394,78449.99867,78689.96904,81627.58036
P55084,HADHB,26270.97008,57312.60975,52636.94596,33206.0965,60142.19428,64773.13459,22956.96268,6417.05588,13238.56379,91708.22752,101834.4856,83365.21372,47367.1594,44116.54688,78512.39968
P55145,MANF,7500.755174,14276.51592,5670.443781,4403.320828,6347.403943,13171.35236,,,,2707.373207,,2758.461837,5118.688523,6022.144613,5008.24977
P55199,ELL,10077.38712,12450.01424,6359.659259,14931.73971,13733.95786,14125.40039,,3447.165949,,18925.66821,21950.38086,20914.25988,15480.67503,18159.06617,28303.21911
P55201,BRPF1,5385.847064,11394.17071,4905.957288,7355.813444,17976.81482,17498.01473,2182.036788,,2625.05231,29997.85522,31792.0799,37374.39851,18823.11237,15203.7047,29645.9457
P55265,ADAR,16743.26481,46226.10705,20307.40191,19388.57996,32842.61405,38966.00781,4085.165166,,4008.297247,72691.80518,84439.67513,82587.17896,44049.40855,38872.98507,60982.28985
P55735,SEC13,11128.90797,17036.6347,17786.72999,,27662.67057,19758.524,,,,24311.6307,27083.50136,31967.50283,25415.69831,12841.26384,27405.02991
P55769,SNU13,62097.7307,123624.5942,77211.85224,47209.5374,118600.9989,170925.0605,10109.8348,,9646.498488,211098.5194,269060.0466,259702.8078,124226.3166,125339.2219,223399.903
P55786,NPEPPS,,,34759.13672,,3138.206748,3062.845,2761.457516,3004.032303,,,3486.735638,,,,
P55795,HNRNPH2,83037.45212,147502.4664,94362.7085,70744.28261,151971.362,147687.9983,48486.02848,28287.82594,40928.05958,193359.9861,218243.9458,191342.0383,164488.7921,162942.3003,230578.916
P55854,SUMO3,,13120.04883,,7060.008789,4201.337891,,,,,1165.232178,14359.58105,10015.00195,,3516.44165,10375.87891
P55884,EIF3B,6950.642458,7811.790861,10126.15196,6335.553443,12319.71634,9142.240553,,,,14335.56328,7768.452967,13642.723,8029.113306,5518.774643,8612.708077
P56134,ATP5MF,47946.87109,72025.85156,,,57941.62891,43383.09766,205559.6406,,,47345.13672,143854.7344,57442.39062,40806.74219,18577.92188,46216.39453
P56182,RRP1,10768.14801,27902.55099,16535.16605,18379.2855,34934.61843,56678.20758,3938.215911,,5571.685238,47019.32888,70519.12387,86376.41187,37307.9188,40188.92909,64863.95351
P56192,MARS1,,132896.6562,,,103616.3125,142369.7188,,,,186712.5,117553.7812,,,,172658.625
P56270,MAZ,5034.351227,17036.01256,3618.247899,4976.969704,8293.829963,14608.13379,1472.655899,,,15611.62938,23387.24106,18145.71696,18276.10313,14008.16107,37785.94141
P56524,HDAC4,218155.5312,,234917.6406,,,,,,,,553197.5625,,419346.25,,
P56537,EIF6,59850.35222,59121.33803,58233.16272,52042.59369,45696.57148,100193.6536,25207.58093,,30245.60464,84354.11537,146985.9755,134969.2651,73258.05725,88466.27669,125122.0412
P56545,CTBP2,10184.31821,11459.73381,,12023.81538,22706.51101,17568.8497,,,,14927.89931,10200.60308,14289.2913,20526.10346,19501.3612,28359.28189
P56556,NDUFA6,,10695.90625,16747.86328,,8710.97168,10504.27148,13424.0957,,5740.373535,10373.30078,5856.26709,15495.6123,11535.3457,5871.90625,6559.59668
P57071,PRDM15,3603.017578,,,,4623.901367,4057.945557,,,,4035.251465,2596.006104,,4115.080078,3698.460205,7588.8125
P57088,TMEM33,7757.92624,20862.85183,4943.51074,3024.246517,16513.63409,17078.95037,4883.241217,,,30225.71903,39853.50895,32102.83281,17179.8641,12864.93136,31892.85865
P57678,GEMIN4,2312.490937,3995.398837,,,7086.68932,4735.435037,,,,14028.15814,11406.09646,12642.54996,6705.417176,4318.373159,6710.250849
P57682,KLF3,13071.40137,27676.61328,25505.64648,7785.755859,13680.34277,33110.46094,,,,13317.26758,28032.81445,24014.79688,27760.18359,12090.29883,30751.37891
P57721,PCBP3,,78123.89062,,,54036.78906,106415.5938,,,,77064.53125,,49543.69531,47769.46094,,64820.66406
P57740,NUP107,10031.96521,31549.31177,15104.87216,10960.80187,31669.12509,27046.68231,1925.659445,,2457.283574,46873.68013,61348.04867,48103.72668,33390.83432,32153.42368,51784.18603
P58004,SESN2,,,,11682.06731,19857.97762,17784.65168,,,,,,,22592.78471,43874.62185,56417.52039
P58317,ZNF121,,3950.033936,,,2785.604492,2930.042725,,,474.7982483,9092.796875,,8267.3125,7054.753906,4012.103027,3908.307129
P58546,MTPN,,9821.131836,27728.76172,,,,,,,,,,,,
P59047,NLRP5,,26352.48719,22083.74417,21823.96002,29475.57569,,,,,,22468.60254,,,21547.18852,17947.99956
P59998,ARPC4,23005.08307,38148.77045,54559.35976,22365.78081,73468.62685,52487.45518,12494.51068,,9483.819207,44902.6948,45668.89321,31776.27679,28954.35802,26676.24546,43492.77794
P60006,ANAPC15,,7541.063477,,7060.635742,16116.85938,13698.19043,,,,,,11770.62402,13630.19141,,12974.11035
P60059,SEC61G,,31340.5332,10969.25098,,9436.890625,2970.638672,,,,,5858.334961,16471.40039,4011.363281,9376.12207,18684.33789
P60174,TPI1,3869.330584,4502.273981,60014.41892,1767.216106,2700.663568,4972.753206,7772.211677,2720.865686,2906.273577,2497.108695,4161.554609,2157.266397,4024.295817,3744.162667,3281.221302
P60468,SEC61B,56414.74891,134342.4538,86072.60262,51245.99023,82635.19616,68724.47317,9164.939107,,,91791.78381,120115.0998,120079.8805,55529.11573,43729.49554,94015.3805
P60660,MYL6,36282.77487,73165.53749,107641.7091,58954.06279,171842.784,96060.55248,14173.01377,,10059.81084,77602.72897,86547.09448,63904.30717,51548.1931,43196.52429,60395.63531
P60842,EIF4A1,47318.57215,87228.00836,102125.5096,53360.37827,66387.59799,60993.01622,12947.28109,,10711.36358,50045.05103,40135.77642,42505.44437,30680.84007,28507.67022,35256.09123
P60866,RPS20,63763.46873,165424.3618,79533.45982,37029.17335,79532.03125,56765.17601,10236.36935,2791.256558,6361.89268,77510.30469,76152.18248,81715.1748,39883.32523,32157.21747,57733.90507
P60900,PSMA6,8649.838408,,13184.88879,3506.434133,1066.030848,6096.095769,4035.222875,9573.637029,5485.4523,6341.642879,10855.71351,4995.608113,11087.29566,2013.269126,6327.078067
P60903,S100A10,126354.6498,75505.7116,60138.29601,84034.549,413319.9518,181548.2141,35588.57316,16324.97523,16673.01144,461712.6204,222957.1515,408925.8185,79795.66417,71253.82404,112826.2566
P60953,CDC42,20526.02734,42823.21072,33601.04916,27384.07227,47040.36834,41173.84865,10374.52487,2212.000306,4546.795811,52734.3401,55845.66321,41850.81903,22773.25946,25283.76172,31169.29705
P60981,DSTN,,,32451.23047,,12163.17578,,,,,15250.79883,,,10545.39844,,5219.849121
P60985,KRTDAP,,13808.4541,,,,11911.96191,,6223.234375,5722.30127,,18949.39844,9039.628906,,10712.84277,
P61006,RAB8A,7059.11123,20929.12891,17187.10236,13927.0097,20452.18512,20633.05664,7254.949771,,1301.704712,25152.19124,28437.01953,19219.78516,11695.74414,14547.52585,30764.25387
P61009,SPCS3,,61457.52769,59106.17335,,100503.0959,91649.85392,,,,95814.27888,111950.1638,109561.9957,90360.69696,87089.76192,122592.9562
P61011,SRP54,,,7159.875977,,7144.804688,,,,,,,,2967.152344,,8423.600586
P61019,RAB2A,,,9590.657227,,3652.741211,13491.02051,,,,,5237.758789,,,,9530.894531
P61026,RAB10,4980.481168,9299.734935,28939.82679,11064.11611,24445.53801,21083.92506,,,,17854.19598,28489.68386,18450.18462,7662.65118,9260.037768,10616.5244
P61086,UBE2K,,6766.500977,11701.43164,,,,,,,,6416.985352,,,,
P61158,ACTR3,3943.619866,13140.4821,26685.39952,8638.699919,29620.43214,18739.34946,3918.74489,,,10293.19725,9389.590528,15572.43822,15469.93246,6272.963596,12487.84279
P61160,ACTR2,6128.112884,12460.89762,11015.10581,6211.625053,19874.83662,11675.44043,,,,9519.827414,7640.852383,8720.392252,5086.7501,4400.509011,11151.3342
P61221,ABCE1,,17858.52727,17381.83034,29013.71642,47358.89777,44822.80845,,,,28399.75278,21540.09292,28017.16265,16062.48537,17297.26405,17739.21176
P61225,RAP2B,2521.500244,,,,,5134.980957,,,,5141.567871,,8400.807617,,,2845.835205
P61244,MAX,3968.765796,11798.44502,,5060.99697,8059.140302,18689.26974,,,,20537.29951,15076.72047,23368.82487,6634.941835,8266.234144,22952.23186
P61247,RPS3A,91131.00781,125184.5495,78104.92653,36490.63547,75316.34734,74945.97048,32821.11719,19531.68153,25438.75782,68402.34984,65717.37051,71202.36573,49464.95312,45053.4752,62610.0604
P61254,RPL26,,18346.29492,12451.82129,8324.978516,,15501.6875,,,,,6344.614258,8827.092773,9210.742188,,16487.86719
P61289,PSME3,85847.51562,87917.77344,87094.96875,87259.35938,97773.91406,74147.125,84062.01562,68926.8125,125287.8906,78844.20312,56707.97656,100650.4141,93618.25781,67148.33594,103274.4297
P61313,RPL15,79250.41926,142889.2785,83084.82529,46014.61952,108561.2864,99137.52384,26915.827,5123.38951,9613.915774,127133.4185,137086.5182,137515.3131,87636.18199,77081.81167,105318.2736
P61353,RPL27,55974.45587,90356.80362,36510.55829,20443.12594,78909.7042,88584.68399,22878.12858,7720.59476,16189.47958,114933.5174,82019.25372,97476.64826,55676.14936,49213.71759,71667.34047
P61421,ATP6V0D1,,17280.59375,,,,24619.75195,9755.835938,,,,,18129.44141,,,
P61513,RPL37A,90274.07851,139950.5781,97055.56923,69985.05469,92165.69122,83908.57052,75815.66406,49025.56633,57995.88024,58089.76562,74688.85454,77179.6087,60857.65625,84727.45312,38502.36719
P61619,SEC61A1,24756.77344,61968.01953,43811.4375,18136.84584,41826.16476,29262.94854,,,,46733.74328,61488.5176,40475.84864,27030.61133,14494.07849,27196.24074
P61626,LYZ,117808.961,39082.37734,127230.3594,,41046.27608,55374.92578,127436.2251,97313.50781,131603.1406,67816.669,185264.375,42539.1159,71481.96875,232640.2588,46569.91546
P61803,DAD1,39124.50512,76439.38317,54725.77154,,44570.18547,35232.40558,,,,55476.9359,55721.21489,70930.59712,47180.72758,27684.02919,76587.36874
P61956,SUMO2,10134.22692,27843.03289,5868.085706,41798.28856,59174.53835,43438.916,,,,50778.1357,65673.99189,45660.52805,40610.84881,43185.03623,70854.85325
P61964,WDR5,15760.22598,26437.994,11392.24677,16958.52159,37299.53242,41489.06472,3327.661249,,2389.059431,57971.98273,74578.43855,55838.70159,43873.08358,41144.62691,67532.64545
P61978,HNRNPK,201548.793,417589.9624,229397.4066,233319.1835,358615.0144,397173.0627,44275.45164,11851.82035,42797.72138,498316.8715,585477.0313,541778.7393,405475.0276,400501.5303,557261.7324
P61981,YWHAG,,,25604.87891,21229.33594,21046.91992,18299.26758,,,9018.032227,10667.77246,24258.15234,,,,17968.27539
P62070,RRAS2,5920.651896,12548.27609,4862.412929,10528.27965,27785.40073,18039.46332,4022.191716,1341.320669,2215.877789,22697.02832,29653.62143,22354.23022,7120.598929,10413.91939,12924.66385
P62081,RPS7,93211.57792,172707.4435,77079.71896,51239.88246,55927.26163,50291.69197,36352.24761,16353.53608,21171.74105,94599.77087,85820.70029,90304.21094,68962.14862,53837.37524,78936.66328
P62136,PPP1CA,74850.55469,111909.5938,61791.34375,93708.35156,134908.2031,93092.17188,15328.36128,,9342.639374,179631.1851,189217.3919,194318.4375,112446.5811,109716.9609,174866.7185
P62140,PPP1CB,24248.30663,63530.89895,24183.87542,25116.11734,52012.35313,67228.03393,8906.25032,,,67253.76935,63506.07681,84449.93915,51875.054,69011.79879,104160.4012
P62195,PSMC5,,,9689.359375,,,15544.83789,,,,9518.353516,18391.20117,,6218.275391,,
P62241,RPS8,92594.68308,174008.3933,113264.6043,49050.67746,98000.86691,109132.1457,13574.77834,6008.543072,11253.18195,111514.5118,117931.8211,124582.4813,67159.63973,62731.27344,99970.00357
P62244,RPS15A,147243.855,271919.7085,165214.2958,81284.24249,167641.6637,129706.2618,32428.94709,14184.08166,21646.47943,203848.8174,210142.3938,242167.5469,125972.3775,104649.1599,169457.7395
P62249,RPS16,210803.0193,359988.5694,210457.0756,128080.7569,207816.1369,208727.625,69443.54688,32142.18305,42961.40876,233772.4062,227209.7656,234337.3125,155047.1352,120182.4191,169679.7846
P62258,YWHAE,2161.370158,12818.66335,54632.25978,5587.670606,10442.28241,5083.449915,,2062.934588,,2705.834253,5350.162187,2950.514675,2465.545812,2693.103796,4440.219054
P62263,RPS14,165733.934,282431.1871,188734.3654,121641.3615,167168.8981,159348.5907,31224.72386,21338.87296,19580.24618,201622.9388,201058.2066,226210.7495,106419.8054,116459.2385,182414.3202
P62266,RPS23,70512.07902,157508.419,112740.5301,70472.20463,102163.3025,102373.1402,20861.34741,12135.88924,22038.9995,112140.8394,100749.2749,93231.46216,61754.11043,51711.39522,97749.88298
P62269,RPS18,174064.7081,231909.261,159068.9153,82374.52606,143627.4396,192936.5476,190263.2374,51946.25631,102537.1102,149060.5997,91227.29214,96968.68174,74916.98611,38030.91896,70962.77568
P62273,RPS29,868562,1211425.75,664364.75,321855.6562,257179.2656,309190.5,410565.4375,213660.5469,287450.4375,236166.0312,251198.875,253530.875,205743.5,242220.1719,199913.9375
P62277,RPS13,169883.4982,238352.9085,152790.7764,78258.6831,145929.948,208976.9566,150648.1906,78738.23714,119980.6569,134129.7344,112610.6617,111506.6328,101351.0392,66189.83594,100890.3906
P62280,RPS11,50471.97656,91558.76162,57458.59723,38111.26126,55951.57446,54118.82788,17354.35684,9111.181965,13460.69954,57665.87109,58876.95696,57289.21101,38049.04297,31117.40512,45672.63703
P62304,SNRPE,21614.90684,61731.58227,10801.87469,12675.31974,61122.36099,49227.21243,7574.88046,,5354.32822,83101.94329,44708.75763,79874.82268,61986.00676,50629.37332,71659.01751
P62306,SNRPF,58339.62779,79088.68427,36196.63237,45483.68925,107047.6404,80799.7748,10667.8398,,6856.68132,134036.7757,107812.4174,116335.9932,93517.65375,73481.90391,91613.24084
P62310,LSM3,13235.30564,38372.30248,15274.0015,19866.14526,35390.83196,29378.41276,4852.306708,,,81012.13292,83150.58828,82085.6767,35833.29172,35092.34565,51972.94819
P62312,LSM6,25551.33357,34035.96553,17823.10762,21508.97703,30273.591,21270.51287,,,,92273.07643,82516.9035,62986.89093,42370.88072,47337.62786,90466.30267
P62314,SNRPD1,51923.80332,71503.26607,31287.08023,28982.81818,89434.97421,76058.36577,7604.089788,5516.863834,8720.464143,104062.7825,123886.3516,108552.6995,82325.6887,75349.13281,87289.87556
P62316,SNRPD2,94358.95713,152979.4203,101938.7712,100567.0755,138071.3456,142091.7065,49421.26571,23538.38952,44293.98717,210313.2292,281059.6586,214921.3218,177031.7963,177492.9041,217665.3703
P62318,SNRPD3,99163.33594,144861.6008,74553.88281,83587.8125,155940.5804,147059.7344,35708.84347,8957.884652,32070.56869,244764.0999,249247.7344,256299.5781,166451.214,178433.4169,209822.0715
P62330,ARF6,26400.26803,47320.78031,50535.61096,7180.883013,35839.53844,38737.72131,5395.5942,,,45734.93926,37758.54063,45956.517,25806.95703,32835.18407,33079.80484
P62424,RPL7A,71361.22656,130255.1008,88802.29254,49652.15161,111400.6367,100181.3415,15129.55078,5622.002542,15776.72697,117360.6641,130787.8993,121561.0917,75222.9701,62107.08583,114564.3835
P62487,POLR2G,20576.79464,50673.50071,12741.18653,14236.2567,42117.63155,44128.45181,9076.927029,,,59063.39713,66779.53204,57243.34883,45858.66562,51878.76843,72151.72654
P62495,ETF1,18751.73198,29845.33819,20179.25655,7742.498114,32380.04297,34386.60938,5656.745696,,,26917.1838,13085.48996,15230.98384,19531.45369,13327.70709,30715.09724
P62633,CNBP,8533.45047,20258.79799,13084.59563,9481.952098,9845.895627,10157.65936,,,,8991.666417,18846.62819,9788.016394,9199.524047,6677.394641,9530.998401
P62701,RPS4X,169746.7812,285305.2096,199163.3756,99754.56072,174852.9612,142473.5,74612.04565,55576.99199,51650.33977,154597.9364,142712.9374,150412.238,96722.53229,80383.85161,119276.0953
P62750,RPL23A,65782.18738,93565.05907,68011.54144,49662.34536,82719.86366,81577.45293,13053.13495,8097.850463,17992.99507,85025.57438,84913.57942,94330.62437,63226.61476,49338.51552,76944.76717
P62753,RPS6,116262.8847,225693.9132,152216.0174,93378.08594,136199.3729,155960.4555,21495.80939,6202.14197,21778.75206,168768.0174,151912.8293,151410.634,98768.10156,99817.18038,132656.8336
P62805,,223879.0817,293967.8677,175690.194,190995.2818,340540.5625,316769.2707,58096.47707,27189.82528,64866.21023,463804.2255,709811.2183,511366.7347,412375.2438,418427.004,655860.6039
P62820,RAB1A,,19279.44531,38342.75,32416.64844,32612.99609,25872.77539,,,,31226.78516,32282.79297,41638.37891,28260.2168,,42272.42969
P62826,RAN,100020.4903,225300.8438,108898.045,117778.6442,197918.2188,197402.1406,94200.36741,55095.30928,67346.81421,217790.7772,239002.1875,211919.2822,184466.6875,183020.4018,308734.8438
P62829,RPL23,96606.89442,148195.9137,111544.8018,53689.77295,101132.6954,101635.562,39795.41161,31175.07067,33827.59161,114363.0236,113760.8872,112766.9785,78194.53964,81046.8667,103706.2644
P62834,RAP1A,,37367.33203,,24236.6875,,40857.88281,,,,53924.59766,62690.36719,58407.36719,39480.59766,37444.82422,34918.91016
P62841,RPS15,134365.5596,124627.4924,128687.6523,72628.06304,47848.68529,81091.75505,103425.7906,28857.44698,50668.98092,49384.5543,35802.33723,35253.72489,44073.48437,13581.28943,36677.09136
P62847,RPS24,78187.7146,171948.0404,136363.3812,63534.10864,82124.89844,75159.5625,13816.2869,,17869.53631,116288.875,102975.0683,121296.3983,104856.6797,68719.38281,96976.73438
P62851,RPS25,465161.5402,652652.5565,613917.125,308596.9688,482348.9062,323005.0279,260550.75,208972.1719,158727.7023,368482.5497,356951.6933,402723.5556,263441.8061,226280.944,324684.0312
P62854,RPS26,76315.69531,123282.6875,,37090.22656,100146.0078,63001.08984,,,,91993.92188,,102864.9922,51543.96094,,106846.6953
P62857,RPS28,272146.1048,315753.7649,203681.9219,173714.697,180649.4979,182303.3269,31837.08008,23317.07585,29738.81445,163181.125,209526.7158,153374.1495,119893.1587,100745.0769,141209.0599
P62861,FAU,6068163,4274234,6059126,6133354,4812082,4321112.5,3399514.75,2828831,3177780.25,2907410.5,2971623,2087976.5,2319905.5,1838655.75,1482974.5
P62873,GNB1,13925.75195,27049.36705,14188.62716,13617.85516,22489.64493,20663.58688,,,,23216.45867,26192.6733,19885.97365,9894.683583,7363.225986,18064.03139
P62875,POLR2L,24520.13615,,,7577.595472,21122.6771,27231.66234,,,,29419.98364,19257.93305,29464.29601,18500.23334,41083.126,45568.60424
P62877,RBX1,40311.125,79982.71094,44563.32031,66553.85938,97631.375,100639.6875,16419.38672,,,113185.5469,120736.7344,107695.2734,72521.69531,75225.59375,127297.2891
P62879,GNB2,10379.29473,20894.46094,26316.75064,40060.02773,59552.03125,66113.08452,,,,65854.57565,112135.1094,69600.625,22037.50586,13385.62096,48920.98047
P62888,RPL30,104870.5193,153889.916,113069.4766,60857.78165,105262.576,111086.6719,25289.79994,8884.956168,15610.22785,145872.6975,153454.7432,156666.1767,89193.32372,79172.82647,112865.3644
P62899,RPL31,47722.45493,76033.71741,57154.65863,43239.61123,71925.94548,54529.90531,22814.55563,23228.21554,25837.59479,60041.77528,60488.53237,64136.30128,41943.61887,42978.59649,51053.53243
P62906,RPL10A,37058.0533,84772.37278,42217.29818,16949.80428,47227.48928,52532.48699,7706.924246,2855.905593,8135.46831,73542.95834,72521.32329,74604.84787,35975.5775,37712.68114,58327.93694
P62910,RPL32,22253.98128,43856.54297,24319.08008,16810.50781,29984.49609,32330.78906,7291.721955,,,41318.07272,40763.22064,38158.85457,21031.95898,23130.11636,34134.28178
P62913,RPL11,32032.19232,70332.10352,51461.87435,33307.15931,49659.7068,42814.2608,16645.42634,11525.02164,11917.85037,58403.51733,62521.64667,58297.39917,30381.47047,35050.24038,48344.82923
P62917,RPL8,119930.5806,210005.5467,153631.125,91652.24984,156062.3913,138424.1232,26192.29526,17102.35714,19600.54272,182806.8237,183288.4232,215126.6841,96278.4894,98152.98193,158798.6116
P62937,PPIA,132632.7236,207270.3896,293131.8409,307825.4418,731680.5853,542948.1427,111069.9998,73483.87435,78172.25725,194554.2164,161543.2427,173049.3635,197177.7226,203567.3041,247866.2743
P62979,RPS27A,102248.8724,78036.67145,38303.91632,,8570.008552,13157.26121,23746.40894,,9423.669815,25243.84876,,27025.25331,12706.23916,,3559.125211
P62987,UBA52,1693.795191,6217.283618,4685.058645,3537.087162,4589.610994,2518.861613,1066.157777,,,2070.432278,2201.785996,4511.184336,3306.824735,2494.781921,
P62995,TRA2B,132130.6907,227795.5052,125164.7417,130436.9331,208821.9884,219465.4368,48148.60101,13058.68942,47401.26189,240649.8281,297167.9629,263433.3874,227011.5156,235775.1768,314221.724
P63000,RAC1,11991.81128,20844.83181,19037.49016,8249.920632,34272.99441,13681.58374,5919.387667,,,39001.3426,63923.18492,33833.78082,21024.47118,19916.19625,48336.58775
P63010,AP2B1,7943.867656,13385.94722,3889.813341,4104.55027,23158.6142,13722.3636,3033.059145,,,29462.43935,20298.02286,24192.9194,10147.06901,8880.031025,12750.77678
P63096,GNAI1,,,,4803.848577,7288.823332,4921.672344,,,,6621.895197,8769.242419,7978.506185,4129.461066,,2973.649102
P63104,YWHAZ,11104.70729,16355.09921,205338.4844,13260.55211,23726.9291,15680.49432,6010.720952,3295.928344,3483.171906,19369.75218,16609.0069,9619.410161,5271.327293,5769.065928,3676.33865
P63165,SUMO1,29462.97494,121847.4618,48737.06981,124100.0469,117911.5615,137677.8511,18406.48047,,17532.63107,256538.4401,318243.2779,251539.8438,141169.9539,120213.2344,177628.0318
P63167,DYNLL1,9647.693418,17556.75906,14240.66239,16585.14336,16030.99542,15411.26779,1576.39112,,,17271.07636,29988.65078,43919.11328,18432.28568,18273.05076,29648.68295
P63173,RPL38,749532.029,811546.7891,603076.9375,430769.7319,654514.3576,519835.4375,363996,280306.25,305148.1295,623490.5727,495877.25,595655.3579,403529.3399,339679.1159,476481.3899
P63208,SKP1,24757.24125,60575.13175,40718.40034,38686.80368,64705.27392,64463.51897,7009.044838,,4678.980806,83687.11832,94664.82993,92047.84913,54224.86427,56039.7303,97100.30556
P63220,RPS21,90606.57812,83496.48268,73902.60193,19083.22101,55760.69531,48069.42705,12736.46336,,5097.896565,34693.28585,42946.80295,44094.02373,37271.89954,21178.6543,51568.40757
P63241,EIF5A,21803.88086,,,,,,,,,,10117.28613,,,,
P63244,RACK1,78942.26485,140816.4534,97720.67216,34005.26833,70700.78473,65093.36573,18960.33413,6461.322597,8045.188112,79161.75882,75752.91021,68724.93516,43971.33028,39334.56461,58590.87399
P63272,SUPT4H1,16654.28444,35191.13104,20487.65548,16486.77832,31851.64504,39648.133,,,,52815.86873,53161.48623,47489.64665,46591.04102,40423.20021,63228.73392
P63279,UBE2I,26092.26626,44800.66498,18714.20625,31886.87176,89871.60329,60933.16675,10366.16886,,8360.312971,36639.53957,36481.58015,45499.40238,27816.96879,30915.71611,50169.56154
P67809,YBX1,121007.8516,133377,107489.0697,45836.81109,82880.99604,66895.7863,81406.56775,8089.151853,22144.71562,114986.2489,80363.20385,63816.82634,69379.19531,24255.96289,39675.0366
P67812,SEC11A,16301.8008,33685.19368,12946.2738,10115.46794,19880.70609,24795.47774,12219.64844,,,42894.76953,51560.89453,42322.82812,32138.8418,42395.22656,54699.07422
P67870,CSNK2B,,10180.60742,,,17663.82031,18412.42188,,,,19646.96875,26733.94336,8217.995117,12332.98438,12162.6543,20576.38672
P68366,TUBA4A,3633.34257,6859.521061,22424.04044,,7572.35232,5652.814574,,,,5085.102768,,,2499.099583,,4185.247567
P68371,TUBB4B,31150.69336,38345.96094,78590.54688,45060.67188,75907.875,68224.91406,9996.607422,12960.60547,,63216.78516,59443.67969,50634.57812,50714.40625,34711.14844,43946.66797
P68871,HBB,86514.09903,78245.04688,694808.0625,72993.57512,61182.15617,56748.00199,36013.8958,35241.20165,38384.99293,98641.03448,96809.18614,94378.48026,71095.31846,41004.04598,88260.35566
P69905,,101021.0156,83959.02135,94934.44079,31983.90143,92087.61719,64886.48084,84496.69914,23960.91407,73365.76654,88662.03494,70017.01127,102015.4114,79906.85073,74589.2606,95892.17685
P78316,NOP14,5516.471092,16109.06644,8405.16127,7599.265398,13811.13192,29337.84126,,1770.963003,4740.872932,22320.00929,39549.69002,43545.70441,21770.76751,27339.4279,44594.77356
P78332,RBM6,8367.357042,11715.5462,10211.89857,9561.53463,24248.80859,8170.447718,,,,12752.64699,38877.88672,15616.67729,15974.12055,8985.540695,17567.63976
P78344,EIF4G2,3575.477564,11664.39983,6330.716096,3219.367691,8059.024622,8127.006719,,,,9966.791804,4280.794508,5697.182457,2563.372967,3389.334838,2799.90028
P78345,RPP38,8176.680664,,8181.250977,13423.63477,15730.94238,18183.16406,,,,24542.5,45744.64844,17044.58984,12915.08398,13767.43164,13845.74707
P78346,RPP30,3800.677008,8324.361189,,6201.992718,14094.27099,24413.41312,3849.399666,,,15593.33205,18788.47856,19425.75551,13917.43991,16777.80377,28102.6656
P78347,GTF2I,17802.12368,39972.53993,15545.46723,19781.5378,46996.80485,50492.16094,9509.385509,4559.220818,6539.003738,64184.01908,70978.83238,60768.17116,56207.50042,53556.33175,75191.17634
P78364,PHC1,3657.864793,12362.31653,4015.536489,10691.05414,18084.5765,20417.58483,3528.804973,,,25957.66876,24838.22782,27387.6454,19676.08902,13479.61169,25912.91129
P78371,CCT2,,9671.448444,12878.1529,4197.81951,11002.10481,7348.881417,,,,11762.97433,6154.582092,3845.606589,6650.229647,6289.548675,11368.6123
P78386,KRT85,6037.349609,6123.243371,9729.305103,,,,6383.27287,,,88886.69531,,,,,
P78406,RAE1,9517.64205,26217.03591,10047.82894,11101.38268,41665.32422,28266.11769,3038.366162,,2419.328092,33198.06115,38837.05596,41777.47053,21078.40165,22167.13374,33739.68609
P78504,JAG1,73021.32812,121467.8125,95580.23438,96384.28906,68865.01562,68141.15625,92881.03125,74053.51562,69736.97656,91244.36719,64668.14453,99709.95312,89373.67969,90372,110551.4062
P78527,PRKDC,52822.94248,122389.8196,55408.05222,56214.56391,105615.5683,116994.6341,9287.84535,1610.391551,7172.273877,125025.6942,151060.4355,132572.9862,100947.8027,99188.37596,137277.0142
P78549,NTHL1,9557.491167,30665.10847,16049.85234,25859.79383,24321.15532,45781.00288,7524.790634,,4043.865095,55816.98438,58904.94811,50068.74874,42764.42704,49694.38281,81742.14155
P79522,PRR3,5331.299581,16145.13216,7387.288003,4379.290785,15049.87776,12350.7199,,,,16555.82143,15529.3155,13357.11014,6185.810826,12427.90122,18253.66182
P80108,GPLD1,26548.99414,25359.51562,29545.10156,22982.84375,17800.21094,23430.79883,5213.860352,,,24437.59766,24016.89062,14567.81445,29899.65039,16874.18945,22998.53125
P80748,,10375.7002,,,,8203.53125,11462.93848,581301.1875,418404.7812,596583.25,,,,,,
P81605,DCD,181773.7254,44851.47297,118301.1423,63798.34399,128979.2421,74784.37918,109190.1664,98480.42467,149859.4529,91489.39785,164057.9371,90703.07628,113177.1773,79672.93851,84918.61314
P82650,MRPS22,,,,,4009.225342,,,,,10883.84375,5027.662598,,,,
P82930,MRPS34,17436.6875,37629.79656,20266.72852,4812.686069,27778.36133,24963.71013,38671.78906,,12245.70511,21679.00441,5631.168528,11389.58036,10881.06393,4204.38916,16155.45605
P82933,MRPS9,4563.543457,8215.300781,,,,1424.647095,,,,,2486.784424,3260.102051,,,2576.051758
P82970,HMGN5,5029.664017,10822.41218,6738.683375,14802.15043,25391.43867,22276.77969,1700.759295,1123.483191,1061.309185,8578.57482,9379.277733,12026.87422,10548.89227,12707.11994,15833.7387
P82979,SARNP,20888.61106,87541.82081,47364.34954,57927.58061,86991.98998,91053.71265,11631.62118,1937.352415,6056.005639,117197.5237,136536.8222,125336.9341,84248.96436,93850.52173,123029.7364
P82987,ADAMTSL3,21629.99609,37264.36719,54181.55469,43154.14844,56822.98438,58117.92188,,23269.54297,27864.1582,57249.125,,66977.41406,,,53280.76953
P83731,RPL24,60753.75548,113270.375,93283.44908,28283.1975,59920.67071,61186.72165,10848.26673,3098.225369,6838.224896,78107.72656,85725.20312,98738.51943,51825.51399,41475.26555,57542.23542
P83876,TXNL4A,,17317.49641,,,,5287.784318,,,,29628.62118,28374.76317,29090.80989,17918.38243,10893.00415,23319.75871
P83881,RPL36A,34865.3375,65612.12413,48190.2855,36066.46732,42302.18033,37134.44852,9877.454197,6473.171722,10997.2318,47534.16225,44770.75676,49679.28579,36720.68069,27332.53217,37151.95277
P83916,CBX1,29476.95489,48719.08096,25299.63297,28939.54916,49227.15128,49715.21999,4676.802368,,1352.713157,58612.21875,79711.2324,66152.51828,61397.24129,53558.38256,83288.34375
P84022,SMAD3,,,6285.854004,11467.35352,8538.321289,16565.61719,,,,8962.839844,10255.21094,12495.55664,6158.347656,13808.36816,6983.03418
P84090,ERH,35831.16171,73820.37837,34515.49219,53232.3596,57827.26172,79087.69985,13387.96875,,,177229.3125,168594.979,157044.0312,84000.76562,76902.42969,154288.0403
P84095,RHOG,35746.99328,49624.93359,31501.38672,19265.7472,38540.48828,29358.42969,,,6740.68392,42095.0625,57522.47878,41888.63281,29823.99243,9591.307137,36034.38124
P84098,RPL19,233051.9804,316555.1014,199113.7148,183394.5789,266601.5625,269373.875,35208.31221,9018.253178,29048.38054,318982.3125,283435.3627,317756.75,197364.25,151265.3125,230386.6094
P84101,SERF2,33259.81337,58603.82173,42540.93016,83571.26505,83879.57812,51143.35156,21947.90228,,17199.47403,27305.35407,41741.29903,42774.30469,52436.76912,56927.75781,103299.3736
P84103,SRSF3,188063.5447,376198.2012,213115.7344,294652.6843,475099.8125,476764.0282,28626.76032,15792.66557,52606.26733,481474.4869,651328.1557,611275.255,414554.6977,375690.7671,626201.375
P84243,,26091.03802,80162.13223,44564.84952,29907.95101,31494.65828,43839.51233,3588.172547,1105.768118,3090.083748,73664.85101,118526.1697,118193.3083,73343.18798,107197.0465,120116.3067
P85037,FOXK1,12694.46441,27858.39483,13095.01865,23433.84562,41720.36743,38209.90912,4406.278407,,,14757.899,16295.94441,18413.19893,19290.63614,17214.90379,26103.90267
P98175,RBM10,4734.891578,13655.16674,6675.790367,8038.007438,13430.65082,11955.93149,2375.148467,,3510.686382,26995.49844,35164.06377,25541.77214,16671.15382,13456.38899,25229.35728
P98179,RBM3,140340.9794,246794.4062,180249.5594,52667.91484,84883.24632,114039.5206,40629.19531,25573.36692,45076.05788,130118.3255,162324.3845,157709.771,164305.5044,125948.8454,243170.5658
P99999,CYCS,28612.40387,61353.56967,31273.84116,29953.39775,118186.2483,86364.28151,21897.70158,6543.268681,12878.67349,43636.70142,33643.69972,32550.43891,38456.91516,37543.85794,48635.67622
Q00059,TFAM,88906.34218,135670.0676,67088.9216,147108.5492,319889.1496,233744.625,22567.88749,10368.94898,18166.1097,259152.1101,278651.4857,230152.5991,137744.1257,120505.2177,202603.6681
Q00325,SLC25A3,67474.61437,171896.6094,71904.87864,44382.92496,104844.7831,117148.6152,23403.74116,6303.235696,11479.22509,129628.2396,91493.36334,124139.1476,74065.4059,61217.0041,120744.9524
Q00341,HDLBP,11435.20933,22782.55469,17833.9588,4710.033863,9735.514588,4196.35363,1592.448516,,,5284.369727,3932.28256,2885.259103,1988.171192,1050.688036,3825.874712
Q00577,PURA,,23812.09412,,,25673.41154,25106.29753,,,,26511.48601,45554.65457,,16451.73613,17401.94921,23849.03454
Q00587,CDC42EP1,13352.84374,23067.95898,18928.58129,13941.43126,20458.45675,20008.46005,7768.145387,,,27187.50195,18912.22549,23032.73529,20838.39262,16316.38574,20499.84375
Q00610,CLTC,6516.126268,12117.7756,22879.05495,7008.871465,13477.1399,12182.87624,,,,25298.92813,21296.76901,21350.01118,7729.26059,6719.982665,9524.990505
Q00688,FKBP3,16917.13066,27760.05643,16194.13132,14979.79859,69055.51305,42755.77211,4685.964771,,3353.953895,31922.67569,24432.75543,24495.32979,16745.75476,20387.48607,21252.48491
Q00796,SORD,,,43142.02734,5050.471191,15578.56055,7890.018066,,,,10318.91895,,,,,
Q00839,HNRNPU,197525.8698,410970.2812,226477.0415,235050.5409,356206.7797,348890.9109,32661.80324,12655.3621,36259.65212,534443.5864,675246.0169,610364.9422,386726.5814,337600.2369,529622.7613
Q00872,MYBPC1,5198.790527,,10898.37305,,6467.071289,14307.94336,,25927.98047,,9682.591797,14135.68555,,,11189.60547,
Q00888,PSG4,134087.2812,137140.25,,136478.9688,117668.625,109736.3438,125225.5938,,131365.9375,58757.42578,114740.1562,100039.4844,,111047.2891,129493.3984
Q01081,U2AF1,76706.80644,157125.7192,65600.53403,70469.31045,150177.5646,150388.6924,29466.91671,12522.971,26007.37051,175572.2502,171532.4913,225210.642,159846.2294,151413.4134,227119.2476
Q01082,SPTBN1,6960.52272,13730.9352,6632.49936,10755.67948,32488.41295,23695.01201,3669.701717,1166.570054,1846.358629,45867.79122,35716.84691,31365.95562,14604.6102,14395.10713,26605.767
Q01085,TIAL1,17960.37461,39348.18292,12585.76913,13790.37424,37863.13442,34037.78678,,,4177.855068,44866.27911,36545.98524,42972.09393,34113.76005,27737.63376,48008.53622
Q01105,SET,5317.283691,10391.68555,5071.512207,,8080.344727,,,,,8473.923828,10082.8584,4779.995117,,,
Q01130,SRSF2,5085.996646,10219.92188,,4878.689705,19357.56055,21988.22656,,,,20905.34766,13054.46893,16576.59786,5130.100655,12208.27637,17768.89852
Q01167,FOXK2,12352.35661,19767.20745,7214.035116,9438.272546,30742.90039,28239.554,,,5018.703872,13837.51368,14155.30956,10317.30968,16213.70412,18220.95703,19434.36328
Q01196,RUNX1,21292.19449,35318.58798,19657.14479,,4210.987652,7216.26982,4986.406894,,,15011.4325,9565.422312,13604.37599,3207.989228,5106.871286,10373.63864
Q01469,FABP5,10160.32177,3331.867086,85506.29404,5028.47149,4072.722484,4248.39048,4546.592752,5978.394371,4645.039057,2981.851365,18098.19858,4466.864912,4763.724718,8233.052364,5774.638028
Q01518,CAP1,47739.01953,,103297.2422,,,,,,,,,,,,
Q01546,KRT76,22692.7124,6366.117475,161420.2637,,19402.06935,,60956.0068,,,7202.830801,,8930.822638,,,
Q01664,TFAP4,,4125.871094,3954.977051,1871.090332,10419.90234,6661.959961,,,,6005.167969,6116.628906,,6212.376953,6901.731445,9036.136719
Q01780,EXOSC10,6433.065246,14526.52061,7479.571482,7468.105128,11930.99581,19220.80646,3306.978701,,2005.296984,24151.66187,29877.46094,34407.52298,22163.372,23560.73672,33276.27952
Q01804,OTUD4,,,,6350.759766,7962.088867,8300.854492,,,,5168.197266,,,,,
Q01831,XPC,10260.92972,20778.7297,11380.70848,11595.8554,30885.8081,34016.07119,1835.347574,,,55486.64039,72555.4648,65563.98019,37031.81116,41126.94299,60909.60659
Q01844,EWSR1,58181.4554,107262.0869,74072.69392,59509.25351,107346.3829,122498.8216,19191.5431,,21639.67221,127480.0234,144678.0864,162161.5938,88789.97678,93880.77642,139401.0936
Q01968,OCRL,,,,,,15357.0332,,,,9593.277344,8459.789062,,9042.817383,,10610.2666
Q01970,PLCB3,10436.28943,26636.30072,8892.984656,10152.48825,30238.51166,29471.62412,4745.385348,,3022.087023,13095.66856,10733.78207,11643.61828,16207.98321,19270.17065,28710.79657
Q02040,AKAP17A,6086.45326,21960.96734,4205.762251,8437.27033,14579.53819,12628.39808,2642.759443,,,37584.13126,39816.32113,29492.55659,23865.33665,18712.93406,28227.10788
Q02086,SP2,1362.218174,7075.602051,3257.36462,4706.469497,6053.901367,8266.239667,,,,13028.21875,15033.82313,12461.42942,8854.023143,7875.622887,26130.99219
Q02241,KIF23,17543.2181,42168.82354,16260.87348,13506.63117,30787.37611,32108.63575,5062.351118,5258.592232,,31079.34935,36004.61448,35828.88448,33261.25287,30174.72831,47181.15628
Q02252,ALDH6A1,100407.0781,118112.4062,,29939.76758,92731.45312,86118.49219,,,,117042.3125,109356.0469,,93949.60938,62451.37109,62373.42969
Q02388,COL7A1,,17593.22656,,,,,,,,,5248.653809,8296.545898,,,4472.797363
Q02413,DSG1,59931.08162,14254.7856,41651.44436,13144.23573,29488.28575,49357.7312,29630.81765,26642.28819,29390.94141,19509.90152,43099.60387,24040.51562,32152.87858,16099.04537,21038.71672
Q02446,SP4,,,,,8542.267578,6142.628906,,,,8517.180664,19554.40625,5022.694336,,11906.1084,4115.824219
Q02447,SP3,11677.08717,27731.07385,13209.91656,16155.27989,21636.10739,18669.26351,4397.360357,,4108.132217,31692.1001,24112.65343,24590.63816,17233.72091,17042.12691,33944.61328
Q02487,DSC2,,,21833.48275,,,,2325.269946,,,,2758.097266,,,,2903.377124
Q02539,H1-1,45990.95911,77224.74175,51605.89424,56055.43567,106023.0988,102937.6875,5074.506691,2697.746252,8758.815176,74688.70318,124905.0252,110110.8153,151983.9496,163870.2769,333875.4052
Q02543,RPL18A,55900.07403,113305.8955,62191.40694,24809.2159,72822.33935,81760.07337,9959.089165,4894.52685,6547.693932,93036.3756,105268.9069,114785.1079,59840.82388,50528.04072,80074.51634
Q02575,NHLH1,,,,,,6526.495605,,,,5001.981445,8207.668945,,,,
Q02763,TEK,,,35306.67188,,,,,,,,,29478.61133,,,22353.77734
Q02790,FKBP4,,10659.67773,35258.14062,34629.70312,33140.25,17017.66992,,,,,,,,,
Q02817,MUC2,,,30546.13086,,,,,,,14630.64453,,,20603.53906,,
Q02878,RPL6,62564.2366,123688.2715,71149.94998,55063.67321,97055.32599,90035.01573,10964.2546,1979.402935,4564.43745,112224.2181,115249.0981,128151.4768,72858.66737,73364.1576,111329.7118
Q02880,TOP2B,32534.09046,70400.78772,28108.32129,31296.49418,69186.14195,75295.40757,5330.038285,,6462.719057,110234.4302,139865.4818,131384.5689,85567.49169,88514.70312,139779.3641
Q02930,CREB5,,8346.9393,2713.259002,,14993.75849,6432.384301,,,,30449.04688,24809.56836,36266.24531,16785.28906,17942.51953,30502.19272
Q02978,SLC25A11,3916.037268,8914.658925,,,8746.457487,6768.385753,2402.085398,,,6235.670642,1916.506839,8056.633346,4307.856978,2167.541556,10014.42821
Q03001,DST,3477.828748,8780.519391,2996.812989,,2551.933222,,,,,3270.840034,,4957.834238,,,6038.855602
Q03111,MLLT1,8641.339985,16495.10488,6513.66593,9924.306127,13157.94653,13541.29951,,,,17676.49372,13177.61806,19502.20716,10050.15248,14265.55369,18445.71997
Q03113,GNA12,5324.54834,11925.33691,,,,8608.161133,,,,12522.97754,10818.23242,16329.93262,7158.483398,9792.080078,9629.076172
Q03135,CAV1,,,,,23638.16016,,,,,,,2715.856934,,,
Q03164,KMT2A,4276.750713,10410.78998,4316.698921,7730.157993,11538.73617,14977.44217,947.5828007,,1323.863379,21732.50096,29939.63956,28678.05772,20880.79691,20419.83728,33861.92476
Q03181,PPARD,50844.26562,114139.9141,85193.24219,49812.67969,65517.83203,51865.21875,44981.96484,51004.21484,59608.16016,77026.16406,80736.20312,68224.42969,50988.07031,77939.03906,57509.20312
Q03188,CENPC,7111.304836,17567.67211,9852.155499,6519.33484,12731.64367,16762.92485,,,1632.897512,21225.35281,35014.18506,34815.87308,19876.55675,21016.08653,32274.106
Q03252,LMNB2,88607.16038,165859.5121,85803.59092,121710.1007,189915.506,189102.5773,28891.19742,10255.98619,22509.46066,281154.0362,319965.19,272081.7659,232822.6774,209994.5876,356544.7423
Q03519,TAP2,,,,,3906.521729,,,,,12693.92969,8703.03418,7512.019531,,9462.1875,
Q03701,CEBPZ,10282.23247,26238.86399,12821.07157,13820.80519,15938.29849,45016.44464,6055.309832,,7278.470939,27866.22865,40663.40985,54764.71737,32923.09801,34739.7134,54944.42533
Q03721,KCNC4,139349.3125,207261.9375,132586.8281,124191.6875,140312.4375,71758.41406,198983.5938,172974.7344,167475.4531,150077.2812,184391.1094,174988.4375,138727.8594,172114.8125,156708.4531
Q04637,EIF4G1,8693.692511,20260.17628,9243.510224,2465.487581,5521.095572,5071.899696,,,1846.552977,6006.829253,4306.549304,4779.356115,2476.929675,2214.206123,3043.544225
Q04695,KRT17,155479.9239,175490.315,89391.82816,56728.53355,33141.65951,42411.09304,29839.58817,26543.15888,70531.19056,19762.51183,46799.84674,18506.04315,20122.42242,22545.25108,25223.9098
Q04837,SSBP1,23254.55754,49273.53594,35866.83707,62815.63909,83057.4109,69603.85077,13343.37717,8218.384603,8371.177065,60821.14059,61734.01968,52084.33203,31816.16526,34385.95839,49083.77734
Q04917,YWHAH,6330.339422,11442.50391,16028.43837,7234.640556,17438.90252,,,8030.232178,,7922.14527,9047.011607,6742.215412,,7783.287595,
Q05048,CSTF1,34412.48025,72424.35468,27650.86718,31636.36981,77527.07251,92278.93209,11707.30832,,10170.74052,130239.4672,129921.9229,126901.0175,93394.48356,88766.14901,112032.534
Q05066,SRY,49361.29918,54825.41114,51380.16277,40544.61521,56609.13879,45780.9011,46437.68721,42645.83827,57505.13381,56822.48202,45997.30068,46090.06151,47411.5886,46853.8752,41187.768
Q05519,SRSF11,3318.966817,12347.0932,7472.840794,,13184.68933,15285.50139,,,5367.735825,15711.69071,17818.71126,12351.83154,10303.90091,15013.08308,24893.60238
Q05639,EEF1A2,41575.2909,81755.14737,38092.52242,30880.75388,88914.82812,88217.98438,7793.611569,,13242.95701,44993.76484,33411.50443,39690.41901,54732.9,51473.85639,66029.74094
Q05682,CALD1,27770.22134,48154.85028,27640.42127,39421.83721,72638.7138,60361.67767,10066.48362,3392.927182,6300.926362,35192.15552,26043.8632,24100.69514,17270.30239,15060.28059,19961.52635
Q05707,COL14A1,17596.89258,20078.50391,15015.51562,16845.05859,11640.23828,15598.4834,20980.14453,15606.17383,,15273.00195,19407.58398,16626.98047,14342.31445,11416.35938,10639.95703
Q05BQ5,MBTD1,,4267.48115,,6661.881478,9382.450935,14336.4643,,,,33861.33984,8587.727539,29417.42578,12773.8235,8316.90543,14636.19172
Q05BV3,EML5,199714.4375,381898.7812,327060.9375,,,,,,,,,,,,
Q05D32,CTDSPL2,13130.80117,22500.49849,10184.49781,19497.36316,44382.67454,45186.85518,6049.666367,2164.118863,4913.467923,46643.99131,56036.41039,53452.66811,52555.33299,53049.68392,87969.01494
Q06033,ITIH3,27191.06177,23372.54831,22969.81141,17685.2943,25042.62785,26113.50603,10083.82137,,2726.905751,25052.45378,20735.40011,28422.38732,20852.8647,22802.94744,27708.92016
Q06265,EXOSC9,8233.642248,22288.14062,17404.58405,22143.95555,17177.71933,29653.69809,,,4969.970215,45212.29201,53542.53516,46948.29688,24632.65399,37084.52734,57037.80359
Q06330,RBPJ,3944.500924,12831.93496,4610.333071,4207.720013,10227.46266,19686.28074,1648.464407,,,13907.11816,19934.9326,20943.85674,14854.16212,17084.6923,24405.29473
Q06546,GABPA,,,,,8974.298828,4362.38916,,,,,,,,,
Q06587,RING1,5115.656799,15265.55237,6673.396894,8048.955936,18341.93743,13468.06348,909.3240251,,,18931.95765,23409.05423,21882.74992,12634.44235,17883.97473,29750.25893
Q06787,FMR1,11385.27441,,,,,,,,,18937.68359,,,11495.23926,6092.878906,7069.633301
Q06830,PRDX1,57078.01567,92810.96777,120784.135,50013.27661,64269.97422,72210.45414,18216.37853,15776.86248,16775.09539,26677.56126,47067.1385,42957.89857,31847.62865,23481.37296,39558.71707
Q07020,RPL18,160777.6216,311435.1047,209924.9576,130760.1679,297475.2045,268779.7831,41201.91485,15793.95026,27354.04492,289501.1562,341468.5063,375331.6261,192105.8989,188061.1947,290904.8892
Q07021,C1QBP,,17511.05859,13594.58105,,,11478.45312,5625.30127,,,15923.2334,14100.02539,15723.91797,,4498.068359,12998.93848
Q07065,CKAP4,27603.83363,66996.31895,46971.64804,9819.694689,19540.27178,10803.61705,3701.391623,,,17914.00166,12975.89716,13322.77761,9584.438303,7428.041608,15067.79681
Q07157,TJP1,10723.92873,22471.83382,11601.99053,11706.98935,25944.20495,15821.38086,6955.688249,,3076.853136,20352.24716,13995.93097,13627.03672,5998.096639,3844.943582,9845.696781
Q07666,KHDRBS1,128992.7034,269336.7058,150980.7971,166509.0906,219448.3294,249495.9907,17684.33197,6409.904626,19975.92304,332321.8793,404093.5215,395802.401,299281.0638,280471.8975,419409.7757
Q07889,SOS1,113073.1328,153161.6406,113993.1562,,86216.04688,104004,110264.3828,,122237.2969,104486.4219,128914.2266,110152.1562,100831.7109,128101.7031,122605.8906
Q07954,LRP1,330631.9062,248978.6875,251367.5469,206710.3594,305759.5938,299103.2812,260960.9375,240176.375,261471.8594,290237.5,212191.5625,280151.0938,252502.2656,220008.9375,251438.1719
Q07955,SRSF1,177027.2565,352441.8324,195470.9371,287220.4828,404856.7171,424276.208,37372.45057,21616.10212,34338.92695,427392.4273,578575.7714,470370.3458,348070.2204,412115.6068,556678.6334
Q08050,FOXM1,,1795.475342,,,1848.894409,1501.666016,,,,2205.189209,3431.946289,1415.687378,1088.012329,2811.981201,
Q08170,SRSF4,14098.30512,29691.76794,16418.13537,14589.8895,25143.54065,34626.65479,,,,21668.12327,20691.14812,15310.17038,24464.94385,21823.96987,33123.92712
Q08188,TGM3,62593.05521,12512.16701,31293.62722,9699.374719,19043.65862,29893.57407,30400.76898,25064.24739,25180.62061,13473.68082,40086.98241,20173.50714,25794.36328,12337.78278,24557.59195
Q08211,DHX9,75434.47142,158364.9878,83021.46569,60955.17671,125170.8627,159143.7279,20729.91777,7449.061552,20263.14824,180373.3987,218463.0523,224694.3874,150624.5673,142400.513,223425.2186
Q08345,DDR1,,,,,,,,,,24056.16406,14566.43945,26695.10938,19701.75391,,
Q08378,GOLGA3,24243.31836,38138.37891,40298.19141,58104.98438,70424.28906,58617.44922,69694.1875,74019.45312,74121.60938,65069.55469,40139.87891,52136.00781,48224.91406,41517,34786.07031
Q08379,GOLGA2,,813.8251343,2213.012939,4295.628418,2698.001953,2643.618164,,,,3357.17041,,,,,
Q08426,EHHADH,17926.83002,41949.375,17373.68008,26339.04883,12186.41217,7846.265911,,,,6445.335932,8614.263658,8446.095255,9047.28588,7590.06441,13669.55749
Q08493,PDE4C,4634525,6276688.5,4494307.5,5048764.5,4612286.5,5711373,,4719301,5592223.5,4204346,3830259.5,5675793.5,4487529.5,5172094,3180098.25
Q08554,DSC1,97584.34375,31605.0231,43359.05503,19773.77798,39754.17799,67301.19955,63828.25847,40703.73546,55951.68918,28252.4285,70267.17107,41453.27344,51770.67372,28108.29504,42326.13281
Q08945,SSRP1,22841.91535,51841.61632,22447.61702,22279.913,48140.87911,57371.84408,3488.022955,,3104.715238,56926.16978,71749.82386,67685.49821,57629.93566,58530.14006,108887.0464
Q08AD1,CAMSAP2,,,14419.9541,,,,,,,,,,,,19379.4375
Q08AF3,SLFN5,7621.495181,22688.05288,8286.867315,3617.269457,4551.405249,7982.05351,,,,22722.42825,12509.1118,22910.37572,4158.026583,7903.021389,12649.85554
Q08J23,NSUN2,,,,,66505.01562,,,,,,,,20871.8457,32153.44922,30462.0332
Q09028,RBBP4,17647.53687,28887.19474,10510.42545,14900.92136,19170.79787,23792.86578,5478.773098,,,40442.73047,34543.34691,38731.19634,36146.67584,26731.90711,50315.97364
Q09161,NCBP1,4961.690084,9071.532972,3612.546878,2601.399952,10599.83186,7612.860621,2242.213613,,2334.15444,16418.85144,14876.39141,20322.5006,13394.67773,8709.855745,18245.18604
Q09428,ABCC8,83704.57031,118844.4844,38239.32422,,67628.79688,,,,,,104496.0234,90231.25,,,70337.60938
Q09472,EP300,32594.4733,36359.711,19122.12169,61338.67808,42494.03496,45861.11993,,,,31329.21434,22030.53098,25237.43635,23952.14927,21517.0481,26504.33309
Q09666,AHNAK,32439.26228,58771.06191,36599.46604,61497.73919,145147.2186,73388.59325,8031.006925,4085.574169,5745.709973,116333.884,80969.81371,75315.54928,24991.10334,23150.96362,46685.633
Q0VDD8,DNAH14,175212.5781,214154.4062,127591.9844,,181767.4531,34797.28906,,89924.03125,,158436.8906,88168.35156,181030.7812,178346.3281,165252.2812,185535.75
Q0VDF9,HSPA14,,11060.38397,,,10615.85959,11521.16177,,,,9958.024625,,,,,11819.52464
Q0ZGT2,NEXN,13541.36772,31211.15579,13432.64927,8638.468467,23293.17286,13284.83023,,,,44177.01823,35408.82211,30121.68826,13346.72206,17570.11741,34495.17724
Q10471,GALNT2,,14823.53764,6880.285064,,,5120.040535,3656.896565,,,9538.274906,8914.964292,5292.350586,5573.113692,,3813.208432
Q10570,CPSF1,13227.08285,31061.60153,13301.81907,23290.04139,45664.60518,47565.89271,7645.891103,,4936.569919,85507.2355,94327.55029,86981.05073,50605.26384,47743.1668,75546.68202
Q12769,NUP160,6924.241123,21359.40449,8478.862213,7435.415358,14614.31817,19075.01735,,,,33897.62252,36830.6069,34389.40058,23288.67547,24317.44236,34038.42251
Q12774,ARHGEF5,,16372.99805,,,33042.54688,25283.37109,,,5387.070312,31679.74609,25400.88086,20020.03125,24687.82812,23344.04102,33730.62109
Q12788,TBL3,4106.728508,15075.09605,5840.265281,5877.140426,16886.54051,31879.59311,3263.36405,,,32341.86202,42966.83995,49528.75168,24044.17373,26415.43261,39104.50972
Q12789,GTF3C1,9299.024009,21356.96168,9335.484318,10288.51254,20685.21693,23732.29447,2365.600377,,1721.647723,30089.88609,37459.25224,36661.26497,24973.49082,26156.35075,39609.70122
Q12797,ASPH,8848.111866,30649.93359,18472.65224,8545.475196,12109.02458,6880.847803,,,,15245.59095,13936.20157,8887.385038,7853.880518,9155.136426,14330.30764
Q12805,EFEMP1,,2742.097412,1356.135254,,1683.442505,,,,,,,1198.80835,918.9529419,,
Q12824,SMARCB1,26928.81122,66779.94409,20122.15681,20450.53149,55409.04188,47629.84719,11224.82252,,5035.832478,60220.89913,50458.01036,42216.07025,42777.39503,41828.21971,56305.89978
Q12830,BPTF,6006.329638,14895.54998,5528.773137,9225.140726,15610.96543,16828.11097,1872.927244,,2111.7225,17777.03803,23092.14158,19884.45385,17507.69699,15978.03948,29038.49897
Q12834,CDC20,9608.882241,22936.00977,9118.452567,8393.90286,10805.25977,14724.63503,,,,12284.60938,9495.251271,5814.799316,9075.112349,7796.134469,16782.45508
Q12840,KIF5A,26376.98047,22389.24219,,40006.61719,48300.29688,35482.33984,,,,58851.44922,85697.10156,68334.71875,49881.625,51252.50781,74921.86719
Q12849,GRSF1,10300.10652,50748.30074,22599.32671,9683.068303,38372.87704,34734.28074,,,,19192.85898,21639.02664,22438.84584,7202.431204,16337.47034,20260.15744
Q12857,NFIA,5193.172487,5781.053162,9370.383414,6418.874737,14302.656,22231.54102,,,,16246.16703,22168.9463,16318.94914,14664.50667,17217.7632,26685.49162
Q12872,SFSWAP,,4335.997577,,3351.474842,10002.33099,4721.650865,,,,8455.544287,6899.02442,6645.222521,5341.724332,3292.657537,8097.854116
Q12873,CHD3,2034.341625,7140.954659,3637.016994,5406.474311,11945.05976,15354.14066,749.1231948,,816.7376283,13273.57952,14642.83874,14181.64702,11873.28761,9170.420599,16133.53801
Q12874,SF3A3,20117.44141,57984.23383,25817.7207,26570.63797,46507.86883,45358.75508,4328.288169,,5456.236199,88752.82628,112845.1223,86929.54566,49528.78942,52599.9643,71435.8071
Q12884,FAP,,,,,,,57919.20829,36583.12786,48011.80679,,18753.71183,,,,
Q12888,TP53BP1,9714.348917,20441.66703,9359.060997,16019.24063,37900.96187,27461.31691,2661.014842,,1804.401851,58060.54158,57775.57877,55244.36785,30956.17878,27657.51037,48205.82297
Q12905,ILF2,58775.69939,159205.5322,72173.7496,58888.80392,146962.6761,147807.7323,11752.95235,4127.768982,11230.38008,254659.1021,290360.501,265975.7253,171505.3164,160775.5142,230610.1473
Q12906,ILF3,91087.09257,190896.873,102312.3777,106320.5789,180195.7666,181254.8666,19202.78526,7081.137627,21701.21098,287113.4846,310337.621,321619.9761,198796.2353,180683.8125,285735.6596
Q12907,LMAN2,,,,,,22129.66602,,,,11833.19238,,,,,
Q12926,ELAVL2,17487.67578,32230.64258,,,30959.19922,15363.37109,,,,10004.4707,54220.32812,33298.93359,23318,17107.34375,
Q12929,EPS8,8606.549202,10442.62097,6122.786537,3129.783365,13875.80992,12837.68944,,,,6671.809879,2206.763549,2652.648552,3376.736841,2694.340177,7018.475586
Q12931,TRAP1,309776.6519,413425.5544,588794.0402,344124.2563,210659.7526,340996.8216,182584.0479,194949.569,209554.8649,404704.6605,372915.9782,351887.8747,296136.6165,243263.7912,310477.2673
Q12948,FOXC1,,,,,2333.099121,,,,,5441.380859,3346.845947,3067.133057,3683.670654,5991.797363,12291.86523
Q12955,ANK3,,,,,12615.63281,,,,,,10731.87988,7380.038574,7272.339355,9692.87793,
Q12959,DLG1,21627.75,22659.07031,,,19718.83008,,,,,14923.08594,14534.21094,12417.92188,6568.203125,,
Q12962,TAF10,,,,,7871.375488,,,,,,,20965.13672,17243.28906,,25646.00586
Q12972,PPP1R8,7614.432129,10460.8961,9875.160023,3698.334658,11591.07617,9793.865412,,,2193.47998,16826.99805,16366.2444,10547.85594,6412.851877,11825.47266,31100.01562
Q12996,CSTF3,15551.90945,33574.26985,16125.20874,27001.08108,36478.78949,37707.62134,4207.050571,2996.164558,3140.195648,67902.15197,77497.52252,64644.19454,44403.82087,39052.90516,65921.14436
Q13017,ARHGAP5,,3152.867676,,,6336.951172,5797.742188,,,,4434.167969,2597.184814,2762.892578,,4357.153809,
Q13018,PLA2R1,152173.125,130552.0703,117663.9766,113302.0547,107525.3906,96829.38281,91813.24219,95671.30469,,96405.10938,102711.8203,100383.5469,145222.2812,123563.9609,125017.2812
Q13029,PRDM2,4029.599255,8782.819557,4275.338944,5526.819825,7996.779606,9927.427331,,,,13407.46804,15422.00833,18079.01865,7735.159625,11776.03878,18173.32645
Q13042,CDC16,3871.205382,9489.340826,4403.110594,3398.244325,12832.1351,7881.192662,,,,27363.07349,26942.71395,15609.93035,13432.83868,13106.9649,23183.03782
Q13093,PLA2G7,2742.41626,3949.285645,,,8611.47168,,554.2471313,,,,,7679.63916,,3674.911133,4344.913574
Q13094,LCP2,8471.151367,21601.26367,9043.327148,5904.751953,7550.959961,,,,,7419.237305,14036.06641,17343.69141,13651.17969,16915.06836,23217.30664
Q13105,ZBTB17,,,1633.995605,1316.046509,2194.571777,,,,,3475.401611,2578.679932,5251.875,,,1669.389038
Q13111,CHAF1A,11559.03361,22804.44309,9050.966095,12150.52004,31071.70093,23663.69734,,,,27723.85218,32656.54806,26213.65685,28390.95906,24075.79902,43757.18917
Q13112,CHAF1B,13869.7336,27046.26433,11133.2556,21559.11678,24138.38389,31804.28678,5603.082731,5956.933697,6859.562486,36088.75831,37890.92559,30832.19597,32660.64198,24170.25657,45125.53346
Q13123,IK,14506.39412,30514.27399,13338.63496,14160.17196,24770.26927,28581.07133,4244.491896,,3040.157673,49825.93432,50255.16574,47846.48776,33873.74787,31237.40355,43711.06251
Q13127,REST,4943.456935,26711.83787,7522.919407,4844.263961,14793.26879,14174.55024,,,,22573.22598,34735.3821,17758.78507,20162.19927,11201.5571,23875.17466
Q13129,RLF,4329.38188,15301.32238,5837.014889,3545.905969,8329.726551,7940.452237,,,,16640.48438,19110.83075,19999.6861,11152.75781,9252.260565,12807.5155
Q13144,EIF2B5,126392.375,102963.25,90298.25,99930.85156,101274.4375,88061.46094,91185.29688,114838.9141,100416.5,66463.66406,68609.88281,87611.78125,88760.875,99000.45312,93678.5625
Q13148,TARDBP,45690.98702,109496.656,39581.28601,52682.72133,101630.9462,88356.19494,47373.5656,11698.86241,39634.90265,153311.0449,156909.7053,169850.0504,121383.8753,111854.6951,166477.2198
Q13151,HNRNPA0,102516.7115,179624.4789,73799.66994,51942.49246,192186.8,179483.4562,34197.05895,12139.21724,41442.38183,296164.3125,218607.3865,332049.0938,256345.4688,240137.075,354326.3116
Q13185,CBX3,52606.08642,63818.59217,31887.16361,66062.09355,108791.5466,94049.58966,8080.258866,3663.024378,5672.383213,86743.20978,113611.133,102377.3417,94939.80129,99356.5159,138645.3155
Q13190,STX5,,24393.5625,28249.46289,,12505.74902,,,,,34776.25,39779.83594,30473.96094,10988.96875,28810.02734,
Q13202,DUSP8,,18119.91016,,,,,,,,,,16654.52344,,,16893.61328
Q13206,DDX10,3293.97821,10195.71231,4378.861139,3911.084212,7519.422967,21647.02909,,,2754.625344,14266.09079,20372.55583,26435.96014,10077.04292,17189.29242,23939.20825
Q13227,GPS2,,,,,16766.84375,23691.94922,,,,,15995.37109,11570.1084,,,19991.81641
Q13228,SELENBP1,33176.00831,27221.30493,32021.81369,18497.70073,20061.42987,27845.02849,155542.9615,115372.5687,139723.9012,20822.78983,16215.99975,28192.00586,17182.9435,23460.42431,29539.49119
Q13232,NME3,7451.780205,15406.14841,11020.33493,7891.814715,11504.36893,15097.08792,,,,7637.933841,19405.71539,8780.108742,9725.924802,5911.437794,10264.95841
Q13242,SRSF9,190712.4453,318986.512,184809.9488,357198.4425,433456.1423,486871.5485,69186.02999,50718.208,82249.76846,539967.9851,706282.764,673929.0952,502098.489,510850.2677,795548.4957
Q13243,SRSF5,13954.91451,35706.32689,13870.66433,6694.693263,24503.56641,24844.05897,,,,31855.29278,33648.68814,36855.99512,30666.49128,26940.62817,34295.61328
Q13247,SRSF6,39238.51737,79089.89719,40776.07273,64441.6483,78029.31848,109766.581,3335.357087,,3644.276538,98783.66828,129438.7618,123974.4442,82720.74851,84944.15006,138419.0529
Q13255,GRM1,8046.751953,,,,17288.87891,20290.71875,,,,40778.33203,,47584.61328,29721.19336,25416.66406,43564.84375
Q13263,TRIM28,22004.72335,53640.05346,19490.68997,29535.40935,59323.11628,64460.17312,4095.795562,,2572.2682,69095.75818,70052.60428,68760.97758,65804.69577,64937.73177,99191.25035
Q13268,DHRS2,49975.25466,113248.1213,65058.63901,19450.44269,51108.72197,45450.56927,5681.421226,2237.467092,5030.924281,19015.6546,17942.17983,20579.75134,31191.44288,33445.31594,62044.12215
Q13283,G3BP1,23120.19702,55362.67723,21886.47461,10192.98846,27690.5858,22217.09615,4516.907185,,1964.902662,36682.87615,17671.10456,22185.94451,15777.77106,14876.05697,20596.86745
Q13296,SCGB2A2,23367.21475,,15657.98595,8228.560804,24620.95058,9191.515399,9702.780929,14449.33873,16561.42345,14744.0481,22273.72163,8240.495672,22266.08583,12981.66854,6984.25883
Q13310,PABPC4,10186.00833,22956.81641,11984.76438,10371.56346,14092.47416,7071.993431,,,,14164.69097,9552.258089,6737.702431,3761.161359,2568.194991,5471.36465
Q13315,ATM,2254.159909,4896.368818,2930.700595,2619.159887,10199.84543,13757.13023,1370.235444,1925.668205,1645.191383,8245.114281,4251.849406,9901.170501,8819.099609,9146.25985,14334.47671
Q13322,GRB10,4117.409552,7621.788858,,5119.169172,4709.376999,5624.834695,,,,,2852.33752,4822.270186,,3126.046275,4181.804723
Q13330,MTA1,6633.742326,10139.16187,5105.828407,9061.297866,15976.26026,17163.99144,4357.172385,,3673.288292,21383.75265,31336.58185,23854.0157,16782.55526,17821.65617,33320.03767
Q13352,ITGB3BP,,6391.675822,12541.55038,,,20120.95218,,,,18589.1329,40208.7104,10323.05878,9510.380558,20109.93843,20963.07469
Q13356,PPIL2,11959.07506,36600.62161,5805.025821,11520.69599,9122.072266,35906.52809,,7003.267441,,30320.02121,41163.39844,11585.17457,27974.43923,13105.52258,10838.00879
Q13363,CTBP1,7803.548088,25551.44023,10987.35783,6750.312534,16336.70371,21966.67834,6809.709927,,,22649.63812,40191.27402,36413.96518,25893.4046,18686.92416,37987.09459
Q13404,,,18081.85352,18736.39062,,82070.53906,33135.09375,,,,17030.39844,16084.75586,11878.24609,7598.556641,7755.36377,8247.510742
Q13405,MRPL49,,11808.01367,,,7335.713867,6079.300293,,,,,7353.176758,5259.897461,,,3789.825439
Q13409,DYNC1I2,2667.334704,15721.48926,10506.97266,11432.79895,22154.14154,17063.03353,1643.755116,,,12252.10127,5765.480957,7645.067871,6563.585032,4081.581787,10924.23047
Q13415,ORC1,3594.663223,11402.223,4199.974223,4135.811845,7545.485277,9283.776367,2239.546931,,,19679.55291,19069.57201,22643.21875,15656.39941,12067.08418,23755.67111
Q13416,ORC2,12673.9708,18969.19387,17671.98113,23455.88005,44438.40588,43186.53604,,,,49466.02036,61164.73777,63074.5316,33001.85807,32861.5377,47393.58309
Q13418,ILK,19703.47513,31691.67766,13626.57893,21003.39182,38089.81615,41873.0617,5730.830232,,4709.425797,25784.06557,22357.06457,24437.53771,19265.62379,20978.01853,23320.09508
Q13423,NNT,5734.419153,14814.65809,12151.52453,,14587.20392,13882.72889,,,,14879.80762,19086.94942,10705.93816,5974.951909,6511.065944,13342.21591
Q13427,PPIG,6948.190238,13622.74118,4741.784164,8116.205518,19546.76211,19589.67936,,,,39538.22436,53654.39437,38837.89524,20579.76653,26378.67194,29704.47793
Q13428,TCOF1,13333.64781,27981.98735,15706.66038,14713.17068,25170.12045,31068.62301,2958.825011,,3783.474914,35354.10954,46130.79199,49025.22331,19160.16383,19579.96036,32755.31641
Q13435,SF3B2,29387.31207,63013.88302,30746.88394,27727.91907,54558.09356,45461.31722,4365.925366,1660.029186,4311.316888,110568.9759,116678.8439,106187.152,64425.92162,53463.18718,99360.39761
Q13442,PDAP1,8685.373329,8718.211264,9308.514576,28611.89762,54337.51321,46714.25126,,,,24077.12489,12730.38567,18412.21471,35486.70847,25577.16867,41092.30857
Q13459,MYO9B,,7151.662598,2278.256348,,3103.521484,,,,,,4865.314941,,,,7615.657715
Q13472,TOP3A,3078.969357,8513.041693,,3230.022587,9264.283835,11056.71052,,,1756.580154,8353.470955,7472.231603,9933.796847,12462.66723,10284.89292,17282.49471
Q13474,DRP2,84628.60938,,,91639.19531,184229.3438,126891.6406,18014.9082,10885.60547,,,44980.77344,48291.33203,,34117.21094,
Q13492,PICALM,2620.965011,6008.27114,,,22074.52132,23468.71611,,,,8997.715301,7182.274817,14922.96683,8384.19691,,
Q13505,MTX1,,6545.151367,,,,7704.249023,,,,7448.489746,5121.078613,,5275.286133,,3318.322266
Q13510,ASAH1,28145.16992,6979.411133,18951.83203,,,,,20782.92969,,,18393.41406,,,20090.17969,14430.80762
Q13523,PRPF4B,3478.563101,9937.798109,2241.598665,4993.138072,12229.39088,11877.19356,2213.525499,,,29315.40889,30881.15625,31944.10915,15077.15744,17731.16758,30960.66114
Q13526,PIN1,20759.49609,14373.26758,,2866.219238,34951.55469,32780.26562,,,,36049.84766,15665.88867,11126.96973,5459.490234,14355.39062,34178.5625
Q13547,HDAC1,6057.904749,19058.09231,6182.158615,7130.8033,16881.60423,14899.76201,,,,17333.15857,17423.85113,20709.69257,14687.08282,20349.95254,27225.28495
Q13555,CAMK2G,,9388.487305,,,5788.162598,9793.720703,,,,,3420.683594,6855.530273,,4270.17627,12018.58887
Q13557,CAMK2D,,,30389.38086,,21102.9082,26065.21875,,,,,13529.43164,21579.19922,16607.47266,,20024.74609
Q13573,SNW1,26049.68812,54733.60823,23455.14539,21167.2381,39076.10792,40453.91218,4876.995126,,4377.094549,70877.73858,88066.92431,76646.48926,48496.52607,44475.76227,72201.15647
Q13595,TRA2A,35506.61127,69883.49495,28385.57195,70728.17128,115399.6255,138456.0398,14859.56422,,18158.25566,149954.6543,186729.6074,188072.481,124228.9103,138921.0207,209050.6185
Q13601,KRR1,10220.85482,27855.84203,10373.30703,21890.11075,41052.32018,72713.62778,5043.335194,5538.433524,,57448.00879,71281.80594,93514.36152,51082.33948,57365.79865,76461.75752
Q13608,PEX6,,,18089.07031,,,,,,,,11155.75195,,,,
Q13615,MTMR3,,,,,,,44932.22266,,,46641.33203,51828.05859,,71200.91406,31524.5332,
Q13616,CUL1,6174.668125,14087.10369,5306.164096,,18806.61486,25909.56208,2874.332231,,2974.138193,29721.61855,27148.08441,29852.03015,10471.59771,12994.12888,20044.48392
Q13618,CUL3,6459.003711,8224.246094,9480.542007,6638.64655,9381.889029,5932.256597,,,3975.318422,9535.38568,11334.16602,10597.41343,2354.405809,10014.2722,7683.886873
Q13619,CUL4A,10861.14216,23776.41733,9181.507274,8034.947023,21171.64258,25569.18802,,,4209.27521,38171.49053,37190.53125,31977.4232,20870.30272,21651.22708,32349.73938
Q13620,CUL4B,4022.076501,9476.129337,5991.118533,6174.267342,10632.94689,11144.28586,,,,15817.02803,20521.07053,20202.59149,13528.10113,13506.79018,23330.9566
Q13634,CDH18,65312.26562,61453.27344,22948.42578,42451.39844,,,55729.15234,,,55073.88672,44018.25,55125.23828,54310.96094,58369.94531,34551.09375
Q13642,FHL1,,18825.42773,12614.56738,15281.32422,30768,26670.83008,,,,18952.91211,21258.69531,15632.05566,17960.47461,14321.89648,8453.643555
Q13724,MOGS,8225.14969,31224.2643,7548.568007,3871.630595,16780.79716,7403.191864,6421.400201,,,17082.73245,11847.51051,17350.16623,9012.663432,8796.661621,15955.77201
Q13769,THOC5,8983.037122,16212.95319,11127.40486,9647.477292,23607.12167,22538.0227,,,6461.468484,46608.97981,44769.88706,54107.65185,29487.266,26551.68666,45247.55149
Q13813,SPTAN1,8451.686892,15617.12838,10371.75625,12551.79721,36298.50825,25303.57336,4404.965371,2181.708388,2246.003918,45775.83266,37948.91617,34144.59393,15561.35205,15684.71201,26899.11805
Q13823,GNL2,6094.895428,19036.11596,7392.914005,10826.40874,21968.70323,29430.25039,,,,32817.19221,40464.74793,48026.81072,25350.96278,24611.54028,42825.66458
Q13835,PKP1,17382.33645,4504.004333,70587.80915,5852.446095,9773.688477,17872.69085,11654.59042,6787.994025,8863.866763,6155.672262,10624.11069,7157.749982,13233.45767,4481.49248,6381.55983
Q13838,DDX39B,75513.56964,155826.75,64474.86676,64742.49834,112146.9885,118477.997,15582.39246,4068.718228,12306.17596,214278.9688,225437.1898,252381.9434,165019.7612,134865.4592,237707.5579
Q13867,BLMH,19763.80892,4350.310958,7412.582118,2391.172079,7325.815168,12786.40131,11818.65385,8084.554474,10301.41984,4622.075161,13349.76927,6029.838338,12126.39125,6580.412853,9998.255564
Q13868,EXOSC2,2545.697578,13187.74769,4440.55936,2172.928827,8582.488904,18022.04505,,,,22034.16754,25367.43518,28732.02713,15908.17663,19461.48652,34812.99464
Q13885,TUBB2A,,,20638.93359,11335.46582,,8059.809082,7560.279297,,,,,,,,44370.16406
Q13887,KLF5,,,,,14580.5918,,,,3828.455322,9907.851562,13374.37207,19323.43164,,11848.52441,5751.168945
Q13889,GTF2H3,11645.60211,21648.39643,15848.35949,,24241.90663,,,,,45321.90389,35958.47992,28471.97844,25268.11997,23778.99754,34982.93098
Q13895,BYSL,9842.321877,29969.25019,7464.734491,6479.329263,10049.88964,33531.20113,1599.871021,,,42828.97853,47945.59517,55467.54018,29448.39575,34590.56497,40535.81666
Q13901,C1D,,25155.38086,30646.44922,,51161.71484,47536.67969,,,,85528.32812,121780.0938,105040.2109,55212.77344,74857.33594,124982.2266
Q13950,RUNX2,23233.3046,36630.40369,21543.79096,13991.95537,18098.73345,9678.636246,8285.884985,,4023.557198,7919.669197,10530.16403,19194.63404,13058.83513,10693.90124,24551.82745
Q13951,CBFB,14964.0293,48008.47028,26227.19125,,13469.39617,,,,,5463.820312,17324.66016,11625.86328,,8745.544217,20160.53912
Q14002,CEACAM7,,,64205.13672,,,,,,,,,,,,8010.723633
Q14008,CKAP5,22598.48339,45290.80141,16234.91019,20792.32247,33189.09446,33200.24229,4068.779033,,4238.276034,30539.61678,32363.82725,24808.88848,27636.33389,31357.92341,41350.02565
Q14011,CIRBP,24613.80665,43078.87571,7646.745296,6877.828787,52707.14453,42498.14158,3835.934831,3206.215989,3560.3113,67574.54688,71689.88414,55457.87011,57642.68359,40394.35938,80518.4375
Q14031,COL4A6,,17558.90234,18723.78906,11212.94531,14790.30957,,,,,,30060.57422,16380.11816,31692.89844,22684.12109,19021.41211
Q14103,HNRNPD,75885.18936,141014.6168,94270.37719,90781.66649,126154.2776,149781.5044,21385.20978,8545.370148,23745.94754,205146.284,239143.0743,224539.2364,139132.3894,127767.7102,175251.8091
Q14116,IL18,,,61123.69922,,,,,,,,43086.26172,83477.91406,,,
Q14119,VEZF1,9980.333631,24648.41421,8725.602331,10407.64943,24738.75841,25860.82518,,,3964.365504,40608.44319,50848.729,51001.7157,43583.26073,34553.47214,43662.38173
Q14134,TRIM29,,,18622.0625,,,,,,,,,2969.038574,,,
Q14137,BOP1,10793.50932,33091.56675,11190.5653,12295.95649,29017.44197,63294.00113,4993.403718,,3207.844938,48246.75282,58401.15373,78961.8345,44671.75903,52963.47993,82143.31774
Q14145,KEAP1,,4552.458008,,,,,,,,6340.750488,,6689.866211,,,
Q14146,URB2,4625.668924,7923.724178,5105.568993,3286.770683,2937.07747,12161.12752,,,,8385.777812,15100.14081,17547.19108,8002.1888,12802.69907,18614.75119
Q14147,DHX34,1752.208707,7094.558807,,3339.155599,,1447.42175,,,,13577.08868,18129.47013,15985.03562,8621.432674,5778.102429,10239.24992
Q14151,SAFB2,22532.39618,64742.2739,30162.107,43472.60266,64834.01891,77848.09207,5775.71203,,9747.367401,108681.8167,137492.576,127410.1166,81330.33357,90112.92055,138793.6897
Q14152,EIF3A,,12240.92163,5992.692903,6384.486397,6401.040477,,,,,,,11750.90151,5315.987933,,4982.491034
Q14157,UBAP2L,8668.825983,28090.16406,13144.51976,3447.103814,10463.84234,9882.902607,,,1903.526393,20155.45939,7784.484917,14493.05469,5766.730915,5137.434921,8927.017986
Q14160,SCRIB,4851.130699,7552.932352,3397.522957,9391.517011,20704.26354,11135.08615,,,,26067.85972,24137.59028,16524.20359,3722.459606,3147.579256,8084.468415
Q14165,MLEC,8202.873349,17403.41915,12108.05364,5022.005799,10545.156,15653.61048,1827.880374,,,24764.05128,30937.91424,20906.91723,12679.40497,14954.46504,20336.65445
Q14166,TTLL12,5996.410645,9265.274414,11793.59473,13218.33594,10299.44141,,8459.332031,11404.73242,8286.521484,,,11171.4082,3708.719971,9490.615234,5531.238281
Q14185,DOCK1,,,,,6280.670743,8348.534001,,,,,3963.84002,,5095.972646,2788.263035,
Q14186,TFDP1,,,,25313.60547,11997.65137,,,,,28375.5918,16756.72461,,,,21987.59375
Q14192,FHL2,5227.405095,16705.63486,7033.939601,19831.0284,22405.06324,22613.65183,,,,18620.59071,17024.0263,11569.41678,8463.267941,6899.918669,10465.74937
Q14202,ZMYM3,15685.91635,31788.12064,14676.55788,12491.27373,28562.81076,28414.36328,,,,34503.71694,39029.59237,31945.95636,35186.386,35565.9302,51480.02442
Q14204,DYNC1H1,10801.65344,29046.56701,16821.03102,13180.10498,40857.06254,31195.15482,3726.06319,1796.053969,2636.293823,17718.18121,9778.976602,10378.55089,13298.24493,11206.19385,12559.51567
Q14207,NPAT,6980.354674,10770.13703,9671.509927,9700.897444,15674.03516,11543.64954,,,,14713.12038,14103.50745,11732.49748,21735.40768,21321.48438,27238.74623
Q14210,LY6D,,,34448.96071,,2391.235407,,3439.043794,,5033.671179,,,,,,3035.706243
Q14241,ELOA,17450.04113,22056.41824,8278.725099,6504.434866,12797.40908,19915.98719,,,2799.690597,22538.14775,17966.83397,21978.58312,16338.76976,6095.906514,16745.0382
Q14247,CTTN,,,38749.45703,6984.274414,22803.08398,,,,,12577.41602,8020.183594,8001.024414,8001.072266,,
Q14254,FLOT2,,7711.197587,,2843.614698,14962.61322,10567.59602,,,,16590.4837,14681.85307,13249.81818,6978.135586,7422.380155,14720.88013
Q14258,TRIM25,,6647.749739,13765.53107,4385.754015,11348.4858,8993.301931,,,,15083.9556,15473.51387,14695.69743,4556.930662,5422.698791,5036.95277
Q14315,FLNC,8144.283459,21428.70009,12289.52204,8668.821608,15334.98014,8638.3086,1452.413546,,1467.476781,12827.73539,9854.395826,8886.0297,4791.716564,3575.44138,6262.485674
Q14318,FKBP8,,,2846.388916,,,6913.062012,,,,13702.36914,9554.269531,12336.97949,2477.776611,4943.551758,10208.28906
Q14324,MYBPC2,37761.78125,31159.875,19634.19531,35758.90625,39803.86719,42597.79688,229542.1562,210166.8594,253556.8906,50417.62891,22813.08398,45163.94531,21177.62891,29501.67578,34211.35156
Q14330,GPR18,36553.65234,68935.14844,57245.00781,49382.125,32995.26953,,60276.32812,,51386.69141,,77840.03125,,72720.14844,71444.47656,89746.57812
Q14331,FRG1,11007.92118,17423.20504,11161.33032,49172.44384,62788.53609,61674.74795,38301.92014,13436.0031,38066.13616,61144.87324,45518.72905,62371.39419,60037.74929,58025.59381,67724.43916
Q14344,GNA13,,,,,10888.21484,7374.307066,,,,16635.25781,15298.12045,13867.87813,,6405.880148,5883.02955
Q14444,CAPRIN1,20968.85804,54757.21693,28699.41801,16389.72242,26786.02225,13741.30959,1951.135534,,,26686.83027,15508.70539,11524.27455,10222.01227,7213.179264,13461.63912
Q14498,RBM39,20977.20157,54225.97516,31529.00771,30368.66438,62457.14506,59825.14675,9854.516728,3880.856404,6391.333591,74787.88848,80003.98198,77053.93421,54881.73082,49818.65966,87201.57876
Q14527,HLTF,7657.583984,12532.23946,3269.283412,5549.364925,18675.04802,19927.09106,3530.708044,,,19744.14344,22251.90941,18286.79028,18469.43548,14268.12268,24598.97903
Q14554,PDIA5,6292.45752,13119.0332,,7591.220703,7251.597656,4283.112305,,,,8502.918945,,,6831.478027,,10343.31738
Q14562,DHX8,1922.08275,5218.742177,1661.711726,1936.258185,7273.874739,6383.192371,,,,17206.16739,21464.72521,17064.82082,11577.22161,9648.551465,13074.40048
Q14566,MCM6,19494.07518,33944.68669,14129.66775,31128.33854,57111.12737,53128.28614,3941.20993,,7413.766689,58690.69091,60019.36147,54428.65683,43157.78655,40117.10646,64685.2484
Q14571,ITPR2,,,19191.10938,,,,,,,,12119.57715,,11320.0498,7244.470703,
Q14573,ITPR3,,4421.098633,4103.920898,,4897.968262,,,,,4952.835938,5253.675293,6638.464844,,,513.1955566
Q14574,DSC3,43334.54688,8887.425554,19602.31029,9650.910857,8398.23531,19175.09837,25949.24196,6636.512079,16828.07931,13538.43769,23268.08594,21998.58266,16171.37456,17146.07623,14837.46515
Q14624,ITIH4,12090.84574,12750.72435,7093.198841,1200.06719,2130.372444,1967.322136,2317.827478,,2055.92069,1265.908043,1270.471471,2120.956152,1905.513269,1234.210017,1257.818391
Q14643,ITPR1,63274.625,42876.82422,43776.11719,49041.51172,52955.08984,73552,66271.50781,59438.17969,77006.14844,52814.97266,57070.13281,55071.14844,68828.82031,54988.99219,45536
Q14669,TRIP12,15828.449,32853.2702,13099.16784,12606.76169,22596.11202,24489.24663,931.9297168,,827.8508119,34147.99944,39681.84971,33902.94789,29590.79192,27869.74069,48482.60496
Q14674,ESPL1,5408.162413,9224.312936,3665.977269,5666.902397,12426.14062,16376.35682,956.0154951,849.6989702,856.7548478,8687.743164,5619.496882,5343.887596,8661.640798,4714.862135,7619.574219
Q14676,MDC1,14744.39305,32599.92434,13669.61898,13859.42934,29513.97011,29926.8183,1609.953382,,1151.984417,40717.43666,45326.92627,41915.9422,30100.5313,28109.29513,48824.31283
Q14683,SMC1A,31963.77544,57964.7726,30386.41824,36749.11158,65259.09375,73121.49015,7837.111073,2778.694761,4784.735874,69783.3419,77276.65697,67169.45507,61715.4744,61621.17397,97832.80416
Q14684,RRP1B,12018.86348,31080.90573,13899.18029,8602.878036,13799.92718,30489.36055,1016.934568,,1594.024317,27890.66238,42463.50117,46239.59975,26433.14651,26216.09058,39952.79964
Q14686,NCOA6,,7865.73094,4804.103146,,7770.0953,4907.871393,,,,12439.33798,15753.8579,11480.04167,6314.498966,,9240.499225
Q14690,PDCD11,5642.277464,15734.94998,6426.352589,8292.636236,16283.58387,34373.25391,1572.404952,,755.4776108,30161.84734,44341.30898,56961.07986,25412.64755,28462.08236,48290.53722
Q14692,BMS1,4931.909266,14469.15718,5692.440096,7172.408902,12944.5092,24793.68235,2643.55424,,2642.812838,18636.07577,28087.71111,46734.74304,17931.16942,25108.15007,38290.26542
Q14693,LPIN1,470306.6875,334699.75,338942.25,213179.0938,350685.0625,410840.5625,444152.6562,237755.6875,426867.7812,425501.1562,240693.25,304574.7812,403277.6875,384364.3125,315671.0625
Q14694,USP10,12941.21796,41027.69001,26031.24449,,28318.17407,25209.3493,,,,19821.513,12558.36294,7986.783213,9130.005438,11170.18192,18796.20126
Q14697,GANAB,,6552.389648,20839.34766,4666.953125,7850.86084,3763.786865,,,,8993.660156,6167.064453,,,,
Q14699,RFTN1,,16514.28516,8555.575195,,11403.61621,7156.873047,,,,17132.35938,12064.74902,9119.924805,4751.609375,6549.723633,8260.3125
Q14728,MFSD10,,835.0888063,,575.0481444,521.0476301,4024.941797,1629.976953,,,11718.64541,19245.25781,12492.72658,4191.5481,6650.011216,6624.269049
Q14739,LBR,89116.41393,163118.8625,88764.48631,60095.95614,97369.6201,104946.8445,19346.94449,7081.577362,9836.511224,130954.7154,160059.6404,137912.066,122177.4041,112895.0629,196588.1666
Q14764,MVP,,,15976.8623,,,6926.900391,,,,,,11402.03711,,,
Q14781,CBX2,8317.865174,23975.14288,5277.307943,9406.662663,11088.25098,17922.92319,5472.519997,,5281.327732,17569.97558,15996.20703,19763.28885,18511.36868,22910.40625,31224.97656
Q14807,KIF22,20610.64435,44731.66349,19459.13627,23080.41884,43224.48116,49099.23999,1480.659369,,1873.897923,38140.26844,48014.87663,45401.47142,47909.21525,53632.9871,87393.80097
Q14814,MEF2D,5434.262608,19592.7168,6647.514265,5683.913029,11946.52734,14881.11548,,,1625.631656,7965.90009,6338.73584,6172.09557,5061.314535,6085.185755,8599.4644
Q14839,CHD4,27346.07547,61813.43848,24069.83487,26587.37161,50280.08974,47290.67908,3212.769666,1941.265012,2641.245005,64311.56504,75232.98697,66325.61929,59653.10584,56354.1155,89685.28392
Q14847,LASP1,28446.97904,39885.80608,34763.16227,86879.4127,128582.0495,105556.4827,11512.59121,,8326.887067,54809.42797,53132.0119,41067.53458,30102.1009,27790.53431,34022.28708
Q14865,ARID5B,,4800.780645,2964.148193,,4785.568111,4212.162776,,,2170.737652,13068.8055,14895.49805,9998.118699,8947.311694,8051.459473,12178.69044
Q14919,DRAP1,9192.34198,13489.81606,9269.992627,15571.43843,13612.26837,12556.61576,,,,12691.08261,16148.60036,17289.053,6440.024937,10387.73757,22031.46122
Q14938,NFIX,3582.955377,,3384.973054,,7665.402038,12481.73633,,,,24335.09567,20563.24219,15083.73242,24155.48909,26759.39434,30681.0325
Q14956,GPNMB,23147.67578,,33645.71484,,,37210.05078,24275.7793,23424.07031,,21245.05273,22816.96875,,24672.53125,16020.22168,42129.04297
Q14966,ZNF638,20849.38097,43382.02229,21859.17382,23311.55499,35295.72317,47314.95062,3544.965674,1096.619456,3592.17014,66497.03763,79760.34215,80928.4979,50987.1474,55244.83232,84943.7181
Q14974,KPNB1,9810.628211,32758.96942,14378.33127,7513.051882,19439.82801,15090.75413,3414.432832,831.152342,,33571.34162,34709.82405,32537.72235,23378.07077,18264.77474,34744.19657
Q14978,NOLC1,9514.264552,16039.39531,8782.067257,13662.14205,20298.50289,39696.70698,4094.763865,3585.556524,5716.729223,21639.05502,37400.10377,52672.55469,13944.36544,21227.31587,38694.08902
Q14980,NUMA1,44414.64849,75475.95379,39113.9686,49389.6837,84751.29039,80962.48794,6335.086627,1846.245634,5531.840142,108500.1928,128191.492,109403.4083,95087.66453,83506.0989,130761.3275
Q14997,PSME4,16918.47461,14694.90723,,1756.615356,8310.074219,8293.132812,,,,9684.470703,10019.58301,12772.58105,18272.13867,8745.59668,4898.416504
Q14999,CUL7,,,18405.48633,16411.41602,,,,,,,55220.03125,,38321.51562,,
Q149N8,SHPRH,5900.933105,4708.270508,,,3910.718506,2665.759521,,,,4737.449707,,4597.82373,5725.527832,3789.609131,4276.693848
Q14CN4,KRT72,78681.13281,,87815.33594,,,,,,,,22390.8457,,52389.19141,,
Q14CW9,ATXN7L3,,10072.00195,,5024.610352,11838.97656,19053.22852,,,,19873.26953,7706.484375,16043.77637,13576.65723,11370.68359,6704.438965
Q14CX7,NAA25,6506.110352,20990.95117,,,24964.76172,25253.11328,,,,13813.78125,,6833.943359,,10486.78711,12764.72656
Q15003,NCAPH,,7764.071777,,,,2495.410645,,,,,,3301.777344,,6596.434082,9968.792969
Q15004,PCLAF,25250.90192,61925.31798,20571.29031,33921.19672,59346.20398,52896.02872,7542.568306,3572.783452,5417.19197,35379.81059,34384.54857,44412.30078,51378.8282,57860.98061,82623.26123
Q15005,SPCS2,16634.00031,32713.14648,21311.076,15090.62094,25171.22706,33625.89062,6677.61498,,,51410.38281,40468.59588,63576.64453,38559.32422,27217.33711,66091.42188
Q15006,EMC2,,14863.34277,10508.62207,3105.454102,7007.841797,,,,,23983.24805,20022.45703,29071.20898,10745.9082,16293.06543,26949.79297
Q15007,WTAP,4383.273247,15963.50127,8074.113697,17223.02197,21559.60347,23640.11688,,,,51106.36206,58519.30122,56088.86537,30860.18568,32248.86964,40020.13576
Q15014,MORF4L2,17954.38806,35383.73611,23967.92461,16924.3747,55411.93573,50917.81874,5882.518557,,2800.811902,48848.51094,55790.74848,42305.34513,37645.42005,28853.35716,44060.16062
Q15019,SEPTIN2,12986.65219,30443.76932,17357.01521,21279.96519,29675.56774,32205.72686,7501.438442,4021.010362,4361.822112,22514.77069,22317.02961,16813.70666,14472.83532,16799.07941,18735.76791
Q15022,SUZ12,9721.244494,28385.28556,10104.18013,9704.223426,37388.44132,40751.15506,3129.107619,,2991.93154,44930.37037,47638.7622,48620.76032,43758.1615,34924.12598,65365.17852
Q15024,EXOSC7,6028.962775,16834.8308,6305.230359,6960.468526,10172.31791,25400.21843,,,,23515.16444,33562.85706,40137.90726,20178.45683,22828.97656,33812.98703
Q15029,EFTUD2,11314.37136,34011.07932,12172.52555,9804.754868,23091.92502,26759.71492,2247.578313,,2152.643142,72413.41302,83132.88335,69967.64478,41667.24677,36899.02749,59836.09585
Q15050,RRS1,15138.1149,36207.62084,23390.38922,23086.25015,36898.47332,64896.28317,2779.37364,2441.529499,6054.413701,54828.00641,72235.59203,100434,42271.35475,57098.93757,89998.40535
Q15054,POLD3,5923.189485,12772.45519,16604.81999,5277.615337,9001.378249,12642.43084,,,,10116.41366,13138.20382,12014.29156,16688.90798,,18182.33884
Q15056,EIF4H,17481.15549,12041.80217,20478.1389,20886.84103,40705.02508,49168.16047,,,,13414.12262,7432.428441,5964.582285,13895.93093,8524.111374,13676.63285
Q15058,KIF14,4495.866577,3300.444717,,2412.382377,2889.969937,3700.773257,,,,4612.795965,,5568.879191,,,6983.220762
Q15059,BRD3,13603.91461,16044.3046,8833.335385,20186.56015,19948.96681,21647.657,5536.701854,,,28701.92881,34781.68757,30816.59003,20990.41755,21254.58824,36525.68209
Q15061,WDR43,9780.437932,29496.69437,13030.79076,15340.80583,23184.7891,42070.54077,3546.349216,,2823.453561,46466.65004,65061.68498,74594.46734,35746.51725,39214.99265,73653.15073
Q15075,EEA1,14112.33887,18613.60352,,,21019.30273,27508.91992,,,,18654.86328,45791.9375,,14503.73633,9805.199219,14902.40332
Q15084,PDIA6,,15491.41222,55392.18458,,8659.869628,,,,,7533.658534,6679.995173,,,,7207.832522
Q15125,EBP,,60277.63281,104357.9375,67589.67188,77921.53125,123135.8828,,,,60041.42969,107268.1406,65954.82812,73986.59375,72206.54688,92455.36719
Q15149,PLEC,79171.53675,168025.1281,87217.08236,50246.38736,101675.9576,74277.00632,33065.35935,8779.683239,13644.24417,119785.7697,91993.50582,84463.80004,42930.40332,31763.93584,60575.15971
Q15165,PON2,117887.0312,4680.22998,,27016.00391,,84290.53125,133883.75,,155272.3906,114895.8438,40507.56641,95888.67188,98308.59375,68290.82812,
Q15181,PPA1,,,17544.82933,,,,2120.778914,,,,,2537.039297,,,
Q15208,STK38,7376.422363,7630.541992,,3929.496582,5721.603516,,,,,,,,,,
Q15233,NONO,167005.3184,321488.5589,163506.968,129000.0182,237864.7244,263918.5673,41444.09817,14023.50714,46018.06534,377012.3254,408476.6725,397898.3937,307555.545,285354.1137,428373.6352
Q15256,PTPRR,,,99766.5625,102694.6875,98320.53906,42958.19141,,,,64334.23828,124411.0547,,,45202.80469,
Q15269,PWP2,1667.381803,9227.177614,3903.69955,5134.19805,8784.798106,13130.77765,1227.905626,,,18075.4247,19590.02649,30369.18445,13863.51815,13499.28699,23147.05247
Q15286,RAB35,10622.74219,22632.26432,7009.559818,6700.972168,23614.86318,24692.87677,3866.252964,1319.950483,2208.868685,28842.06251,25378.35231,22930.93016,15540.32036,13442.96631,20163.51864
Q15287,RNPS1,27045.90041,64859.1443,24112.76268,36079.87589,62788.21703,59221.39599,5413.582569,,3336.173111,117003.6442,98898.32025,156317.3755,86086.97872,87805.15625,130026.8861
Q15291,RBBP5,5908.944905,16882.34718,5238.037107,8363.038816,17542.4777,20947.12119,3783.290996,,,33066.66211,37571.22128,39079.19339,25511.10125,20334.14393,39941.92303
Q15323,KRT31,,,2232.297607,,,,,,,24802.94531,,,,,4634.469238
Q15326,ZMYND11,7576.105828,24799.98155,11545.24186,11074.99224,15720.51109,20110.785,,,,29555.79868,27522.64857,37826.92832,23305.69595,26995.69322,38387.40227
Q15345,LRRC41,551.6975169,,,2841.58436,6412.485604,9047.099295,,,,12196.86906,5559.037422,8574.482053,5410.223347,5462.679715,6879.964122
Q15361,TTF1,,5480.910682,2206.792395,2511.076363,2918.904622,5451.549402,,,,9088.588184,11134.83361,8773.807017,4910.709484,7328.424714,10084.79367
Q15363,TMED2,,1861.212524,3601.851318,,,878.3173828,,,,7040.827148,,,,,
Q15365,PCBP1,92141.5941,167256.6336,112202.5046,126893.6564,200525.6562,206418.5895,16929.9576,5260.32149,18954.44441,180856.8805,208090.6897,165819.1587,147056.7481,142730.8639,182298.8707
Q15366,PCBP2,79867.5187,148334.1533,84310.03363,76610.46854,122872.7321,125450.1788,15900.58424,9921.197436,12880.6061,116389.1229,137671.8295,117385.703,102290.5283,100461.0872,137212.3461
Q15369,ELOC,,18200.79,16668.88248,9226.09227,10314.11028,5579.297958,,,,32444.11263,14951.10082,20850.23258,20328.64196,24473.24707,10047.23853
Q15370,ELOB,6054.235351,12727.73283,12130.77163,12198.78068,33981.98035,12980.17788,,,1919.795159,22481.01521,23669.17453,28925.61963,9585.846588,12057.71973,23979.45004
Q15393,SF3B3,18314.39981,47449.57789,21638.257,18633.94292,34260.05854,33660.0871,3727.92966,,2628.071398,88726.54867,85970.72685,90847.42164,48512.61016,44605.45323,67166.77625
Q15397,PUM3,11904.09318,36925.36672,15075.9542,14543.58971,32471.4396,54988.47943,,,7526.803763,39225.22854,65762.80469,80544.27944,47674.4673,59294.00781,86145.9375
Q15398,DLGAP5,30688.48858,49773.95752,27180.91259,20209.20606,42938.73438,49347.96144,7056.332044,4209.584526,5402.80867,30121.49208,34808.57048,25202.47908,47097.17798,49700.28886,73577.9281
Q15399,TLR1,37869.01172,39728.87891,33979.71094,28446.19141,20718.86914,34292.58203,41113.94531,26591.76562,,40600.50781,43021.89844,41901.40625,38895.57812,43547.07031,42555.77734
Q15404,RSU1,28981.91276,26172.57089,31772.42131,19590.64421,49907.75477,44499.77375,,,,28731.55788,38924.67457,26866.09157,27670.94089,25583.3983,26904.63432
Q15413,RYR3,31108.55172,10377.51709,7787.105851,2947.458642,6863.187437,20011.29092,12444.04517,8499.19719,14593.89962,11713.31827,8631.706144,24519.96625,15783.76835,23298.45261,11247.69706
Q15417,CNN3,28647.70787,57156.89197,39198.63793,20491.27527,46551.56881,35191.01488,7796.952688,2534.757027,3979.182207,25806.90634,23767.25713,22158.26713,18555.31445,16733.21119,32459.53906
Q15424,SAFB,54028.13281,110466.2833,58900.36581,86936.05355,114475.4648,139808.4588,10761.65511,2659.212464,9538.476643,192990.3491,246133.5166,238720.2869,151928.6679,143454.2175,228249.2316
Q15427,SF3B4,25557.62449,78545.7004,50349.21484,53012.70034,89799.29865,67712.46875,,,,134608.0082,156108.5,137712.1875,75008.5132,77120.96678,95996.9012
Q15428,SF3A2,26130.54776,56052.62808,35878.0339,27302.02697,54069.53964,41389.46839,7497.58264,3613.105161,7413.652792,107874.4137,116143.08,82267.46314,54568.84052,57420.06163,91525.38251
Q15434,RBMS2,,13998.31152,11724.86426,13622.25781,,11806.54785,,,,15965.93652,26040.30859,14097.84668,,14204.00488,25359.86328
Q15459,SF3A1,18415.33002,40801.29213,19761.61413,26037.79991,47232.85207,37103.17664,3613.342845,,3684.36038,89528.5891,88940.25693,66699.45137,43362.20364,37740.69638,64455.27518
Q15517,CDSN,65853.64499,17038.07377,61425.23798,21649.1582,46627.93143,71998.45312,50206.44531,68986.46875,44299.57221,38430.07031,61947.94469,41251.62546,29023.84766,37686.53906,45705.11885
Q15528,MED22,22732.85129,24217.7592,14127.45332,22139.80677,18686.05313,15657.20472,,,,18703.02506,20746.81805,20103.94733,,11546.87362,20712.42448
Q15532,SS18,18179.34766,33045.50781,24986.34766,33274.38281,14336.66406,34871.6875,7214.662109,,,32137.44922,40513.75,43950.48828,20526.79297,12642.17773,38983.47656
Q15542,TAF5,1506.541606,3979.394799,2281.079553,3623.186586,9131.283885,7968.599821,,,,17230.19197,17461.86532,13778.86879,8935.918391,11878.50503,18679.93603
Q15543,TAF13,1637.877686,,,,,,,,,4639.880371,,7171.913086,,,6323.85498
Q15545,TAF7,3055.677612,6330.260383,,3401.781498,8342.790417,7656.734661,,,,9596.275995,9840.85877,12025.07643,12325.33323,8435.472994,13885.67834
Q15554,TERF2,11048.13754,33490.41422,9897.501583,8491.96737,24961.73387,22056.25822,,,,36378.68217,36208.38193,38047.93517,25813.689,27727.27638,41788.54889
Q15582,TGFBI,34344.14062,26226.13672,34534.02344,,29324.45508,43085.51562,,,,38811.72656,26818.38672,27265.67578,36876.11328,18995.80469,26192.92578
Q15599,NHERF2,3801.373179,8044.224158,5006.57696,5687.681115,16349.6327,7665.849077,1689.288164,,,15861.96242,8689.062447,8358.255859,10891.81791,,12793.78889
Q15629,TRAM1,7648.231662,15744.30038,5954.326845,4344.337545,10449.1539,7959.534869,1745.857313,,,6582.289692,12999.1064,16064.00145,5096.384523,6012.604483,10558.04391
Q15637,SF1,29835.96279,51992.17076,23231.14453,17059.00145,40439.50208,40823.38429,5238.526633,2643.202991,5018.15929,54391.16556,53937.84711,46192.26953,41825.43182,36130.4375,47062.827
Q15648,MED1,26641.48043,29519.68349,14760.69802,34657.29543,24110.27582,20364.63335,,,,36916.85002,26575.27766,24364.43066,20503.68408,16923.37198,23078.19078
Q15651,HMGN3,16616.93339,28447.97852,13455.62718,42238.62457,71133.84487,79003.69777,3658.393139,1279.877386,4556.260338,68042.33148,78802.12576,82394.02388,49815.7001,70233.39051,83241.7927
Q15652,JMJD1C,2498.271795,5215.657928,2627.696347,4014.486597,6976.754419,7009.266911,,,,11823.92969,15959.79969,14202.54688,6904.135742,8983.510666,13867.81458
Q15654,TRIP6,,,,12098.19531,6347.782227,5438.694336,,,,,,,,,
Q15691,MAPRE1,22531.06061,30993.23908,31892.63585,27847.58239,32323.1421,38593.2525,,,,9238.906795,,8959.576721,15040.70174,,16344.06418
Q15717,ELAVL1,82433.13758,171497.3197,88900.63535,92006.93951,162314.3906,160242.334,19297.49966,6395.979121,20498.74839,266745.7127,295367.152,277414.6769,181184.7979,165481.1766,256785.7194
Q15723,ELF2,2505.591498,8257.957237,4535.270349,5392.641194,11658.17363,9174.975393,,,,10290.14951,6644.411033,14478.90862,4479.269572,4582.652485,10333.26809
Q15735,INPP5J,120671.9375,235295.5312,265385.4688,209595.2969,199954.5156,182430.7812,272471.5,266065.9375,273612.0625,172637.0469,179949.9062,155890.625,180573.6719,247026.3906,254397.7188
Q15746,MYLK,15824.93066,14943.47461,18977.53125,13572.2832,21355.79883,18465.125,,,,33654.875,38262.35156,30405.7832,18807.85938,20678.49414,39604.13281
Q15758,SLC1A5,,2747.222562,,,4413.930978,,,,,6378.039334,,,7087.555074,2402.595508,6133.517942
Q15773,MLF2,22219.31464,,8251.528329,13646.15534,14153.98786,16327.21219,,,5615.113048,50890.54034,48213.92035,49865.44428,22045.49428,25830.24011,34317.37526
Q15776,ZKSCAN8,8403.326321,11480.10442,16587.35701,6535.476631,15940.8556,7732.590359,,,,19358.37976,19555.31667,18273.19439,16095.72274,16623.24449,23302.22784
Q15785,TOMM34,43319.39319,56583.84935,51285.77323,28851.30318,64537.0349,55486.24815,,,,24149.03866,25777.41761,24995.90028,24536.92515,18540.38664,21168.88739
Q15828,CST6,28793.24182,14308.14613,24571.67733,10709.61303,21052.53037,10162.8479,30021.6983,36349.04207,45202.49086,14878.1558,26037.77783,11170.61574,18846.98797,21056.52798,22921.97786
Q15843,NEDD8,8968.848633,70126.60156,36127.22656,40879.07812,84615.86719,59259.83984,7693.962891,,,133410.5,150274.7344,112116.7578,66153.09375,66575.04688,93977.40625
Q15849,SLC14A2,563934,515319.8125,502726.3438,522604.9375,526696.3125,493216.125,261784.5938,223290.9688,235697.2344,477750.6875,491821.9688,539514.625,551803.375,472157.875,465788.75
Q15853,USF2,19312.56836,33015.57812,,,10113.00293,8145.638184,,,,19612.8125,19289.92578,19389.53906,14364.98633,22015.67188,30356.85547
Q15906,VPS72,75158.36534,47086.77242,49354.46403,51381.17422,55810.3213,68996.42814,10337.76406,17400.3309,,86855.62432,105214.0625,114248.1273,79370.18312,66899.93414,83100.62142
Q15910,EZH2,,16333.14475,,5925.983365,18518.60988,17211.41139,4698.875989,,,17896.42969,17325.0385,20798.8125,16520.61776,14456.51647,28056.34789
Q15911,ZFHX3,1916.252896,3276.001631,2164.059857,2491.943668,5034.626105,2876.848394,,,,7587.305508,10163.61223,9066.974544,5443.647697,5311.41008,6416.825278
Q15942,ZYX,4794.199181,9780.552673,7763.382988,19929.41375,28173.50128,15578.26719,,,,9590.869153,3098.339301,9597.996109,,3596.225378,3350.169515
Q16181,SEPTIN7,26122.01465,58024.77498,27816.53011,52708.81691,76658.73222,75427.02102,10884.44661,,8327.195623,68996.41444,55131.27233,52837.40896,36123.41517,37157.64991,48147.30501
Q16513,PKN2,13335.96086,32068.9314,5158.962447,10299.6623,23399.03691,51352.02158,,,,39868.94539,21361.44306,16236.19233,8947.829186,19419.61642,
Q16514,TAF12,,38754.30078,,47241.84375,48679.75,33065.88281,,,,75911.0625,84671.47656,39716.82031,14064.9668,48687.76172,33487.34766
Q16527,CSRP2,48528.29893,81728.29688,44221.9618,58794.43968,96356.55987,88727.31745,25443.13769,14933.68407,22388.62014,89567.67761,72282.12526,67038.92179,47940.65675,37503.07228,64082.26088
Q16531,DDB1,15944.45025,34770.2438,14518.71536,17765.79207,40029.34876,47561.84976,3314.743623,,2558.602192,70351.42288,76849.93222,83312.43532,53307.79716,52126.14922,81339.66482
Q16533,SNAPC1,,2359.473145,,,998.9121094,3347.273926,,,,,340.5143433,,,,1579.686157
Q16540,MRPL23,15106.03469,18758.28038,6316.053936,5918.380707,14833.76287,14048.76371,16229.02344,6256.505738,5405.196084,9906.978398,6056.19302,5844.845951,7933.590352,7357.650138,4428.222275
Q16555,DPYSL2,,,6481.381836,5009.595703,9674.498047,5417.418945,,850.8221436,,,,,,,
Q16560,SNRNP35,127661.6406,198268.2031,114665.5938,168492.7344,224362.9688,249365.5469,39995.22266,,37206.30078,299426.25,396264.1875,378716.8125,263124.3125,304057.7188,340527.2812
Q16572,SLC18A3,47309.24219,80911.07812,83539.51562,,,,,,,49374.44531,63914.58594,53856.90625,,,32374.75195
Q16576,RBBP7,14116.68457,22430.99315,11233.13323,12293.14412,27285.50872,19832.70693,,,,36250.76761,30768.01172,40565.17899,26126.84132,24574.9123,40368.45731
Q16610,ECM1,55747.42925,23969.47758,33646.07046,5282.01857,13588.17969,31719.62922,28908.49153,10925.49146,20527.17939,10570.83548,27291.8963,12031.35476,30216.45487,14138.00053,20134.75232
Q16629,SRSF7,96317.41679,212201.4895,108514.9946,151267.7613,198410.8871,247360.9746,24442.96465,7248.328535,27231.50421,280372.7199,347948.3235,346810.696,237288.5993,236982.0871,344871.5287
Q16630,CPSF6,17141.23704,47477.03924,20163.68584,20274.6591,42985.15019,45006.99609,6704.103964,,8756.230543,41030.17941,37021.39999,46921.66482,39105.819,35811.70596,57485.16523
Q16637,,,,,10549.25586,,10873.51172,,,,17429.33984,10894.31543,23487.75195,15291.43555,,21859.07812
Q16643,DBN1,10897.15781,27278.40326,13956.94708,8161.129819,17404.67823,13082.33497,,,,16809.84608,9718.150763,7449.835054,6124.570683,4929.085198,10527.13896
Q16656,NRF1,,14214.39588,15174.63795,,26187.45869,27712.38386,,,,12831.85435,17808.00492,18808.38697,30506.6292,17331.302,22407.15427
Q16658,FSCN1,3272.562069,7143.707462,7436.916186,14645.44521,40989.55123,38933.91319,4872.263957,,,12621.44093,10873.47598,15947.68688,17941.81423,10550.78787,22811.59452
Q16666,IFI16,32309.06681,78459.14146,34689.49668,18596.75117,29365.70393,38416.91887,2334.074479,1402.983833,2646.100797,57724.82818,67755.59947,65788.93139,26593.12826,30686.10253,40929.39806
Q16670,ZSCAN26,2246.056026,11522.74151,4821.875051,3515.131085,3592.304649,8800.241165,,,1900.327379,12009.74067,12435.83909,12025.08547,7950.131928,6952.403158,10988.68215
Q16698,DECR1,11572.31934,17298.91797,11249.22065,12779.56493,18832.13987,14027.11055,,,,24239.78152,28133.77001,23529.66729,10384.08907,7961.941209,15606.3716
Q16718,NDUFA5,10897.35476,9303.171094,5331.338099,3907.444047,13204.55286,16361.23673,,,,16113.00142,12637.10698,7773.707989,5754.924367,7413.800584,12245.1171
Q16763,UBE2S,,3187.600291,,2426.226245,6181.781226,9793.193478,,,,1697.334348,,,,3864.213056,2153.409156
Q16795,NDUFA9,8174.632213,21019.65273,6978.87619,,8203.757226,13165.28906,6494.493042,,,10037.07525,6537.923238,10942.84516,7651.449905,4520.122061,10909.85436
Q16831,UPP1,,4550.806152,26443.89648,,,,,,,8547.287109,,,,,
Q16851,UGP2,21332.86562,14857.60449,21935.96186,14317.12345,22396.17718,24147.21965,,,,14106.19018,15982.83887,8361.764,11914.30078,6621.393555,9195.203125
Q16853,AOC3,12491.75659,9058.741412,,,9667.718118,9989.480498,220391.0775,211283.2079,244425.1638,11413.8225,12099.75536,13178.11703,10983.41173,8796.128149,10537.238
Q16881,TXNRD1,1887.265462,7346.038636,3104.893166,,18951.38592,5065.444814,1442.850044,,2663.925557,7805.423378,,,3119.457747,4785.663567,3688.377142
Q16891,IMMT,15682.5548,37158.75345,19444.1742,11085.35422,22603.31608,20492.38557,,,,24905.04446,20527.04478,18990.41444,11748.4533,7269.708657,15726.86553
Q17R98,ZNF827,,,,3642.043945,2607.527832,1808.527222,,,,2218.758301,2893.237305,4006.031982,4905.483887,1426.277344,4648.505371
Q1ED39,KNOP1,5279.935054,10632.42234,4956.994794,5245.711781,10027.06752,18210.84587,,,3331.576826,11518.28383,20485.53812,27203.75838,17696.34402,15873.97223,28666.88531
Q1KMD3,HNRNPUL2,38899.56798,80069.82629,38587.64169,44100.84978,79085.89352,79160.43721,20332.19501,7189.330068,13748.32816,144567.8151,157256.0566,150286.4466,110804.5295,98793.57366,152431.8634
Q27J81,INF2,,3768.545519,2640.260286,4917.359081,17298.13112,6893.772469,,,,9428.963453,5306.42026,6457.726075,7009.13736,3783.456601,5678.299745
Q29RF7,PDS5A,14759.00655,36546.50945,13093.79153,25639.79252,55291.32578,57008.52961,3418.665235,,3307.148988,58966.66487,63676.41893,63308.52684,46764.93675,47872.50275,70333.19767
Q2KHR3,QSER1,2891.337612,8909.133968,4083.686597,2095.92238,4460.705374,4983.869182,,,,3579.086394,3777.195821,3783.810951,2292.964179,2093.893367,4143.752107
Q2KHT3,CLEC16A,1693154.469,1820052.689,1671691.488,1844704.057,1693085.81,1728272.619,1831476.633,1621609.039,1802382.408,1714210.296,1669703.15,2107051.889,1698582.419,1659734.973,1688713.605
Q2M1P5,KIF7,,81751.52344,72036.64062,69247.44531,,55073.53516,,41472.17969,41940.45312,69666.40625,82034.23438,78478.02344,43950.70703,72160.30469,72469.97656
Q2M2H8,,26519.20117,26837.56055,,,4248.14209,27521.62891,,,,38212.94141,,23455.44531,24090.19922,18132.37109,
Q2M385,MPEG1,,63252.64844,117423.5,74480.14062,87908.16406,,,,,42102.07031,65447.03906,100689.5078,55879.53125,70946.625,85555.3125
Q2M3C7,SPHKAP,,114502.5078,92880.17969,87492.26562,97836.04688,118789.875,,,,146638.7812,58712.09375,154994.6562,110608.4062,122727.1875,90652.5
Q2NKX8,ERCC6L,1685.394451,2229.247999,,1797.837944,6007.599236,7112.497676,,,,3247.427298,2635.781736,1902.706572,3199.879961,2559.441029,6395.345208
Q2PZI1,DPY19L1,,10024.07528,,8345.695189,17234.15143,13009.70006,,,,23856.4041,28241.28806,26798.93764,17429.21971,11024.32081,39733.2667
Q2QGD7,ZXDC,,,,5347.87793,11996.96387,21750.47852,,,,,,14326.12207,5806.961914,,
Q2TAK8,PWWP3A,,8261.133866,4090.184804,5545.672621,10485.67148,13260.30657,,,,16895.09784,29737.55465,18444.69252,14436.98585,13917.72162,27157.84656
Q2TAL8,QRICH1,16500.93241,27193.91044,8585.332207,8068.937649,21058.63886,10362.49571,,,,8473.693989,14648.69479,5311.317313,13119.02077,8165.331851,9300.034822
Q2TAY7,SMU1,30483.25758,62132.37003,27681.14901,15541.74984,41245.8359,50339.89517,7718.429933,3455.268316,,99661.28171,116551.5834,103644.6964,66521.35503,64396.94698,93114.48525
Q2TB10,ZNF800,5914.190803,15300.81784,10352.73011,7525.329369,6471.337105,13238.97664,,,,15761.59797,28898.64647,16676.34619,14892.30179,14052.28042,24406.30774
Q2V2M9,FHOD3,,,,20491.77561,,14210.42025,50368.20816,39782.24911,38268.49418,17621.21687,,26105.91541,,,
Q2VY69,ZNF284,46409.11719,58559.21875,36897.61328,34038.35938,51057.69531,58775.80469,40815.25781,38856.79297,44563.02734,50172.15625,25180.35742,33205.73047,33704.875,34444.71094,33762.3125
Q2WGJ6,KLHL38,101271.2891,90240.83594,84923.67188,,,93185.17969,94897.36719,69194.04688,111751.8594,,,83644.79688,,62074.37891,78095.95312
Q32P44,EML3,,,,,3857.819336,,,,,921.8000488,,,4906.111328,,
Q3B726,POLR1F,1555.414412,,1315.416113,2175.119254,5135.620773,5210.807866,,,1047.009591,3491.397737,9474.083014,5924.243533,3841.159527,2814.026153,6316.468849
Q3B7T1,EDRF1,24018.62891,,8913.248047,,28258.85938,13760.73828,24081.36133,,21212.43164,31005.54688,,,,32907.60156,18281.11328
Q3KP31,ZNF791,,,,,,8088.989258,,,,15269.24805,,10564.21289,11237.80762,14166.7207,17182.14062
Q3KQU3,MAP7D1,11360.84766,23233.51999,10690.00015,6380.982205,15694.34766,21552.76657,,,,6073.548349,10793.38119,12411.80762,9058.578284,9050.240786,14753.47666
Q3L8U1,CHD9,12015.04883,17166.91016,13987.33105,7099.768066,10359.93164,6153.913086,4620.590332,,,12412.51465,25234.74805,23858.72656,,21861.49414,19243.48047
Q3SX64,ODF3L2,,,,,,,51299.31641,52548.09375,41905.71094,,,,,,
Q3SY84,KRT71,47372.28024,,10737.70783,,,,,,,,9281.266309,9923.031811,9952.459836,,
Q3T8J9,GON4L,,4693.678711,,3914.690918,6075.533203,,,,,,8885.363281,,1398.31958,,
Q3ZCQ8,TIMM50,,10760.33984,4085.762695,7284.097168,7910.914551,9657.419922,,,,10121.8584,10396.3125,4908.114258,,,6124.657227
Q460N5,PARP14,,,,3325.260498,,7768.574707,,,,,,8078.544922,,,
Q495T6,MMEL1,,4149.575684,,,,,,,,,4664.209473,,,,
Q49A26,GLYR1,29345.60307,55769.19944,23581.21136,20138.82896,42414.51293,45400.98719,5408.745703,,,64287.88304,75608.04488,70161.29691,60733.06835,56713.57731,90889.2278
Q49AG3,ZBED5,5524.295479,12745.70057,4882.188332,4658.235538,1564.040097,2757.540984,,,,3142.640411,7885.919941,9343.116696,7460.504578,9251.660497,10679.04594
Q4FZB7,KMT5B,,3922.529019,,,10898.3721,20473.36659,,,,14515.24895,29025.82645,19083.06169,27311.52572,38573.825,22246.47868
Q4G0J3,LARP7,,4776.726,1730.516868,2851.110735,6404.178535,5397.22447,,,,10761.75391,12957.35774,14500.63379,3990.945818,6822.019311,7905.394911
Q4G0P3,HYDIN,121028.4844,106142.4922,84791.60938,95845.84375,144287.2656,101740.7734,193077.1094,129402.3516,178681.4531,117506.9688,95704.82812,101415.2188,72938.80469,85535.46875,101524.8672
Q4KMP7,TBC1D10B,3442.639365,9141.80898,2998.125605,9238.046329,20313.38687,13771.41557,,,,11465.38351,7372.250114,3123.067707,7587.114185,5103.839489,9491.226679
Q4KWH8,PLCH1,1653049.264,1754641.303,1507381.44,1081015.985,1522829.253,1543022.227,1699014.002,1175362.699,1533963.615,1659047.766,1522651.775,1738380.726,1591060.559,1725896.249,1754894.804
Q4L180,FILIP1L,43977.70703,42350.40234,,40668.35156,,50323.28125,,,,105505.7344,,,,77132.54688,68620.65625
Q4LE39,ARID4B,,1836.139047,,2733.100677,8290.545898,12078.74956,,,,10918.38672,8703.208424,11992.5709,4522.708835,4011.843962,5168.827256
Q4VC44,FLYWCH1,3632.086579,13832.88947,2885.768314,3304.885893,15294.13153,16925.52278,3769.093998,,,29936.40026,26186.6856,27312.66606,17501.66128,15963.36305,28706.82096
Q4VCS5,AMOT,66877.375,55723.01562,54849.58984,39525.29688,60175.0625,34148.29297,58995.60547,36913.36328,59202.58984,62313.24219,50861.62891,70261.30469,33501.13281,37932.15234,58135.03516
Q4VNC1,ATP13A4,1860562.125,1650108.125,1372730.5,638204.3125,1343615.25,1604857.875,1666414.125,1013476.312,1815487.625,1557875.5,1248917.5,1547085.25,1465135.25,1528967.25,1543289.375
Q4W5G0,TIGD2,,11526.99253,,4320.547514,5360.623716,13783.01243,,,,15858.65635,22189.531,14472.74196,9042.012646,14041.43392,22109.74193
Q502W6,VWA3B,298803.5312,579253.625,527246.5,,474148.4062,603300.875,,,,582692.3125,506443.375,570151.3125,,,534199.3125
Q52LJ0,FAM98B,26266.51079,38121.25375,20763.95823,38425.90919,64617.3303,80400.28471,10423.95044,,12435.12256,73442.96827,80895.13551,73029.27942,60806.4697,51766.14638,63060.50344
Q52LR7,EPC2,,11815.41989,5696.991718,6744.382796,7356.655134,9180.898527,,,,16547.23472,15927.94574,12543.7375,9990.53451,8575.063514,18974.27005
Q53EZ4,CEP55,,,,2527.459229,4551.791504,4109.833008,,,,,,,,,
Q53F19,NCBP3,17870.89912,35550.53211,18411.78501,17978.36347,37394.07462,30575.81798,4963.387302,,6390.213735,63242.82502,78319.49477,65302.964,43531.13605,43717.16327,57432.44803
Q53GS7,GLE1,9790.309953,15220.38151,9376.455522,,16569.98063,9548.585962,,,,26341.52358,29738.15976,30851.8033,17097.80677,15837.94374,21346.96261
Q53GS9,USP39,5558.66081,12958.42859,4936.713853,5556.44761,13740.20113,7846.744299,,,4550.146759,21581.81477,18704.57728,20464.25836,7862.575851,8671.332577,20952.55984
Q53HL2,CDCA8,14267.25901,32206.19443,14819.46312,11166.36622,16049.41961,22228.93028,2233.962172,2238.363875,,18978.28022,23496.13793,23455.25189,25027.1514,27334.65515,38656.12999
Q53RT3,ASPRV1,41337.91406,23952.46484,,,9579.980469,16112.17773,27370.54688,,14025.91992,16775.08008,31008.04688,11468.03711,19679.99609,,18273.64453
Q53TQ3,INO80D,,,,,,,,,,,6691.908203,5137.305664,,3721.007812,
Q562F6,SGO2,4145.379702,14743.91692,5187.115014,3454.430808,10200.33979,11264.85074,,,,8333.328114,9655.680619,10601.51448,8504.73437,5720.180763,14053.03112
Q562R1,ACTBL2,1749269.875,,62358.80469,,3128744,,491617.2812,,,3042367.5,2620245.5,2493678.75,,1401039.375,
Q56A73,SPIN4,,21860.31088,10072.42433,11317.86845,15856.27344,17240.69113,10209.55779,,9321.515673,21728.35969,27410.42579,28874.38492,24089.82666,30521.85156,44899.21875
Q56NI9,ESCO2,6260.588749,9845.790855,6831.60195,15813.62347,41498.32279,48973.8303,5969.685044,,5195.514298,45549.091,62788.34766,61894.78578,49607.6805,60068.38879,85053.23209
Q56UN5,MAP3K19,,,,,68959.03125,82971.04688,,,,,,53647.01172,,64594.82031,
Q56VL3,OCIAD2,7518.080701,69573.85156,11449.73153,7901.126402,27199.16622,24224.96484,7767.246409,,,43782.62338,24105.53425,54956.43359,20050.77834,10419.82203,16784.38105
Q58EX2,SDK2,43120.82812,65151.76953,44984.08203,40158.39844,,66074.35156,,,,96664.78906,79584.69531,96746.74219,82385.53125,89729.52344,
Q5BJD5,TMEM41B,,11310.58691,,,,,,,,,12580.19727,,4051.893555,,
Q5BJF2,TMEM97,,31017.46094,,,20417.80664,46581.69531,,,,72956.57812,86275.89844,68822.80469,48215.41406,61996.36719,79922.74219
Q5BJF6,ODF2,,12313.80176,8116.435547,,,,,,,,,,,,10722.45996
Q5BKZ1,ZNF326,32550.55365,65239.00363,42822.39966,26992.80223,56639.91168,56420.45972,8966.786256,4025.977115,9893.831967,89296.9972,99702.56485,99722.81488,77834.43032,75009.20701,101877.8434
Q5C9Z4,NOM1,,6297.822713,3610.829533,,3851.273027,9878.434754,,,,8386.037593,9539.950427,13441.65346,5068.566754,5094.262931,11423.15545
Q5CZ79,,89621.96875,116519.5703,134247.5938,113598.0469,100432.7031,93693.51562,105723.4922,121556.7578,112139.625,109405.7031,120407.6094,108835.5703,109885.3047,115378.9453,123475.7109
Q5CZC0,FSIP2,71388.74032,86602.2645,89527.26377,45012.28144,56294.33021,60383.21234,49744.77569,55162.53347,50067.17598,73629.52502,74856.58912,46998.2176,64963.69271,74802.89733,37085.59341
Q5D862,FLG2,24649.38922,9129.183213,18399.39213,6079.649234,10744.99158,20595.96782,19661.14116,18253.87511,14366.21484,7474.147886,23786.95009,14020.38336,18978.7432,9457.265699,19851.42299
Q5EE01,CENPW,10438.3663,4923.238541,8249.808053,5899.735898,9475.52069,18411.02142,12483.15326,6291.64694,8345.447544,15325.79502,14876.81445,9400.28125,10139.16895,13123.39923,11631.70703
Q5FBB7,SGO1,,16063.36914,,6705.478027,,8830.357422,,,,7246.756836,,8472.398438,12127.63477,3356.681641,11874.57812
Q5FWF5,ESCO1,8003.836467,13457.55258,6654.287834,7488.282536,13152.52154,19274.36354,,,,20743.31949,24441.69462,30514.62188,18707.70485,19519.96793,27643.62779
Q5H9F3,BCORL1,5647.864661,12667.4779,3774.428007,5022.82177,11897.11074,10076.08031,,,,18721.55872,19775.15612,26546.44593,14967.44679,14479.36492,22864.87822
Q5HYJ3,FAM76B,,5844.189067,7398.791069,12529.05302,,16804.39391,,,,7876.690413,29568.96811,6333.174257,15844.78242,19728.14808,16310.22154
Q5I0G3,MDH1B,63064.8979,115365.668,63622.18558,93332.96329,90243.38542,126925.7211,24852.64319,16680.88228,16724.48612,119026.0311,173111.7208,194647.1663,131703.9583,136235.241,175697.1628
Q5JSL3,DOCK11,38165.37109,59631.04688,56500.53516,,32714.28906,60720.72266,59475.0625,,56501.67188,49267.72266,42837.51953,40003.03906,40908.33594,60748.07812,28775.79688
Q5JTH9,RRP12,5413.561196,10182.88151,5483.073143,5318.970392,11975.39616,22239.89823,2059.54112,1109.144008,2031.543477,22995.86599,33395.09028,36031.4005,15530.75238,20160.11957,31968.55743
Q5JTV8,TOR1AIP1,13191.46991,25972.3596,11986.9962,8714.682817,16535.48331,17886.75398,2637.500345,,1420.858878,52597.75988,58720.47487,50054.58193,20649.24349,19923.20647,33823.56532
Q5JVF3,PCID2,1632.365722,5656.829924,1282.211826,1601.855299,3403.564321,5600.692319,,,,7273.910024,7564.600814,10037.13693,4815.976337,3917.454622,8342.410763
Q5M9N0,CCDC158,11617.46973,8191.706055,,,,14989.03516,,,,22262.57031,31735.03906,,,26601.13281,6860.595703
Q5MNV8,FBXO47,19900.17188,17659.18164,13803.12109,10121.86133,19104.52539,31338.30469,,,,14861.9082,19750.15234,22377.20312,14872.1875,10623.81836,26777.51172
Q5PSV4,BRMS1L,,8377.991629,,,11784.14406,11981.76855,,,,14290.14844,15123.59643,12570.63965,12402.35156,5356.939495,10392.35875
Q5QGZ9,CLEC12A,7845.925781,23077.0293,36043.67578,,29514.6543,22649.33984,,,,29467.11914,29966.46484,19810.34961,15426.70117,11242.90039,12600.20312
Q5QJE6,DNTTIP2,9166.138999,17637.1861,7900.106649,9757.285357,18428.69073,27193.13137,5809.573138,,6371.502588,27778.93702,35275.63187,40153.53005,23158.28319,27010.04995,37921.97927
Q5RI15,COX20,7608.978955,12402.47947,,,12460.89057,14668.98212,,,,16434.32069,10656.44087,7957.994024,8529.975955,,9625.649465
Q5RKV6,EXOSC6,5714.079216,9514.199219,6327.353207,6942.395277,8620.477375,19249.27543,,,,30960.82339,50372.2094,40741.93672,22113.23236,16861.7693,40270.95703
Q5SNT2,TMEM201,,7324.646543,4044.655151,3957.870217,6049.410198,6882.259742,,,2240.636004,13532.0293,19541.15213,10914.60633,12642.20112,14404.31706,17209.82993
Q5SNV9,C1orf167,,123982.6406,79214.41406,58925.49219,107382.4766,101231.3594,,,,138669.6562,168889.2344,145323.125,75404.03125,89352.10938,156019.0156
Q5SRE5,NUP188,4282.039073,12413.61546,4639.796828,4942.257286,6550.723927,8884.742798,,,,17197.9444,18776.41236,18650.01541,15212.43237,14224.38506,20236.11634
Q5SSJ5,HP1BP3,118559.7942,230804.9485,120916.5869,115566.9954,228580.9526,259165.068,12495.02711,5905.540342,11396.5576,246328.3702,333553.6834,306637.0984,240614.5066,248963.2104,405077.2974
Q5SW79,CEP170,4148.869376,6128.598163,3660.534403,5831.900534,13164.26758,6808.869565,2827.125928,,,2991.083375,5160.052061,5038.562407,3746.662812,,11587.55386
Q5SWL7,PRAMEF14,103467.5938,220611.8594,66002.59375,,151150.0469,143675.25,,,26644.91992,201917.3594,122211.0547,225064.3281,215693.2188,164649.2812,173647.7188
Q5SWX8,ODR4,2019.031372,12457.29492,3434.583008,8849.623047,11262.71191,19353.57422,,,,10719.79492,25925.72266,24161.48828,16285.74121,19647.29688,41298.52344
Q5SXH7,PLEKHS1,6777.52832,,,,,,,,,,6106.362793,,,,
Q5SY16,NOL9,5417.63012,14008.10468,6259.339658,7000.619247,16019.0093,20956.60464,5028.225627,,1149.011005,44658.40254,37965.15777,49022.58022,24337.76182,19044.53358,37075.20237
Q5SZK8,FREM2,,4255.83252,,,,4731.807129,145038.7812,111465.625,120391.5156,9429.680664,,10239.38184,,,15421.06055
Q5T0B9,ZNF362,1353.14381,7299.57228,4698.291281,,4070.078922,,,,,3397.455274,12830.71761,5195.840378,6428.14409,2892.806935,9757.334165
Q5T1B0,AXDND1,,46535.18359,,,39380.36719,,,,,,,,,,
Q5T200,ZC3H13,5942.116321,6288.546385,6221.747749,9754.585427,13307.63337,14392.84594,3407.141991,,4284.852241,19278.93319,22121.94971,26024.07539,12522.17062,10448.19882,21274.90234
Q5T280,SPOUT1,7476.138041,6786.010952,4939.031673,7455.65625,,14764.33105,,,,24819.82908,27894.33984,26236.46484,12374.37305,6281.234559,10176.58984
Q5T2T1,MPP7,4748.177821,7511.767906,,,2811.976897,6242.748872,,,,7197.054108,4050.59053,,,3990.993244,
Q5T3I0,GPATCH4,2433.337388,7687.505286,7182.377241,,5653.882561,8027.320899,,,,9085.547306,16715.959,13865.22588,6369.018604,4071.520928,11916.2789
Q5T440,IBA57,,3533.797852,6731.959473,,,21280.42969,,,,,,,,,
Q5T481,RBM20,,16343.24707,,,,5201.283691,,,,4210.237305,,,,,
Q5T5C0,STXBP5,77250.24219,234565.3125,,78055.40625,155418.1562,100741.5469,63112.19531,,,150939.7031,143439.6406,115361.9453,50906.21875,,
Q5T5P2,KIAA1217,2692.804579,7896.30404,3609.768495,2063.451975,4665.289238,2753.129692,,,,1749.291306,1509.932594,2548.672962,,,
Q5T5X7,BEND3,2575.295491,12440.96472,2808.329323,3824.507094,5311.940117,5788.420782,,,,7399.013914,13680.47487,7746.165082,9943.603454,7283.526719,7704.180313
Q5T686,AVPI1,,,10727.73242,,25733.61328,,,12162.24023,,,,,,10054.6875,
Q5T6F2,UBAP2,10904.05078,16432.9082,6328.630656,13078.61579,24730.19336,18823.9134,,,,8064.918093,,7146.343282,,6112.97155,
Q5T6S3,PHF19,16121.80469,,,,,,,,,18719.98633,9743.464844,,,,25992.74023
Q5T749,KPRP,206423.4219,53830.7567,207426.4691,60955.06136,151624.94,370970.6777,151061.0362,103373.9822,95250.04054,59592.31236,194220.405,181640.2179,92893.33442,68794.05805,160893.3798
Q5T750,KPLCE,42404.34372,12654.96773,57070.41612,10920.39603,18966.08594,62737.22288,37527.16422,20759.48047,22739.49358,21632.53125,35540.5421,27742.53795,18908.01969,18263.98047,27836.4059
Q5T7W0,ZNF618,,,,,2922.855972,5347.313032,,,,,1853.017223,8319.363394,3345.759052,1525.606462,11357.32592
Q5T8P6,RBM26,7877.729342,13966.89117,6562.310627,10731.1644,26487.98798,23154.27932,3747.349074,3859.558032,,34423.45635,38952.52242,32248.42836,12263.87912,14310.15963,17214.77112
Q5T8R8,DOCK8-AS1,167257.9219,,176973.2188,214771.2656,133981.4062,149745.25,,,166512.1562,134029.6562,180138.9219,158506.625,143493.3125,130228.4844,178609.5312
Q5T9A4,ATAD3B,51840.16406,48365.98828,30091.38281,24524.85156,34066.02344,28966.25781,10558.15625,,,19677.26758,13639.48828,6843.367188,14724.74219,,13299.78711
Q5TA45,INTS11,11987.40905,18905.63414,7637.824011,7761.068324,17410.62305,14626.4292,,,,21179.96083,31270.57653,21241.40902,18264.50781,23875.43164,34261.03906
Q5TEC6,,58082.79468,200278.1875,101561.3359,157673.5402,228040.9533,237921.2117,30529.55725,14508.73587,30869.73414,296636.5636,463365,535014.7586,295994.6164,326534.8384,493032.1875
Q5TGY3,AHDC1,11163.00313,17715.07046,7246.548097,3206.0064,11566.59819,8515.467404,,,3439.43935,22700.98737,20804.20551,15527.4141,13608.44305,13907.1509,25448.27363
Q5THJ4,VPS13D,,,,,46115.56641,,,,,59867.52734,39079.75,,65347.82422,94147.54688,31895.88281
Q5TKA1,LIN9,1848.353458,9973.791016,,9400.218279,9054.761716,14150.37305,3100.878496,,,7700.955501,2664.096191,4278.183688,9389.880819,4636.592596,10691.46243
Q5TZA2,CROCC,208771.6562,273551.0938,158153.4062,191369.1406,,212313.8438,239412.6719,245084.5938,,248254.6875,234524.0469,288338.6875,271853.9062,178061.3438,262251.8125
Q5U5Z8,AGBL2,271860.5508,209955.7802,252922.6414,198034.1806,241462.6057,285941.2871,253244.3357,224385.3124,225953.9859,201525.6782,345331.7615,243776.5764,326589.4494,257887.2037,300207.3091
Q5UIP0,RIF1,7542.39945,19754.89004,7228.897622,6945.433259,13208.00754,11748.8743,2263.38011,,,24213.83684,30571.99046,27704.0202,15100.2401,15809.52301,26826.49081
Q5VST9,OBSCN,,20454.96484,,27229.01172,,37786.98047,28121.02344,23288.18359,32551.8125,27598.61914,,11398.31738,,25043.14844,
Q5VT06,CEP350,,29148.28516,,,,,,,,,,19270.56836,,,6381.367188
Q5VT52,RPRD2,4043.370193,10023.50695,3038.732336,3251.485438,7602.691633,7413.381482,,,,14068.15509,16206.46691,16415.20162,8738.417527,10144.39716,13127.31912
Q5VTL8,PRPF38B,,5078.257178,,,12561.28001,22194.13477,,,,8872.900391,16407.73602,16382.48812,4861.133168,8397.266227,10352.76172
Q5VTR2,RNF20,8917.916346,14563.59145,7218.529882,11819.72399,17395.70531,17632.73689,1432.824932,,2624.555209,21991.97715,23755.56308,20516.26716,14354.32553,13285.79471,21440.93078
Q5VU97,CACHD1,41332.00781,120875.0625,83536.28906,55517.375,40866.19531,81712.10938,33928.13672,,,71004.74219,83412.88281,75939.32031,41316.56641,47296.58594,73324.03125
Q5VUA4,ZNF318,11823.12979,24749.10791,7825.792745,6583.4678,8919.266038,11749.90287,,,,22627.33971,19672.125,19354.70022,13970.08608,12503.43748,24092.86133
Q5VV41,ARHGEF16,7815.988281,,,,,,,,,,,9438.126953,,,
Q5VV52,ZNF691,,8089.45931,,3975.307558,6154.148325,5623.218598,,,,9888.225507,15560.5475,13910.69195,6072.997157,8584.49928,9927.197675
Q5VWG9,TAF3,7110.310559,10501.68773,5499.414402,9145.997156,17809.1171,24777.64876,3003.039964,,3527.800299,25926.19651,22243.37768,26668.425,24660.28919,20250.28906,38951.62794
Q5VWN6,TASOR2,5468.96122,15185.42948,3078.498062,5193.794471,9424.492904,10160.60015,1410.685302,,,16905.82698,20755.05576,17913.89301,13828.65625,12494.16283,24152.4944
Q5VWQ0,RSBN1,6292.936592,22436.12905,8739.094643,8851.658203,9199.238783,14317.64466,3762.519841,,,15063.54936,19258.34544,29774.37436,15005.99959,18795.48633,25990.974
Q5VY09,IER5,52715.56641,23333.08594,,11656.14941,19880.44141,31716.58984,26515.72656,,18391.35156,22708.32617,,25732.83594,26941.56055,,
Q5VYV7,SLX4IP,,4485.094238,,5910.179199,,12285.00879,,,,8881.400391,10798.76855,10439.19922,9375.662109,7816.752441,9509.725586
Q5VZE5,NAA35,,9112.933594,1937.386719,,3286.033203,7433.24707,,,,,2738.710449,,1917.983398,3329.355469,1354.106201
Q5VZL5,ZMYM4,8544.728205,22523.49117,8853.818221,8689.881155,14532.14627,15461.70568,2284.10858,,,22305.19353,34162.07506,29036.95489,18536.81424,16960.6615,30543.93037
Q5XKE5,KRT79,17834.70243,,8969.001632,,7636.086923,,,9371.12455,5259.980658,,13960.11876,7468.596739,13345.89591,16845.62735,14301.06271
Q63ZY3,KANK2,88949.33594,155250.4062,73564.0625,83012.98438,133198.6562,145503.9062,20370.78906,7983.563965,23163.11719,181668.5938,163428.0938,207909.0781,142565.1719,135336.9375,197599.625
Q64LD2,WDR25,,,,,,,,,,,8016.120117,6683.35791,,,6130.049316
Q659A1,ICE2,2337.029611,5803.902536,1835.37185,3687.969498,3640.465427,5329.10916,,,,13853.66096,8953.120388,9079.961707,10697.13175,8186.676228,13106.69662
Q66GS9,CEP135,,6119.552734,,,7605.922852,5394.025879,,,,,16868.86133,24880.68945,11885.20898,17220.13672,32706.85547
Q66K74,MAP1S,10793.68985,18299.60804,8876.673623,12933.93209,31662.75848,21677.21537,1008.266263,,,18005.21731,9857.781803,15250.5605,11402.51683,8089.88574,19983.32326
Q68CP9,ARID2,8659.520618,26671.5668,11142.87789,8273.153718,19348.14416,19339.28962,,,2029.43405,30692.7268,38375.99645,36715.42024,17916.00172,21818.39765,30783.54442
Q68CQ4,UTP25,,,6416.452159,,10407.09544,9332.121154,,,,17867.98037,16022.83258,25113.5985,10074.31931,12632.54011,21037.34838
Q68D10,SPTY2D1,13216.08247,29543.71378,15716.15954,7092.792353,22829.79479,19497.68089,1071.512048,,,17574.87684,34061.69413,33587.69637,18487.16038,22195.50758,35098.13743
Q68DK7,MSL1,4360.613667,9046.365007,7732.298598,14410.19958,20025.04515,26832.62617,6279.260467,,2673.601755,21766.43274,38111.35586,27813.40381,23183.89146,25435.9898,32727.11648
Q68DL7,C18orf63,2314861.25,2166927.932,2244287.262,1967977.625,1989594.511,2023549.671,1557405.531,1564509.5,2084771.25,2294814,1693178.125,1882730.308,2021897.25,1240403.63,1534864.695
Q68E01,INTS3,4705.705599,16055.51328,3160.133437,6030.70652,12130.38857,10236.32614,,,,24721.68211,20953.96653,29696.80633,15305.22411,15065.23284,26639.56382
Q693B1,KCTD11,86177.60156,136002.0156,83821.92188,,75181.22656,77118.41406,,,,66232.5,62270.62891,126765.2031,81158.57812,50554.51953,97023.4375
Q69YH5,CDCA2,12386.24821,27292.88671,11716.00699,8250.643388,19395.95962,23585.71216,4280.67885,,3379.414394,24305.82831,25410.19433,22309.68585,26051.69679,19866.02047,37116.48244
Q69YN4,VIRMA,,4711.211862,2057.668015,2243.497227,6642.146774,4881.778952,1109.811123,,,13786.17899,10115.90436,18205.87109,9132.326481,7031.171902,13229.6986
Q69YQ0,SPECC1L,4967.714647,24467.24677,6609.218109,4064.402765,16001.92381,6519.856185,,,,3805.616695,,6968.376642,,3646.742354,4857.883152
Q6B0I6,KDM4D,8829.389528,11096.64957,3296.419254,2303.297364,6727.053733,5653.912328,,,,3389.197159,3121.345266,6076.718054,5299.668677,8636.093078,11851.95532
Q6DCA0,AMMECR1L,,6945.636719,,,5320.685547,5874.897461,,,,,10397.74707,,,,
Q6DD87,ZNF787,9462.049519,21725.57007,10133.26562,12159.78466,36227.20008,31959.32422,5505.815918,,6919.564888,33148.20239,32030.85129,35752.87109,25295.15665,19316.66432,34860.10346
Q6DKI1,RPL7L1,24337.28253,44570.40666,23266.41029,15872.53431,47092.50787,80442.53888,12471.60903,,11953.07209,59362.99799,72041.05195,107485.3232,61225.18423,59066.25808,89761.89058
Q6DN12,MCTP2,25752.55273,,,,,,,,,18598.05664,26772.58203,,19235.23438,,
Q6E0U4,DMKN,36100.05078,13657.11914,28706.6582,19401.9707,28615.53516,4548.010742,27030.03906,27054.95117,46922.34766,17110.16797,28534.43359,15440.7373,20639.57422,20117.02344,17856.35547
Q6I9Y2,THOC7,1705.754909,4649.300168,,,,1748.691107,,,,13442.46213,14557.67268,14336.19575,8521.138094,4441.723065,12003.349
Q6IBW4,NCAPH2,10938.06004,12653.14067,,5815.796061,23037.11328,6683.898382,11065.6195,,,18662.28196,7868.11526,7521.034432,9839.563131,15828.95022,26618.26902
Q6IE81,JADE1,2711.133093,3918.404285,,8924.260238,7555.769174,14290.70056,,,,16346.32046,19573.63805,14229.07635,15472.25876,13674.92375,19974.10727
Q6IEG0,SNRNP48,12527.67092,16158.57226,6879.849023,,9946.537779,18811.84165,,,,18136.59192,15992.53123,10542.86033,20990.31259,8568.386025,15527.59965
Q6IPU0,CENPP,,7436.542068,,,7865.245682,3075.127325,,,,10861.80155,14853.85288,8816.333254,6977.373722,8526.246424,26857.67973
Q6IQ22,RAB12,,3297.724854,,,,,,,,8245.178711,,11558.43555,,,6066.972656
Q6IQ32,ADNP2,8072.537704,15363.24007,7531.092132,12126.54869,14576.34378,14195.69568,,,,15110.17962,33168.08312,19957.25714,14649.4129,17312.72813,31708.82414
Q6IQ49,SDE2,2286.174161,6124.390625,1071.477537,2144.403587,10088.53534,10668.0969,,,,13681.65625,16218.86892,11957.87109,2493.101948,5422.913574,12677.18457
Q6KB66,KRT80,50421.85917,16675.85382,33464.56562,22722.02256,34197.54356,52469.98797,48246.77183,29695.26211,29765.61519,33317.76471,60413.86393,35627.33812,40297.64669,25657.7441,41894.32315
Q6KC79,NIPBL,6501.47883,13687.34346,5972.94815,8766.191854,13472.34116,14890.43542,1206.148224,,,26114.14985,32940.7444,27580.49744,16628.68139,17516.36286,24371.44777
Q6MZP7,LIN54,5585.066428,14340.48161,3969.0296,5577.988422,9802.740092,10236.59561,,,,6082.751396,12826.98433,8942.566955,12166.89734,14170.23755,25356.28286
Q6N043,ZNF280D,,8064.032376,,4374.684058,2841.983926,4145.115339,,,,4646.451949,4926.000884,6809.928007,4997.238792,6065.166763,8120.564569
Q6NS38,ALKBH2,,33905.91406,,,37940.72266,68169.96094,12317.49121,,,47644.41406,47056.32031,63238.66016,57242.15234,45331.78906,73915.27344
Q6NSW7,,,,,,1452.008911,,,,,,,6022.383789,,,10171.09863
Q6NSZ9,ZSCAN25,,,,,,5626.545898,,,,,,9724.900391,,,10473.64453
Q6NT76,HMBOX1,,1785.093041,,16054.1446,21716.99548,18228.81944,,,,31930.99786,40707.15881,24998.33488,21921.11787,13512.83601,26742.91694
Q6NTF9,RHBDD2,,,,,3500.283203,,,,,8029.536133,,9869.257812,,,15270.20117
Q6NUP7,PPP4R4,,,,,79389,,,,,,35431.8125,,,,29076.80859
Q6NUQ4,TMEM214,10160.19752,35122.9068,17917.47591,9736.251283,16707.03169,15594.05206,,,,25249.28553,29715.56358,22992.34817,19117.99312,17945.41679,38166.82847
Q6NVY1,HIBCH,,,,,10074.16797,4484.68457,,,,,,,,,
Q6NW34,NEPRO,,7156.415039,,,12306.89355,8746.884766,,,,10138.875,15298.52637,5801.64502,,,6439.935059
Q6NXT2,H3-5,,,,,,,,,,22080.71875,27197.58984,16541.76172,,,
Q6NY19,KANK3,,,,,,,,,,11155.42383,,12962.62598,,,
Q6NYC8,PPP1R18,13265.99858,29813.43038,12136.71864,9769.708579,17460.4554,9932.271785,2988.281248,,,14098.42568,4601.53412,8717.971369,9766.30682,6857.684274,10300.58872
Q6NZI2,CAVIN1,14366.21102,41662.53125,16955.04883,13255.15886,34181.43181,29179.56793,28809.8954,4529.311859,11621.04614,48822.62991,35912.10062,27675.83849,14330.50421,8280.160021,12770.86431
Q6NZY4,ZCCHC8,,,,,,,,,,,9588.757812,4742.896484,,,
Q6P0N0,MIS18BP1,6388.587434,19407.2746,5916.920417,3780.28833,7661.067459,8955.24271,,,,8102.959686,8110.588327,11660.1922,10072.65135,11777.63271,23080.45799
Q6P1J9,CDC73,11382.48921,22468.40253,6468.346915,9914.394871,18283.66167,16263.72549,2465.086723,,2183.796076,31739.42938,38821.56215,35920.89873,25872.48632,20143.61151,40765.04749
Q6P1L8,MRPL14,7604.25,12587.4707,2236.991943,,10664.33008,6797.181641,6126.374023,,2699.567627,6350.701172,5562.275391,,3837.302246,3017.769043,8395.768555
Q6P1N0,CC2D1A,9068.767605,17213.06331,12294.09155,22405.95146,15933.95728,11221.00697,1979.184791,,,10855.78117,12636.9653,10426.31532,4894.097266,9421.706892,4720.419242
Q6P1X5,TAF2,3913.048754,8341.959026,1778.259046,6403.02518,14393.91383,17409.51174,1899.656804,,2401.513943,12360.13605,15568.07825,16995.52672,14587.00781,14909.4528,10573.79118
Q6P1X6,C8orf82,,,,,25069.19845,21069.38276,13401.25994,,,,,,,,10601.30309
Q6P2C0,WDR93,,,40474.32812,32990.52344,,,110940.8672,,,104918.4453,128676.8047,67957.01562,41723.79297,,27213.71484
Q6P2C8,MED27,35546.05803,43645.23732,17020.71093,21431.40307,41082.66151,30142.49769,,,,45828.84318,19351.33425,33841.05353,22207.2917,20561.77787,34315.20662
Q6P2Q9,PRPF8,18558.75331,43852.70944,15541.14922,14480.38604,30430.00924,40794.58065,6782.739337,2055.814432,5766.112153,80028.68615,85553.96795,77171.50552,50979.51541,44919.47975,69074.50933
Q6P3R8,NEK5,107045.0391,198633.3594,165886.3438,137469.0469,105247.2422,111222.0156,,119466.4609,157405.7656,148990.5469,174072.3906,148253.6719,128324.7266,143920.2656,121805.5
Q6P3S6,FBXO42,564179.75,584675,550765.875,623881.4375,521463.9688,554723.6875,448391.4062,396002.3125,462434.625,517702.9688,455134.3125,648624.625,511339.25,475045.7812,523679.3125
Q6P444,MTFR2,25769.58008,68914.39062,15962.5498,8554.472656,46134.67969,64893.11719,5337.281738,,4462.123535,118366.7109,92578.35156,134354.9375,91535.07812,58566.97656,102341.2031
Q6P4A8,PLBD1,26795.83594,6641.793945,14138.17773,,10220.59277,13593.63867,17133.76953,,18158.22852,7935.228516,19283.04297,13051.89551,11492.44727,9609.765625,9313.103516
Q6P4F7,ARHGAP11A,11025.22755,27254.87674,6525.444282,8831.872353,8771.041713,12791.06876,,,4322.480575,13913.80469,19460.76367,11275.8565,18903.02539,16344.38752,27746.91969
Q6P4R8,NFRKB,,8725.540559,1832.90548,,3039.585294,2505.962886,,,,11162.39546,15039.88425,5743.955912,6679.949057,8074.406924,7787.425264
Q6P587,FAHD1,10202.45067,,,,20610.90446,17098.98015,,,,6568.435395,,9418.513411,,,8565.629867
Q6P5R6,RPL22L1,11286.61719,9090.211914,12834.64062,,,,,,,,,,,,
Q6P6C2,ALKBH5,4383.263672,6564.74416,4984.706586,6596.440931,6046.394257,10649.04283,1586.633636,,1016.612477,8580.024069,12497.84318,17803.51388,8722.055801,10743.80078,10705.43605
Q6P996,PDXDC1,43224.64453,,33225.17188,35626.79688,,,,,,32643.83008,26242.67969,,,34962.72656,42023.88672
Q6P9B6,MEAK7,,,,,3003.578857,1465.014038,,,,3383.673584,,,,,
Q6P9B9,INTS5,,7953.102797,4408.026857,,,4495.96118,,,,15277.00684,11509.37891,14112.84754,11624.84803,11489.66602,17727.05502
Q6PCB5,RSBN1L,2566.701693,5567.592238,3143.511073,5459.048365,7938.662088,11811.48297,,,2788.077516,11792.93381,15244.28342,21073.49367,12696.29567,8635.549357,26039.90297
Q6PCT2,FBXL19,124586.8906,428666.0938,244059.4844,278723.2188,350407.375,300131.9375,,,,502917.1562,634912.5,738789.8125,408097.5625,379097.3438,688750.5625
Q6PD62,CTR9,14873.94792,33498.47291,9340.403262,16077.73376,36695.5964,19859.92969,,,,53835.96013,51740.524,57233.42276,31290.61632,33201.70634,38858.89496
Q6PGN9,PSRC1,9859.087686,27396.14948,2330.480361,,6069.997761,6987.876433,,,,6436.040514,7268.902429,,2795.755198,5462.621047,4996.705176
Q6PI48,DARS2,15695.78474,29701.67873,10305.15417,12179.82523,31315.2336,30507.62643,,,,21359.62818,15825.27911,13281.75037,13042.05116,14560.96282,16820.05524
Q6PIJ6,FBXO38,,10596.14277,,,,17977.74504,,,,11319.44697,18206.87148,11079.27371,15627.78366,,8140.158076
Q6PJG2,MIDEAS,7083.889128,15347.15677,7564.887901,9938.559576,17820.11581,21500.08154,2395.831959,2412.059158,2486.129395,25883.06599,31234.15686,27586.62096,21217.91146,25609.31572,36973.24731
Q6PJT7,ZC3H14,9451.496797,27505.93978,12175.5363,12145.12762,24953.27343,23671.55985,983.8667151,,1129.873634,47484.93167,59100.57783,51998.0866,33938.58177,36332.20099,47572.7165
Q6PK04,CCDC137,14201.61063,27460.80915,16962.74374,10724.75372,25869.77539,44750.50615,6143.708101,4682.730687,8320.224292,27064.0893,48421.91406,42875.53516,26380.06818,34251.13281,67696.90625
Q6PKG0,LARP1,4605.364958,10482.7837,5719.339698,8607.241147,4161.81238,5982.122823,,,,19830.59191,13112.96123,9745.824219,4009.633176,,3852.584545
Q6PL18,ATAD2,28598.76642,54141.08605,26812.03819,25085.81957,44572.90584,55114.0392,3064.520359,,2163.833044,58291.20869,70928.58128,65239.59236,54143.55577,55107.50915,86234.95118
Q6PRD1,GPR179,168410.1406,344003.4062,247193.3438,465490.4062,509456.2812,506149.3125,,,,606977.375,953165.75,932256.1875,545892.25,668131.375,975656.5
Q6RFH5,WDR74,2300.338482,8486.291627,5313.895442,6225.272293,9091.632744,14952.91707,,,844.7813599,13378.97969,17702.38766,20534.64211,16577.50665,14371.85357,27400.15415
Q6RI45,BRWD3,,6401.213536,,7680.401734,15017.04032,,,,,11747.56556,14317.58371,17308.13713,14536.56089,13454.23124,17481.55724
Q6SJ93,FAM111B,2766.477447,6376.008336,3296.796825,4562.06598,10602.13361,8330.766716,2212.076874,1776.88992,1919.578491,14434.56328,21059.05658,14500.36106,13200.60436,10031.39786,17728.71123
Q6SPF0,SAMD1,22756.22703,53295.12109,20940.14298,23983.50245,50130.03125,56005.69681,,,,74799.69531,71375.63845,63088.87,66231.79121,55813.16016,90121.48438
Q6STE5,SMARCD3,,6091.436035,10379.57031,,,4276.879883,,,,,,,7876.269531,10323.53418,13662.75879
Q6T423,SLC22A25,17636.46875,37587.82031,34660.65234,14095.31836,37020.99609,15270.62598,16026.91504,19829.94336,22888.44727,31594.08398,21356.16602,21237.67188,25685.24414,21398.51953,27078.23633
Q6T4R5,NHS,,,,5940.756836,10439.49219,6652.922852,,,,10009.83301,,7541.486328,,,3104.780518
Q6UB35,MTHFD1L,,9311.27228,,,10773.32503,,,,,7450.227703,,,,,5307.899064
Q6UB99,ANKRD11,4143.918589,8840.456239,4054.219727,,12490.04102,5495.383321,5543.525574,,,8784.574553,6918.171916,12570.94912,5510.855375,11481.03516,16512.73688
Q6UN15,FIP1L1,18287.3863,40799.15322,27143.85978,22281.07058,39083.72966,42310.8632,10530.19345,3247.789314,8713.996275,83585.38281,112391.6736,85482.46094,53448.64844,53067.86838,83407.2424
Q6UW68,TMEM205,,,,,18033.88913,6837.756428,6869.802933,,3030.578053,24908.69727,36665.59766,49835.96094,22844.40995,6201.841627,27975.03929
Q6UWP8,SBSN,20310.06896,5493.063148,12128.46848,3404.332382,12035.72774,10727.5092,9050.711495,9340.682771,12357.0987,6494.878084,19664.45368,4721.517423,13500.32422,7954.750305,8920.867957
Q6UWZ7,ABRAXAS1,,10503.74475,,,10840.98402,6758.857099,,,,11257.68315,12231.84067,12982.92738,12159.46078,8434.477013,8331.7429
Q6UX71,PLXDC2,8026.403869,3512.307167,,1108.653021,4439.748436,8283.864794,16772.93995,5761.550473,11396.12422,6220.739209,1311.289922,3715.115713,10031.79817,4211.974009,1165.850039
Q6UXG2,ELAPOR1,,,,,48862.20312,121513.1328,99287.92969,,59957.54688,86877.78125,,,,,
Q6UXN9,WDR82,11516.87842,28238.93801,16094.34892,10399.20099,17671.94267,22413.56112,2328.925007,1115.243873,2338.2336,37635.10413,44746.27786,46017.34279,33882.47708,35066.19846,46202.75941
Q6UXR4,,366969.0312,374687.25,299656.9688,179134.9844,359505.875,338423.8438,416150.5,282801.5,380085.625,326502.0625,266746.3125,344691.8125,317405.75,318902.1875,312450.9375
Q6UXV1,IZUMO2,587557.8125,402052.4688,373483.3438,330750.2812,283493.9375,460348.625,,,430648.0312,485202.1875,373689.125,398383.9375,502502.9375,400358.8125,428523.9062
Q6UXV4,APOOL,,18275.49862,,,10555.30445,11617.8373,,,,,,13067.81335,12612.51453,,11293.11296
Q6UY14,ADAMTSL4,88215.5625,,96941.20312,130315.9766,108529.8047,77549.60938,108597.6641,148295.2656,140030.4844,118491.1719,101012.7109,122783.1875,117466.6641,95811.60938,110030.2812
Q6V1P9,DCHS2,,,16252.10938,14013.92188,,15044.46484,13305.375,14035.34961,11095.02344,,,18694.26562,,,12053.8457
Q6W2J9,BCOR,,,,,,,,,,,11650.11328,,13718.76367,19847.6582,24571.03906
Q6WCQ1,MPRIP,18963.25861,29324.40572,13604.89664,13675.31147,17525.52951,16946.35656,1815.844876,,,13146.2065,8492.296824,11821.55048,13106.00195,11678.91355,15693.39604
Q6WKZ4,RAB11FIP1,,,,,11940.84375,,,,,7883.132812,,8496.71875,,12685.18652,
Q6X784,ZPBP2,82487.75,,,,90973.91406,,,,,67127.60938,,,,,
Q6Y1H2,HACD2,,5071.370605,5219.418945,7054.699219,8038.279785,7230.722168,,,,10979.85742,15563.47949,17005.28516,4461.836914,12806.76172,8891.996094
Q6YN16,HSDL2,729.3970337,,,,7153.253906,8890.0625,,,,,,,,,
Q6ZMW3,EML6,,423795.6562,303912.7812,90490.58594,,,,,,228528.5156,,164327.375,,,
Q6ZMZ3,SYNE3,2394.837646,7272.96582,4159.314453,,,,,,,,10267.6543,,,5614.582031,9878.005859
Q6ZN17,LIN28B,,8044.143737,,3430.424691,4496.383783,9996.611901,,,,13393.39531,25020.01246,26510.92857,6075.250614,2128.235165,
Q6ZN30,BNC2,2348.297119,8945.537109,,2506.15918,6584.103027,7171.377091,,,,15343.60414,9171.675781,10298.62207,7871.292608,7416.41175,8514.434109
Q6ZN55,ZNF574,,6470.625,6419.036133,7928.533203,2110.893311,,,,,10766.0332,15298.42969,8422.405273,,,11661.39453
Q6ZRI0,OTOG,,25263.0332,,,19594.72266,,,,,,18972.13086,23079.74414,,25273.37891,
Q6ZRS2,SRCAP,7507.887486,17170.4911,6427.282568,9365.770299,12381.82759,15453.81624,,,,23069.46782,25992.87358,24355.52995,17424.16089,17503.47745,27610.22818
Q6ZRV2,FAM83H,2239.325888,4418.904297,5012.996314,,1723.051504,3637.274952,,,,3403.502876,6466.105247,2411.862836,5508.263184,,5162.918581
Q6ZRY4,RBPMS2,8844.04931,32338.18811,,13791.40466,22174.97903,10860.25945,,,,31364.80689,49764.64623,28581.3208,27286.41739,21230.53802,50147.40929
Q6ZSZ5,ARHGEF18,74308.09375,103899.4688,54853.01172,97312.25,76507.88281,81453.42969,31994.54688,13390.94531,32140.58203,148156.0781,133464.1562,150608.4375,82994.73438,105090.9219,184255.8438
Q6ZU65,UBN2,,9663.758789,5606.25,8631.085938,15079.72949,9081.104492,,,,,22654.26562,23201.16602,13746.95215,13009.81543,14232.15332
Q6ZUM4,ARHGAP27,6842.278809,,,7810.501953,,33794.92188,,,3638.314453,19096.19922,17028.75,,18735.84766,16213.54102,32661.50781
Q6ZUT6,CCDC9B,3525.359928,8659.896771,3602.098818,18364.18275,19152.18477,26793.59873,1750.835529,,,34874.6249,42898.60785,35597.05248,22378.53218,23802.69962,32339.11328
Q6ZUX3,TOGARAM2,91332.85156,,,,120500.9844,,,,,,76913.67188,,,107877.4531,118251.6094
Q6ZV77,LINC02908,16543.02734,31842.0293,29615.52148,,,,,20688.84375,30773.51953,29027.36719,33703.52344,43360.07812,38824.51562,37596.66406,28444.69922
Q6ZVH7,ESPNL,,,,,38840.10156,64461.94141,,,,,,,43269.63281,,
Q6ZVX7,NCCRP1,14839.31045,5609.129422,52878.15687,4413.353688,8926.507213,14531.43716,7076.2469,9540.208626,7549.890929,4153.336637,16782.89168,10831.44967,6631.620885,5804.730661,10973.95027
Q6ZW31,SYDE1,,3482.535226,,,1116.438427,2189.571511,,,,4507.917251,3305.516289,2078.302389,,2992.871024,4304.633126
Q709C8,VPS13C,41097.49219,38417.73047,21442.59961,44748.01562,38591.41016,36783.52344,18128.41797,14096.59766,22597.36133,43707.78125,39657.3125,31037.03516,31198.9043,40712.42969,37748.82812
Q70CQ1,USP49,169236.2188,221093.4219,100144.5234,,170265.4375,167328.5469,224379.2656,,176244.0781,171854.9844,121641.1875,166548.3125,173201.1094,166610.7812,128188.0703
Q70UQ0,IKBIP,2117.406702,16100.80512,5543.490431,2704.884265,,,,,,11819.58994,3877.76084,9690.137265,9358.680973,7826.188422,18365.66318
Q70YC5,ZNF365,3957.600098,7146.92334,,,18524.3418,27719.0918,,,,12290.30859,40054.84766,30176.71094,15625.31152,12797.52148,23204.26172
Q71F23,CENPU,5545.849609,15868.17322,5256.199248,13283.51786,17185.5119,32777.68465,,,,33601.79203,42532.84308,41291.92058,32646.24692,32390.62567,49585.74741
Q71F56,MED13L,34694.03694,39567.8165,17005.55442,53095.80946,36513.01998,21841.74885,,,,39523.58464,23820.41006,27776.43924,21593.89479,19747.05248,28901.84629
Q71RC2,LARP4,8213.186976,14566.03611,9523.51474,,14461.42368,4155.240269,,,,8654.625699,,13181.25505,,,
Q71SY5,MED25,50517.80078,54221.95031,28855.80469,40081.17602,36035.06393,44955.92037,,,,62244.21101,44481.08618,44307.51012,40322.76172,33847.58587,43982.93359
Q71UM5,RPS27L,95529.79123,160494.072,87169.10021,39232.85274,116487.7949,113080.9228,49772.46244,21607.73577,62893.93153,145619.0246,108552.0232,136194.9364,75688.38402,71795.05957,95068.8741
Q75N03,CBLL1,,,,3946.978973,11937.60622,9831.351562,,,,19998.69358,24990.375,26140.43552,9842.834709,10892.50815,3899.681033
Q75QN2,INTS8,3187.83692,12894.53327,4210.219568,5579.667164,4162.185955,12074.65169,,,,18155.84776,18040.83091,16449.8401,11287.72007,9495.291533,17277.21023
Q76FK4,NOL8,3009.397939,10138.56349,5463.883596,3464.255229,2702.738808,7054.906315,,,,3999.358265,11198.34205,13142.06704,10719.07458,11742.61851,17482.84918
Q76KD6,SPATC1,,,,,,18290.5918,28045.76367,,,15048.97656,,,,22934.37109,
Q76L83,ASXL2,3023.704882,6859.573384,2948.552288,3682.534264,11050.04102,6893.447266,,,,11876.61328,13864.10854,15706.43027,12714.39774,5845.619798,12079.50195
Q7KZ85,SUPT6H,9563.148341,26100.53206,9759.366843,9990.881287,16266.55732,15721.95554,,,,30936.44634,36231.82415,33045.39453,22990.10139,20003.01248,38355.02298
Q7KZF4,SND1,32683.07906,72931.14625,47579.52487,13852.35841,35845.2358,27224.59752,4023.528025,,3237.601501,25714.87326,18233.78787,16163.30198,12104.52106,9647.653548,15550.47373
Q7KZI7,MARK2,,,,9487.511719,,,,,,,10517.1543,4159.663574,,,
Q7L014,DDX46,4133.998319,7745.778321,8639.721788,10420.51591,9221.070445,18961.8364,,,,11907.08731,20572.38553,18124.28822,8126.49983,12665.61035,11214.97363
Q7L1W4,LRRC8D,47959.59766,28929.86719,,,35283.30078,55057.3125,47649.57031,,37743.40625,47140.70312,,56434.77344,54268.82031,69353.79688,55513.69141
Q7L2E3,DHX30,5721.176177,22591.50858,9717.816698,4119.878952,10785.86543,13498.46939,1504.274146,,,11787.33136,10936.02353,19304.17878,12327.92127,6267.096575,8522.960622
Q7L2J0,MEPCE,,9341.420898,,17140.38477,31558.02734,22223.95117,,,,33917.23047,61228.80469,25945.38672,18939.33398,12794.28613,30013.41797
Q7L2Z9,CENPQ,7401.289622,8055.875872,3861.138925,6528.862106,25907.7855,27195.66381,,,,34680.30441,20482.56198,41534.00216,30802.42508,25305.59101,53045.544
Q7L3S4,ZNF771,,10073.30762,1963.473389,5319.188477,,9988.510742,2359.267578,,,7276.451172,27376.48047,17568.9375,14073.39844,10004.58594,19334.1543
Q7L576,CYFIP1,12274.92458,28088.21858,15999.46846,12352.41196,24504.85592,28739.72957,2679.623815,,,17567.25377,12461.84222,14668.17396,9678.086103,8059.954883,12413.09163
Q7L590,MCM10,5915.68838,8119.513478,6998.176462,11473.59652,13287.82354,11543.093,,,,16988.57625,14968.81746,19929.07458,14514.4927,13718.68604,14396.78495
Q7L622,G2E3,7161.360352,,,,,,,,,,20713.60156,6328.324707,,15311.37988,18325.73633
Q7L7X3,TAOK1,,3453.570257,,3601.711216,10849.8852,12622.49004,,,,5347.446438,4199.24734,3135.545522,3897.006519,5425.976162,5761.88627
Q7LBC6,KDM3B,2195.459465,6638.175042,,5352.539682,2939.300081,4401.289062,,,,6277.237378,8174.236495,5285.113281,9729.939996,3865.797027,8738.380418
Q7LBR1,CHMP1B,24803.78226,65433.15009,55014.24076,40143.13636,78691.46085,83635.30209,,,,50612.70224,48977.24219,43648.81974,34436.71094,39704.60692,27895.00426
Q7RTP6,MICAL3,18073.62006,24679.48821,23387.8634,21982.31094,15145.57904,19615.3367,20031.46753,22464.06509,13514.50993,21559.39693,22093.227,29880.86725,21470.27636,22488.91663,25902.75326
Q7RTR2,NLRC3,,278475.9375,161724.5469,,197526.7812,163385.8438,,,,312848.4375,411107.5625,393691.0625,,,
Q7RTS7,KRT74,21896.32031,,32989.30469,,10779.38086,39337.95312,21159.07422,,13952.99707,27305.61719,17520.39844,,,,14563.97168
Q7RTV0,PHF5A,31621.15003,44965.30134,27488.33705,21234.31318,28886.8579,37679.12215,13987.9673,11580.8668,13524.49047,59062.74042,75101.12869,66017.08851,41817.48025,31073.78784,59007.01022
Q7Z2E3,APTX,4697.996041,9644.61604,3184.625471,2627.037705,18252.70273,26457.33181,,,,13426.72769,19073.56421,11819.35378,10156.19319,14111.32262,19296.02229
Q7Z2K6,ERMP1,3489.607666,10167.48145,9316.763672,,,4998.527832,,,,2928.21875,4461.106934,6136.080078,6746.90625,,4519.504395
Q7Z2K8,GPRIN1,12857.86724,12249.67383,6173.183259,1784.349286,7247.949219,3020.282709,,,,7112.769681,8834.878906,3529.922358,,,
Q7Z2T5,TRMT1L,,,,3032.847817,5895.757453,4606.191572,3097.053407,,,7628.481047,9178.645104,9948.505304,4438.434687,5549.869048,6236.376505
Q7Z2W4,ZC3HAV1,4954.840054,9816.77028,4422.932772,7754.528953,11520.48478,10526.21094,,,,13206.93323,17923.37199,14333.46972,9855.493164,8923.692642,14838.89809
Q7Z2W7,TRPM8,1912372.75,1925522.125,1688137.625,1493499.75,1741773.875,1845956,1437110.625,1103093.625,1101287.25,2074817,1877901,2367496,2117595.25,1780923.125,2095221.75
Q7Z2Z1,TICRR,,9150.451541,,,,,,,,,5799.30936,,,,7927.894504
Q7Z333,SETX,2936.700237,6033.36716,2721.721928,4249.113079,6213.358218,5232.102203,,,,13124.74099,12532.64825,13117.37705,8319.658674,8646.06273,12823.68764
Q7Z3B3,KANSL1,,10452.18083,5679.095957,8948.782623,17130.17363,20191.47262,,,,25047.30158,27828.71541,32375.31151,15708.06872,15055.33086,25640.74495
Q7Z3B4,NUP54,6121.819342,14699.83292,6200.696866,6659.426045,11773.8078,10467.04739,,,,24554.42915,32311.83442,20940.03339,16317.86317,18464.21436,28420.89938
Q7Z3E2,CCDC186,18504.66797,42027.85938,,,,34117.03906,,66684.28125,,72154.75781,59717.48828,40059.40625,35673.14062,46339.82031,37115.07031
Q7Z3K3,POGZ,18578.90299,34996.88747,12091.24592,11812.55886,19417.63532,25169.87786,4287.966331,3156.034565,3310.027672,39944.90592,42773.84961,41419.93036,29217.0456,30072.26206,46560.03516
Q7Z3Y8,KRT27,71985.9387,,12464.83169,,,,,,,,7788.959092,15275.38728,11094.41619,,
Q7Z3Y9,KRT26,12120.5332,,20234.45898,,,,,,,,,,19064.58203,,
Q7Z401,DENND4A,,,,4494.625977,,,,,,,,,8112.717285,,11104.7832
Q7Z403,TMC6,,22845.69727,21786.25391,18567.26758,22847.42969,28622.31836,,,,,,27464.09766,19679.9082,21941.59766,18230.58594
Q7Z406,MYH14,5757.78877,6008.682824,16513.95703,4599.496452,7433.577179,6839.628483,2250.176178,,2378.245898,10004.19069,8888.192849,7793.398268,5373.458667,6270.342975,8943.905931
Q7Z417,NUFIP2,1760.482393,4305.248249,1134.143138,6950.54161,9406.496817,10598.79001,751.804554,923.9666946,,10015.0127,10294.29155,11456.65589,4688.548828,4839.419357,9437.952148
Q7Z434,MAVS,8558.123734,16263.7326,,5329.79554,6361.500221,,,,,12291.17624,13401.69914,,,,
Q7Z460,CLASP1,5184.539846,20209.19551,7267.635217,9519.382638,18202.01407,20154.87715,1048.926018,,,16613.74048,16104.91665,14967.50328,12938.04221,13469.24553,19386.44623
Q7Z478,DHX29,8509.231492,14046.94141,,8959.412188,12067.78936,22734.82422,,,,12900.80633,8786.458008,5022.060406,8332.163697,4561.568439,5954.780919
Q7Z4H7,HAUS6,56397.45703,72744.78906,63085.27344,37655.47656,37899.59375,43375.92969,30216.78125,44919.74219,37117.94922,60787.26953,66888.89062,49787.64062,59179.55859,76498.45312,66593.5
Q7Z4N2,TRPM1,,,,,,,,,,,12029.73633,,,,22388.16602
Q7Z4T9,CFAP91,,7174.302246,,,12723.73047,7369.085938,,,,7435.168945,3778.178711,10515.05469,,11589.57031,15237.95312
Q7Z4V5,HDGFL2,5904.342699,20038.2987,10511.0668,15779.01908,15693.59249,11521.63,2707.10805,,,13213.30079,17833.90434,15894.85298,12810.21322,17874.64368,21704.51987
Q7Z589,EMSY,2515.992298,4995.727825,2765.350935,3464.529104,6592.742136,7434.350081,,,980.3402579,7832.218831,8146.66556,9072.483821,7142.289939,6014.445684,14661.30214
Q7Z5K2,WAPL,4541.379374,16764.37341,5718.866733,3704.513665,14436.00824,8644.373676,2018.953073,,,4497.87587,4337.107703,4620.013932,6404.87951,6967.514304,6970.814884
Q7Z5L9,IRF2BP2,,,15558.31543,25623.72266,,10870.15625,,,,18314.92773,35672.15234,15891.46289,23074.30664,15423.89062,23061.61133
Q7Z5P9,,82603.91527,113328.7585,91990.4178,106969.7266,76148.9714,115117.5595,73910.40134,82085.60879,88047.63829,78862.68986,119323.6096,133799.3528,118167.5027,92385.83032,83590.52296
Q7Z6E9,RBBP6,2813.536208,5178.675122,2844.061791,4766.799841,9580.305879,8587.291016,2168.146791,,,29556.23817,27853.94927,25528.46468,12859.49282,13231.37732,19293.07442
Q7Z6I8,C5orf24,15170.52037,32541.37398,12281.36992,28269.74942,47238.56761,29089.31641,,5131.54976,,61430.93131,73098.24081,64004.8353,46559.3219,38075.68705,75918.4386
Q7Z6J4,FGD2,168793.0156,139566.125,163081.7812,159761.0469,146192.1094,183288.5312,177133.5625,,191986.0312,148211.5156,169449.1719,172705.6719,149240.9062,162215.9844,122353.9688
Q7Z6K1,THAP5,1674948.75,4291256,4870992,3414722.5,3946707.25,3767049.25,4915441,5131744,4413875,3868645.75,4518965,4121030,3840467.5,3970056.25,4110014.25
Q7Z6K5,ARPIN,,,27825.76562,,,19883.63672,,,23763.88281,18889.51562,25854.70312,,,,27779.30859
Q7Z739,YTHDF3,7817.556299,23427.6819,6317.590096,10415.90957,13783.26049,10004.65017,,,,17014.60169,10641.84675,12266.17892,5002.425228,3177.389348,9862.17861
Q7Z745,MROH2B,31043.08398,9958.980469,24469.79688,30455.69922,11884.49805,22147.42578,4143.079102,,,17529.07812,29817.93359,35804.43359,30065.19531,24337.5332,28790.41602
Q7Z794,KRT77,117143.4104,24874.23139,67707.43663,12825.01073,21544.38867,38903.79494,89970.76397,80252.1341,46077.79904,19188.83263,80128.11335,41583.07325,69659.63313,37583.86694,105982.6038
Q7Z7A1,CNTRL,,,129678.4922,113784.7344,94544.42188,,,,,,,86870.88281,,,72450.65625
Q7Z7A4,PXK,,8848.488281,,,,,,,,,,,,3677.26416,
Q7Z7C8,TAF8,2751.501856,6737.541504,,5852.689941,9829.902344,7443.556793,,,,11447.09961,16527.33789,14594.87109,6000.408691,4912.600091,15261.22949
Q7Z7G8,VPS13B,,,,,,,,,,,,13937.66699,,,16047.40234
Q7Z7K6,CENPV,,11971.89648,,,13768.1779,13605.79879,,,,36181.96484,56450.21088,48438.27166,32561.46875,27802.58984,46572.48828
Q86SE5,RALYL,,,,473694.1562,,,71553.07812,,,1488694.5,1623474,1521979.375,1126948.25,928852.4375,1561500
Q86SQ0,PHLDB2,3465.919555,3630.984315,,6649.698854,12684.26548,9835.207001,,,1535.757852,18795.99563,18378.21263,14710.34115,6186.565781,5280.711494,12493.94155
Q86TC9,MYPN,,,,,34399.71875,51136.36719,,,,47793.02734,51782.80078,65641.59375,27363.19727,35768.90625,56342.51172
Q86TJ2,TADA2B,11219.90241,7061.356652,8031.282935,10059.03437,10100.15022,11330.61627,,,,15686.64408,11158.07827,15638.37234,7664.078663,7303.949741,13985.49946
Q86TL2,STIMATE,,,,,2923.624023,10310.04102,,,,,,,,,
Q86U38,NOP9,3514.870547,4820.225267,3277.511594,3604.438719,5657.152341,4472.980876,3108.489154,3816.643873,4229.415936,7610.793881,5831.098299,11447.7333,6440.916601,8233.48967,18028.22055
Q86U42,PABPN1,29502.52344,55470.89662,39108.79595,42170.7496,109973.2968,105900.0156,11669.41992,5544.889591,17581.71867,147429.3036,156360.0729,144810.8405,114312.5245,85590.54373,121073.6562
Q86U44,METTL3,,,,,13279.2927,18163.1953,,,,16396.42219,10364.514,,7547.912642,5239.32069,
Q86U86,PBRM1,24336.78304,53524.24925,23483.19866,18163.45387,37117.11234,39577.11541,4480.409048,1555.936171,3635.583975,59217.50578,68161.44336,64535.74491,45454.30359,37223.52988,63734.28169
Q86UE4,MTDH,,15966.93573,9807.202307,,,4202.360764,,,,,,,,,4473.096279
Q86UE8,TLK2,9399.189453,25702.29102,,14283.15723,11604.51953,28463.15234,,,,20245.37891,24877.39453,15518.44727,16403.32422,,
Q86UL8,MAGI2,27993.08594,33787.09375,52694.28125,24825.23828,32092.72656,40403.33984,171342.2969,188704.1562,170168.6875,42143.8125,,38448.54688,32466.07812,30592.27734,38830.67969
Q86UP2,KTN1,5663.060412,15498.27147,7567.096833,5533.31238,9459.279959,6592.481197,,,,9444.158366,6867.74125,6283.7447,4741.144978,2638.104919,5335.43478
Q86UT8,CENATAC,25875.47461,20763.25,11857.3291,,11460.73047,30924.06641,,,,37875.78906,30798.56445,37261.26562,21236.125,19523.94922,34683.94141
Q86UU1,PHLDB1,8924.888273,18472.01806,,10030.02856,12856.51241,7300.382019,,,,8502.585291,7194.007352,,4787.863147,5325.313403,11601.99881
Q86UV5,USP48,10173.8772,26429.77148,11018.60296,11978.98397,30530.38611,25069.03959,,,,10939.0973,7696.038824,7292.507325,13780.81691,14723.41056,14658.45181
Q86UX7,FERMT3,33502.10448,28465.12173,23055.40549,20595.01278,14637.16068,26948.69511,,,,23071.50977,23577.03906,31818.44429,32517.22029,21340.34581,25221.05162
Q86UY6,NAA40,22601.8689,37253.83042,18434.1341,14591.09961,31996.07374,34084.83262,,,,39897.93175,29446.37646,37666.60003,24565.79019,38588.45708,45007.23013
Q86V15,CASZ1,,,,,,10703.82031,,,,,8032.684082,11219.35059,,3006.524658,10052.55371
Q86V48,LUZP1,10360.83971,23193.52344,12128.82443,9416.843202,15073.81807,24055.13254,,,3786.369398,14883.71969,15278.03202,11761.09806,13482.08887,11825.63897,19844.27519
Q86V81,ALYREF,130541.3997,218982.7068,146517.3757,222190.7825,284425.6441,271737.1545,61378.726,22596.59253,72216.94234,428103.5145,470523.3934,460045.2803,341230.9625,308331.2489,495210.7243
Q86VB7,CD163,39302.47656,45400.73438,40308.73828,44299.33984,,27510.38281,48285.04688,44365.79688,62660.09766,28902.71289,26042.27539,35843.60156,38226.19922,31573.58594,29563.52539
Q86VI3,IQGAP3,10846.69657,24079.23893,6056.034593,8098.848948,16212.52902,14808.32983,,,2964.905762,19937.86022,16096.96005,16646.73994,8694.967773,7795.555365,14412.98387
Q86VM9,ZC3H18,4962.223106,18904.583,3747.35335,10313.09272,9971.353184,21575.29773,1802.136063,,,41762.60149,38175.69016,42277.11739,23068.87002,19402.61719,29885.98529
Q86VP6,CAND1,2090.709419,11060.81476,6296.784653,3301.87125,9486.404546,13632.90294,,,,5981.102774,2136.743979,2619.10326,5077.403024,,4752.796923
Q86VU5,COMTD1,,21887.66016,,,5419.066406,,,,,6152.822266,12284.70508,12309.25293,3368.909912,4805.957031,
Q86VY4,TSPYL5,22884.82974,41844.04423,17549.3102,29900.53531,67454.66801,59301.87643,4873.075098,3893.744755,4432.025775,51628.55493,60322.52251,54660.38147,33588.47874,38785.37664,60053.98199
Q86W34,AMZ2,31490.78578,31465.09734,25567.6381,32693.39621,44672.16913,34389.45728,22087.13529,,25124.30159,28792.47047,28103.14757,45289.28923,23874.42535,29304.73628,27869.83737
Q86W42,THOC6,4020.549063,8842.047773,4600.220064,5238.461546,10956.65207,15219.08049,,,2234.228606,26081.45124,18573.85702,33881.32495,20975.88352,13622.65666,21136.75182
Q86WJ1,CHD1L,7919.775285,16843.17609,4932.218474,8402.674611,32145.3975,32675.68408,,,,20277.79049,19103.35745,21628.0016,15375.50257,11782.11609,17875.3134
Q86WX3,RPS19BP1,67663.0323,58401.08978,60576.6603,82267.77344,91391.78684,132913.3065,64174.83416,29753.95334,83506.72887,98310.63187,120756.2784,97698.96338,90092.36733,89067.70091,74559.24889
Q86X51,,18270.21347,32189.15736,19091.15793,37681.58239,67564.48729,84843.65582,6855.722532,1907.30986,4213.537234,59367.98125,72771.50176,59929.95924,52013.63892,56365.17857,93694.02006
Q86X95,CIR1,,19062.68555,,,,17316.25586,,,,10755.16797,29356.5625,,,,
Q86XH1,IQCA1,76404.61719,79932.16406,,,81096.6875,73639.27344,86545.9375,,71859.28125,66299.5,,108690.8828,89679.0625,60960.0625,41955.96484
Q86XI2,NCAPG2,,5629.983218,,,4412.924003,6531.694824,,,,4325.148429,4223.329281,5264.157385,12002.58414,13743.00884,13506.37708
Q86XJ1,GAS2L3,,3948.26709,,,2743.096436,5249.168945,,,,,,3295.876465,,,5317.808594
Q86XK2,FBXO11,4476.281052,12438.64844,10487.94457,9356.336873,10902.30799,14361.88867,,,,30295.69124,28337.5625,12225.16825,27047.87109,21436.68071,34842.67035
Q86XP3,DDX42,7978.242504,16183.43273,6146.562973,12108.23435,17712.86419,20266.59869,3207.891951,,1189.128648,23330.70766,25270.67446,23053.71354,15156.7392,15768.0317,26332.90047
Q86XZ4,SPATS2,6804.612512,7569.65623,4470.372452,4595.996953,10151.95492,8282.709264,,,,10349.1146,11099.17378,15317.34572,3610.234839,6918.43042,7036.090315
Q86Y07,VRK2,9674.073807,21098.32315,9640.109022,10873.16437,15972.47314,17784.62962,,,,42285.30171,54012.34716,48824.41863,31668.4039,29629.42193,48116.98526
Q86Y79,PTRH1,,7904.353516,3869.600342,,7110.320312,6496.821289,,,,29841.49609,19252.41016,21757.94727,11750.74902,18638.48242,20669.97656
Q86Y91,KIF18B,10237.14366,22438.67837,7660.748277,22972.36719,33001.54656,37937.52865,764.0140834,,,30978.08611,31584.75858,34114.80493,32879.66406,35938.57031,62785.05469
Q86Y97,KMT5C,,13511.51929,,,10302.2767,9319.330119,,,,17716.50174,26189.58883,25486.98365,12744.2364,12124.4305,26663.8227
Q86YC2,PALB2,,,,,4726.382324,,,,,,9073.578125,,,6429.863281,
Q86YD7,FAM90A1,22704.14453,22515.12305,,,17271.1543,32867.95312,12395.02637,21351.43555,,19994.06641,33559.35156,30822.26562,38348.09766,20411.21094,
Q86YP4,GATAD2A,7390.10836,14922.66335,7639.61013,7674.072435,10825.40427,11433.52213,2565.777177,,,13371.58891,18365.90952,12186.52539,10689.7562,12370.02807,19798.54055
Q86YQ8,CPNE8,,7885.525879,,,11309.50977,,,,,6179.215332,7295.650391,16345.9873,,,
Q86YV5,PRAG1,27205.89648,,,,,,75291.92188,65201.41406,69596.84375,,29982.02344,,,,
Q86YW9,MED12L,60495.24609,84897.60156,,60142.58594,44532.30078,,,30330.27344,,,,,,87422.28125,82917.03125
Q86YZ3,HRNR,16903.26868,6328.984247,12951.2458,6877.482312,12932.59479,14916.97332,11289.3946,17649.16247,15227.862,7086.520048,32016.56827,13139.79736,17078.0568,11405.69115,11333.65858
Q8IUD2,ERC1,,10340.69651,6013.164741,11700.53431,6487.389573,11947.92994,,,,5125.624193,5914.700194,8469.313141,6454.236279,,7219.241352
Q8IUE1,TGIF2LX,1951.999442,4715.324968,2981.93004,6498.647762,10886.01618,12198.53955,1959.981641,1900.282179,1963.335939,6172.039222,9401.304647,7835.254904,6514.693648,7899.30424,9464.625318
Q8IUE6,H2AC21,329942.268,609674.9926,344976.2245,217405.9922,454404.8332,366254.703,91780.83134,57947.14099,91257.70155,532950.2539,636329.8514,692113.1231,341781.8197,631379.2986,1131619.915
Q8IUF8,RIOX2,5983.852606,20820.23047,,2456.58044,9841.538794,10056.57044,,,,10869.9265,6994.05576,12124.73241,3908.229108,9629.716898,18802.75978
Q8IUH3,RBM45,5041.626322,5734.506836,3365.374911,1689.878604,5783.71509,6576.062789,695.8475794,,167.9909561,11975.56473,10967.44577,14427.5488,8537.840246,7394.986236,12344.05124
Q8IUR5,TMTC1,92618.99958,104660.4076,83740.76465,50929.34675,87329.57746,108477.5705,68129.87687,44570.53801,49252.17491,98982.70232,95335.14128,113663.9154,49020.07976,105681.1061,90613.45132
Q8IUZ5,PHYKPL,50152.52344,130210.5469,89001.79688,144328.5156,106823.3594,128609.5312,,,21699.32031,209003,263851.4375,185462.9688,140324.5,152881.3281,259323.7656
Q8IV04,TBC1D10C,113971.1054,120369.0312,136845.2425,156239.3724,98482.2298,98685.14265,106084.6754,138076.3899,172555.9682,102146.256,94739.30359,168877.4833,94104.21173,134492.7424,154085.1286
Q8IV08,PLD3,,,,,11195.85352,18148.05664,,,,12330.01367,,,10913.04492,,
Q8IV48,ERI1,10210.5791,7200.225098,7239.554199,12717.77051,16973.39648,22250.44141,,,,45404.26172,21411.62109,30702.01172,15616.59082,22800.72266,
Q8IV63,VRK3,10900.60208,18087.19949,14307.03136,,9474.79346,10386.61363,,,,23897.05508,29790.93916,25768.95574,10351.32969,17562.04632,21936.78247
Q8IVF2,AHNAK2,921.9808197,943.782087,1717.054117,2964.311999,11118.15902,4936.851807,1494.259635,,982.0848392,9831.506509,7307.489173,6992.943579,3857.237494,1547.595128,5141.156279
Q8IVF6,ANKRD18A,31044.13281,16460.51562,33023.78516,51671.37109,,23188.97656,,,,,25367.31641,29116.54688,28789.87109,23373.31055,30519.44727
Q8IVH2,FOXP4,9040.79604,22413.83109,10846.19239,4662.362208,4191.978756,6312.694207,,,,6546.361392,5804.203577,2973.378103,6016.879204,4683.709653,7029.875557
Q8IVM0,CCDC50,22972.71508,17402.92182,25493.17512,28859.18507,38632.54356,41141.05078,,12386.74452,,13772.81755,7763.337745,13138.5993,11560.22903,14072.34644,11053.75257
Q8IVT2,MISP,4466.606886,14176.90114,8827.77146,10496.44569,30983.21439,19805.19789,4852.240704,,,24004.16016,12555.85264,16543.60925,4824.344262,4629.188163,7479.149118
Q8IW75,SERPINA12,38890.86895,8550.322465,26451.81648,1896.508322,20139.73169,18457.80777,30124.85094,14918.79498,34192.21005,14242.19937,40270.24691,9940.659569,21959.30461,13257.95873,20381.24283
Q8IWA0,WDR75,12633.85832,12323.48041,10597.96237,9902.026488,19287.28431,26684.60683,7038.941953,6167.930978,9187.269786,25122.10694,27728.0758,63533.1396,19185.47982,26857.2632,46620.19745
Q8IWC1,MAP7D3,3107.508935,10737.7988,2048.48886,4362.573718,3816.917809,16026.8222,,,,5051.833398,5396.555097,5579.673885,4298.220723,5599.667281,8655.032546
Q8IWI9,MGA,3544.79182,5723.151484,2523.431976,3607.252829,8064.321362,10484.29037,,,218.753288,15002.27851,12734.67878,14633.82736,13784.4324,10357.07006,17177.9731
Q8IWS0,PHF6,14632.36003,31434.3483,16611.35794,15185.39571,28912.41927,31529.68403,1166.900143,,1678.334079,33656.07365,44413.18563,46012.25432,27006.63808,30255.31954,45017.6614
Q8IWT1,SCN4B,22139.375,39895.01562,,,33204.41016,25382.32227,,,,30474.04688,,,,,
Q8IWX8,CHERP,3529.107071,13959.26408,4195.835841,5299.453793,11746.69203,9865.418416,,,3079.540722,37754.05346,38484.95002,35540.51562,9695.585704,10450.48641,33498.24584
Q8IWZ3,ANKHD1,22717.78524,37899.98727,12063.79532,15141.05799,17143.57145,35780.34844,29388.40675,8838.172943,7999.34958,,60308.73362,12910.19242,16421.40774,45442.16579,31480.79673
Q8IWZ8,SUGP1,6371.613517,19640.70073,4729.944367,11058.85508,21683.88672,16866.31063,,,2693.082581,18255.75276,17070.3102,16214.37164,16208.52638,13223.13963,24551.13672
Q8IX01,SUGP2,6991.268794,24265.82382,9493.336155,11097.6714,20053.45822,22619.06726,4534.44512,,2243.591269,35176.09957,48241.59001,46320.28521,31848.87436,25035.63535,41880.35451
Q8IX12,CCAR1,5100.174429,10120.48843,5598.045862,6200.75912,8680.671981,10727.48359,3309.707249,,2228.470845,18664.10156,18328.11913,21648.63478,13899.94827,11663.29726,20538.89656
Q8IX18,DHX40,,4640.735433,,5520.226827,8319.644521,7795.345277,,,,11673.69965,18089.49017,19645.58279,6110.155901,8796.982623,13558.40425
Q8IX21,SLF2,,,,,,,,,,,,11892.73145,,12061.61914,17776.60938
Q8IXB1,DNAJC10,24112.86211,54510.07067,26857.22905,23052.1892,27013.0033,30037.3519,4313.324293,,3887.812902,49968.6418,54996.04007,45772.17176,22793.54081,25585.93185,36699.0472
Q8IXH7,NELFCD,,7819.138672,,,,12081.25,,,,6619.960938,,10590.1748,7087.828125,8253.1875,8816.148438
Q8IXI1,RHOT2,,,17793.47266,,40995.9375,32123.38672,5826.85498,,,,,,,23465.91406,31497.35742
Q8IXK0,PHC2,6611.914491,15041.651,4022.543213,3852.96828,9688.608396,12362.14923,3486.985868,,,36708.90383,31430.43291,44315.99085,10544.23136,18045.79506,24936.69285
Q8IXM3,MRPL41,83385.06728,69434.28508,37587.85717,44831.4928,103562.2689,48241.84808,84774.68925,82768.24971,114505.1574,33757.61357,27773.82885,28043.03256,31944.41561,27102.70192,26709.93682
Q8IXM6,NRM,,9740.272402,6599.948146,7540.653159,10843.47361,11213.4497,7903.964586,,,24211.56836,20039.09884,12650.76828,20420.93072,14335.09315,29750.32403
Q8IXQ5,KLHL7,9005.457031,,,,,4354.900879,,,,22740.44531,18434.99805,12592.12109,7579.448242,10116.7373,8492.452148
Q8IXT1,DDIAS,37011.07031,38237.33203,,27496.18555,,,,,37220.67188,,22729.63867,19119.52344,,45231.59375,
Q8IXT5,RBM12B,9149.653254,28622.0559,9853.931525,18410.10137,23349.81218,34616.24101,2944.100059,,,37283.86851,56185.53973,57625.82134,28702.86606,33369.79171,57511.77615
Q8IY18,SMC5,4642.8489,9026.75823,5083.950741,6723.230685,9749.258208,12409.62182,,,,18076.90743,18419.56653,20029.89757,16252.93826,14113.08184,22040.29548
Q8IY33,MICALL2,,,,5209.802693,19727.71921,23913.43647,,,,16553.4225,6165.408237,11436.2218,,3569.395686,11506.33166
Q8IY37,DHX37,4114.359022,10580.31233,4282.461963,1307.135036,5212.33765,6409.365496,,,3058.976816,9598.673622,15232.91616,15055.85059,5325.94574,10973.66223,12997.40638
Q8IY57,YAF2,,10053.87891,,4372.790527,6199.488281,6632.995117,,,,9464.842773,9179.68457,8949.513672,7188.123535,3097.72998,10090.17578
Q8IY67,RAVER1,11365.85896,42832.00901,15544.62835,11720.08147,34604.15982,30222.85241,4231.556614,2409.122412,4837.45734,51379.83917,45365.86221,55565.84108,49450.98173,37360.85479,63120.10895
Q8IY81,FTSJ3,13911.48513,35205.5,17450.88987,20976.88105,37306.22361,60397.58163,3663.285581,2932.390789,4204.375835,55163.9112,65289.84404,82339.58858,42515.84833,43808.15586,79902.57328
Q8IY92,SLX4,4191.576911,12330.72695,4691.34227,5962.496067,8543.361538,12741.75723,,,,13909.37922,12726.30232,11440.43213,9994.341797,13327.35317,21074.40537
Q8IYA6,CKAP2L,4535.238201,7144.919787,2918.935447,6298.427402,15658.68256,18819.53741,,,,13937.88536,18971.73574,15028.34043,10555.23242,10790.84383,19921.17693
Q8IYB1,MB21D2,,14040.32617,,12373.23047,13006.0459,19548.56641,,,,26805.20703,28184.10156,19750.25,14214.35547,18670.0293,22561.90625
Q8IYB3,SRRM1,5764.924381,12871.31239,5395.275475,7389.531348,15798.04492,13127.21349,,,,19691.76999,25710.63066,20164.2931,12954.76079,10466.69071,22059.22216
Q8IYB8,SUPV3L1,4079.483558,8955.359097,4558.01362,8518.407221,16696.03732,20355.33601,,,,11375.94534,10963.1259,11770.73037,8433.455865,8115.81408,13673.78813
Q8IYE1,CCDC13,19384.31641,,16596.83594,13378.19727,,25801.83594,15943.58203,14438.90332,11652.56641,16238.20703,14940.79492,18812.56836,19501.44141,14381.45117,18196.47852
Q8IYH5,ZZZ3,2280.656314,4582.539193,,,,7808.242563,,,,7048.209169,13122.38565,7214.852298,7689.316572,6194.042791,6691.824609
Q8IYL3,C1orf174,2536.598691,6121.374625,2122.168389,4274.160511,5603.426819,6509.572958,608.9888549,,405.2051158,6370.086914,8696.771484,7375.822754,8496.206407,4808.138655,9894.22556
Q8IYM9,TRIM22,,,,8902.137578,12905.00235,13352.29655,,,,32995.36608,27111.11924,25943.23203,14114.58302,9605.465187,22651.93029
Q8IYS0,GRAMD1C,39612.73438,,15899.69531,,81799.08594,107575.2578,,,,76428.20312,93526.07031,,,58037.82812,
Q8IYU8,MICU2,,14256.29126,10580.41309,5054.211262,9408.103044,6068.601117,,,,4938.034583,16118.34215,6617.51996,5823.754086,17035.76922,20602.52344
Q8IYW5,RNF168,1506.825151,4813.453807,1970.510712,,1650.267629,1826.412902,,,,,,1111.963979,3019.222124,4763.156646,4129.117147
Q8IZ40,RCOR2,6336.878906,,,,5511.257324,861.3129883,,,,7086.40625,,,4514.160645,,
Q8IZH2,XRN1,,3868.45874,,,6263.834961,,,,,3258.009277,7623.158691,,,,
Q8IZL8,PELP1,6221.105462,20616.70905,8883.501384,10919.55465,21549.0088,20352.20051,,,1085.879695,68383.19915,79308.49131,78218.2748,35489.26812,33192.04984,56631.16338
Q8IZM8,ZNF654,5107.893098,9076.269877,,,9168.494078,5933.857508,,,,9772.141256,13938.46758,7939.265358,5272.682431,7049.558258,7219.77497
Q8IZP0,ABI1,11398.17927,22930.97551,6637.893942,9144.638452,19396.2109,16957.45236,,,,29058.09525,12610.01871,13488.59968,8126.822731,11201.56131,
Q8IZP9,ADGRG2,,9101.128906,18838.05273,14290.54004,14049.41895,9590.289062,17106.0332,20951.20898,20365.9707,20534.17773,12686.46973,24960.67969,9250.282227,10646.5332,6475.390625
Q8IZQ5,SELENOH,44335.72656,90770.375,37540.20312,36951.98438,61013.95312,94314.53125,,,,64711.84375,73171.3125,71024.85938,59531.03516,55964.02734,91650.67969
Q8IZT6,ASPM,,4702.10294,,2674.927316,1240.177569,4098.066406,,,,2646.668547,1340.519702,3722.090576,860.6205681,,748.597447
Q8IZW8,TNS4,221049.7344,234767.8594,261306.75,254151.75,206080.0781,238198.1094,272895.4375,244433.6875,265512.4375,245953.125,224824.5781,236098.7344,235354.0156,232866.2812,282793.375
Q8N0S6,CENPL,,7686.207993,,,14609.7435,3914.208443,,,,8127.506634,13518.50942,23695.63251,7949.737762,4246.03218,17108.10101
Q8N0T1,RBIS,26777.77405,23683.09584,17718.93817,16585.99134,19548.20708,21702.40702,12852.37945,6204.589147,14480.52267,39924.1721,29292.51558,43264.24913,27033.90257,20383.67296,26914.8349
Q8N0Y2,ZNF444,25515.74609,31434.92969,,15745.06445,19338.6582,8815.97168,,,,60268.08984,40444.66406,32192.80469,19795.50781,37519.33203,46406.49219
Q8N0Z2,ABRA,46569.55078,47564.15234,38182.84766,35396.1875,34526.52734,38733.75,49500.80469,31360.21289,38897.49219,33961.35938,34540.50781,52176.80469,42074.79688,47065.44531,40761.0625
Q8N118,CYP4X1,,,24700.5293,,17114.86914,,,,,9216.236328,17664.57617,,,,13045.10156
Q8N135,LGI4,,,748656.1875,,,1610449.375,108248.7812,48687.41406,188738.0156,1695857.875,,2272264.75,1671456.125,1753129,
Q8N163,CCAR2,2686.610291,8389.257899,,3712.542648,6652.947293,7381.979957,,,,11696.10352,7264.781415,13851.69032,10665.59461,10376.49793,17595.07187
Q8N1F7,NUP93,11812.91122,31009.19336,15599.18677,12515.3092,25417.72528,25966.65756,2904.046004,,5327.725632,46668.20626,57053.77014,45759.0919,28480.53512,30585.50537,47409.54022
Q8N1G0,ZNF687,4148.995688,16963.97383,5837.612717,6889.767871,14867.67596,13420.74177,,,,32197.80859,29254.53157,22262.48318,13708.77586,15745.71978,22537.94798
Q8N1G2,CMTR1,5924.688968,8056.853259,3420.909882,3850.407489,8372.900129,7708.792547,,,,7262.823134,5672.526411,4802.873021,3574.378339,3650.094066,5897.86065
Q8N1N4,KRT78,119937.1705,39885.5294,167153.9399,27089.81749,41451.18224,80030.69349,68516.93904,46226.42196,55790.9467,24188.04804,87596.61103,43655.14327,75164.4638,39730.96572,68753.90065
Q8N1T3,MYO1H,,9454.342773,,,8121.594727,10395.77148,,,,8652.645508,,10496.5957,5551.144043,,2879.713623
Q8N201,INTS1,5744.528917,15600.65172,5783.678898,3873.408848,12210.83576,13864.64447,1789.783492,,,19795.85302,23442.82805,17126.09447,17223.17919,15980.21231,18894.96717
Q8N2F6,ARMC10,123347.9375,131358.8906,103514.6094,83672.92969,,76523.39844,117681.8281,,,87343.17188,85167.84375,107673.75,105888.0625,113972.9219,97333.58594
Q8N2W9,PIAS4,,4017.733317,,8412.512946,,6218.360785,,,1303.456502,,,5402.51243,6168.347661,4885.119056,8430.729789
Q8N2Y8,RUSC2,22636.13086,,20786.70117,35186.40234,34153.23438,,80182.66406,108723.7734,115575.1172,16838.00195,,42672.21875,,,23909.51953
Q8N2Z9,,,26834.03565,,,12713.6728,12088.28706,,,,25454.48949,32547.55287,26065.24933,18414.64938,20390.00548,24936.20073
Q8N3A8,PARP8,831533.75,689592.1875,671957.1875,508926.7812,816758.3125,737600.3125,46772.23828,,,683716.4375,676410.375,669969.75,731575.3125,615416.5,516087.2188
Q8N3D4,EHBP1L1,3448.494912,5360.028178,2264.568035,9982.730501,8505.211385,4990.453641,2856.095543,,1726.6148,12962.11704,14686.41477,9972.1602,5129.505406,5672.663158,5790.303759
Q8N3E9,PLCD3,9928.859566,19773.43823,9334.533523,8305.317171,15533.23582,17150.29011,10034.6204,,,34412.55651,22573.51487,23521.95517,10616.1101,7539.199629,14706.08336
Q8N3U4,STAG2,8684.145594,19972.85854,5876.131547,18049.35648,24508.03857,27782.23523,,,,29252.19599,33659.16282,32087.92848,30033.8882,30468.5317,51460.02345
Q8N3V7,SYNPO,22826.18331,62125.26818,27257.8941,14558.13755,32997.95844,35794.52731,6784.42317,,3435.411436,41645.2733,35031.75391,31575.97532,30865.08595,23697.43067,47101.34795
Q8N3X1,FNBP4,5217.909732,7226.172766,,5690.403021,11730.01471,10468.19168,,,,22575.65094,24918.60112,22761.65616,12200.67259,11115.00538,21449.07372
Q8N3Z6,ZCCHC7,4296.852314,3877.830823,,,3914.006955,11254.05752,,,,8945.382209,7262.262601,6102.473118,7147.620941,8321.127084,5729.376122
Q8N488,RYBP,6479.619074,10746.98465,7006.711908,10392.23807,13505.10349,14744.50424,,,,6622.04726,10411.94303,11921.33383,7885.685613,15618.04951,20424.22501
Q8N4B4,FBXO39,,6543.62793,30078.00977,,,,,,,,,,,24340.74414,28211.21484
Q8N4F4,SLC22A24,,63855.23047,,,24152.88672,31704.58398,,,41993.55469,32445.37109,16240.44727,36868.02734,51449.72266,37155.73047,33219.35156
Q8N531,FBXL6,22540.02994,35427.35647,29420.22842,27531.00919,40502.53669,53121.70407,,,,66639.02857,88693.06143,73926.33125,50141.48323,46219.08445,70515.32384
Q8N554,ZNF276,,,,,,17413.3457,,,,32888.5625,19859.58984,36369.30078,25703.42188,5294.949707,33387.79297
Q8N556,AFAP1,40956.26953,41763.88672,,,,,34517.57812,,,29948.56641,18729.67188,27844.75,40669.47656,,24293.33984
Q8N567,ZCCHC9,,6765.452297,,4419.795305,15119.53613,14778.0918,,,,15003.32031,24748.09375,23895.84766,18223.87695,13892.43065,20608.28159
Q8N584,TTC39C,,,,,,,1248919.564,1127358.286,1200260.323,9261.312378,,,,,
Q8N5C6,SRBD1,14320.14664,35562.52212,15291.17406,13968.28183,25229.54945,32363.48673,4778.290251,,,35243.03785,48415.14899,48941.22002,40591.67884,44442.71805,73041.21886
Q8N5F7,NKAP,,,14240.01562,,17482.82812,49672.26172,,,,44577.78516,44538.94531,18120.50586,28672.91016,7634.268555,24289.99609
Q8N5I9,NOPCHAP1,63187.49219,56690.14453,50026.81641,53762.50391,44101.59766,49114.24609,,,,57488.875,50208.85156,40762.64062,44287.33984,51893.41406,62052.69531
Q8N5J4,SPIC,74504.23438,55537.21094,90419.36719,19248.59961,60300.76172,58451.56641,61410.18359,66792.89062,55041.16797,65150.82031,,54153.88281,46201,,60399.83203
Q8N5K1,CISD2,,7561.296506,3726.580238,,11750.70918,11067.58105,,,,16004.91281,13024.32605,18885.49705,5123.006341,6293.843925,11082.38379
Q8N5L8,RPP25L,5794.711914,16292.99609,,,11291.62305,18003.75391,1450.112549,,,20826.10742,21438.07031,28438.64648,15929.80469,14982.62598,35443.12109
Q8N5P1,ZC3H8,,,,6316.144531,9005.401367,,,,,,,11988.46191,3979.554932,,
Q8N5Y2,MSL3,4366.549629,2264.662372,3783.504658,3327.017655,6817.746162,4766.669903,1241.201248,,1133.5135,16065.20766,18185.09818,15603.39133,13865.93733,10588.84581,22950.30176
Q8N684,CPSF7,75962.19829,136547.761,80228.30264,65761.06923,91997.85156,117841.3707,8848.818273,3975.728871,10977.33536,175049.7683,203396.0207,169695.2705,129406.7416,123320.9062,164204.5643
Q8N6H7,ARFGAP2,8832.023913,21633.33476,,,15706.89322,20715.07072,,,,8079.356476,3508.939149,,9587.942116,7362.365791,
Q8N6N3,C1orf52,,,13251.62305,5464.099121,,,,,,,33794.85156,17267.02344,8514.462891,,
Q8N6Q8,METTL25,18121.75,185243.1406,178960.8125,162240.9062,171204.25,142146.4219,192517.875,204345.3906,147090.9375,111632.5078,159653.0156,149857.5625,135962.7031,164092.4062,144119.0312
Q8N6S5,ARL6IP6,,38425.08461,,24373.46431,37950.21462,44295.46254,,,,68844.71619,88184.43229,47321.6667,49689.63204,56769.44095,102376.8959
Q8N6T7,SIRT6,10818.25713,26117.0056,13697.89071,18567.71627,31582.55859,40521.79399,,,,28513.63186,27422.44528,40110.03306,27017.03681,25960.72107,49250.41406
Q8N6Y0,USHBP1,32999.91406,27426.62695,,,18543.83594,,,,,19883.97266,,25409.9375,,,31535.71094
Q8N766,EMC1,9297.226285,15620.9413,18225.16885,3722.207873,17269.13237,15226.04278,,,,19469.3712,18721.51581,13512.72958,14636.51384,5743.720873,18124.79656
Q8N7H5,PAF1,4317.092727,9693.286687,3599.35567,4807.278474,8569.040357,7365.126993,,,,16383.31049,20997.00508,17534.35117,11693.67183,11484.16788,18745.77932
Q8N7W2,BEND7,,,,,,,,,,,21940.07812,15881.98633,,,
Q8N7X0,ADGB,135096.4062,231142.6094,158915.6875,79892.98438,314351.6875,373094.6562,,,,488795.2812,372615.2188,395608.0312,331934.4375,290117.2812,429611.9688
Q8N7Z5,ANKRD31,8532.558594,20348.56641,,,20800.3125,18592.42188,,,,28982.13281,,29209.12695,27077.43359,19863.13086,43345.10156
Q8N884,CGAS,7063.813424,14247.77758,11187.18832,6146.745658,14900.99485,13313.43766,,,,25624.08111,26713.36024,28272.05559,14099.39514,13786.44778,21845.92449
Q8N8A6,DDX51,9402.829102,16114.14648,5912.762349,2417.744191,4453.191248,18440.61823,1707.655349,,,13786.36995,14545.70107,27673.04678,13402.07187,15002.1327,23397.13684
Q8N8D1,PDCD7,,,,5824.848145,4307.898438,9049.583008,,,,15242.4707,13801.67773,11030.83594,6486.038086,6661.700195,5303.893555
Q8N8S7,ENAH,18015.47852,28158.77979,23327.05145,26643.45034,65278.90178,29222.67452,15289.99197,,5654.038071,44109.3017,33046.29404,29713.19417,8074.363288,15013.25142,22189.98633
Q8N8U2,CDYL2,,25585.07617,,13704.58162,11515.04324,18263.03352,,,,25887.20677,32235.1015,24096.6584,15102.56934,26995.11821,30145.2793
Q8N954,GPATCH11,,10040.09082,,,,10222.24121,,,,17315.70312,20908.69922,20850.82031,,6525.208984,
Q8N983,MRPL43,,,,,5527.984375,,,,,2453.647461,,4317.666504,,,
Q8N9A8,CNEP1R1,,3136.6521,3453.521484,,,,690.4638672,,,7413.525391,14639.37598,10435.59375,12989.7627,9846.615234,19530.32422
Q8N9M1,C19orf47,2652.959599,11156.70968,6310.774798,6814.09008,12455.42975,14944.97098,1621.617222,,1099.705345,23736.93545,30858.67203,25901.71478,18419.78157,13873.49445,25666.5553
Q8N9N5,BANP,573315.75,,,535117.1875,464758.5312,558656.1875,243787.4375,295423.875,,637799.625,604496.0625,655104.625,555613.1875,580593.625,
Q8N9N7,LRRC57,4542.242057,4730.544725,,,20797.60453,17303.96128,,,,9406.011783,11505.07384,9241.442926,8632.931744,5974.843288,10563.23727
Q8N9Q2,SREK1IP1,,,,,,1811.192017,,,,3201.226074,,,,,
Q8N9R8,SCAI,,,,,,,,,,,18127.79688,12692.50098,,,
Q8N9T8,KRI1,,7193.170206,7059.734005,8033.776006,13253.0749,18513.90667,,,,12877.76745,27014.40501,24006.72743,15768.8579,17491.62136,24672.12425
Q8NA19,L3MBTL4,,58954.79688,,,20122.23828,24719.64648,,,,,59851.8125,43852.46875,46870.77344,59137.89453,
Q8NAF0,ZNF579,8863.175417,21737.41292,12314.0234,16720.71669,30926.64685,32560.48051,4342.064393,,6776.118381,51461.63759,56979.33161,72553.29788,26779.36242,22261.0923,46485.30281
Q8NAP3,ZBTB38,4742.526728,16148.59579,5111.064491,,,,,,,4910.177103,,,,9512.18107,7711.864587
Q8NAV1,PRPF38A,7839.031937,39748.97435,10656.30739,7095.928147,25505.11711,21389.43246,4977.153291,,,54460.12158,81654.41195,59017.72703,35459.30991,35074.88136,57231.89405
Q8NB50,ZFP62,2820.255383,6290.801466,2289.425408,4992.956121,5585.281232,3642.321512,,,,4361.45875,10751.49846,3292.292106,7409.291682,3515.757163,7965.871349
Q8NB78,KDM1B,3618.367373,7584.247444,,2737.667651,6533.87959,8768.731745,,,,13335.447,16449.625,16239.60363,10287.34716,6974.069114,18826.75495
Q8NB90,AFG2A,,,3364.176758,5219.393066,12686.51953,8251.87793,,,,7518.65332,6599.620605,15419.59766,4262.736328,9334.003906,11031.19531
Q8NBJ5,COLGALT1,5224.542731,19231.15522,5015.771799,,10498.20008,3808.428621,,,,,3232.001709,3075.855882,2308.504817,1716.112998,5127.502065
Q8NBL1,POGLUT1,,21046.87526,12898.59375,11436.51039,21457.62001,26988.32227,,,,21771.76953,25495.33449,18706.11133,,11228.63818,12027.13184
Q8NBM4,UBAC2,158310.0312,151012.0156,149590.4375,133945.7344,,120081.8438,,,133797.5156,137601.1562,,151261.0469,126929.9062,,92911.11719
Q8NBQ5,HSD17B11,6069.220537,13863.61089,8954.33171,,14425.91739,16236.20753,,,,18361.68789,28547.74468,18024.875,11450.73738,12993.22581,16964.57617
Q8NBT0,POC1A,,,,,,,,,,,,,6899.792969,,20350.55469
Q8NBT2,SPC24,,6589.412109,,4352.566406,12412.83398,14835.33984,,,,,,,,,6165.608887
Q8NBU5,ATAD1,7456.472466,19426.98701,10037.62907,,17377.27577,,,,,12831.74953,15999.82756,25899.73433,9060.616211,5381.901385,12679.20926
Q8NBZ0,INO80E,7665.425781,14774.7334,9096.546875,,11194.35938,16719.46289,,,,34822.72656,34423.80078,47269.85156,24082.83984,9341.136719,49429.20703
Q8NC51,SERBP1,26326.48857,51024.59702,24967.59095,13766.45191,31900.24338,23912.32223,3667.692901,919.7935678,1281.942829,31195.01152,26391.09375,24052.69975,18801.87672,14912.94626,22902.56444
Q8NC56,LEMD2,10396.33199,18734.99391,12070.92749,12871.56848,19651.03424,20344.37282,5098.309503,,,55732.09615,62707.90501,56195.98385,28420.32026,24763.67285,45149.79568
Q8NCA5,FAM98A,8911.847933,19728.55871,11268.23747,,,13975.18945,,,,9290.947656,11588.52787,31205.62305,12350.81509,13366.40643,17116.21336
Q8NCM8,DYNC2H1,132934.3438,123546.25,67215.36719,,61370.19531,131897.7969,67744.22656,,76993.39062,113429.7656,75244.95312,87473.58594,89221.40625,109747.6719,55562.92188
Q8NCN4,RNF169,2883.434179,6380.355697,2250.662122,3775.636884,7694.358193,9342.299296,,,,8883.938672,7562.243898,7797.788467,10243.82095,8679.218237,15614.69294
Q8NCN5,PDPR,,17052.99805,18264.34375,19494.30664,,22243.0625,,,,27148.95117,46075.97656,21659.26953,25581.60547,32320.04883,37442.26953
Q8NCX0,CCDC150,38102.32898,101198.5923,51493.9337,71395.78113,67454.44209,109175.0382,,,,71800.44561,161837.2911,136919.7793,53204.01486,46538.35428,41334.79327
Q8ND04,SMG8,,,,,5889.535156,6307.00293,,,,,7829.686523,,,,
Q8ND76,CCNY,,2092.253133,,,,2165.144905,,,,8070.465555,,5505.773358,,1639.396212,
Q8ND82,ZNF280C,4552.861173,9020.187921,5606.696783,5039.667651,11495.21188,14996.98854,,,,19472.81157,23460.33899,24381.26636,14142.76836,19625.36489,27953.65505
Q8NDA2,HMCN2,85162.95312,,79793.0625,33188.76562,59736.04688,101160,68700.03125,103010.1562,85590.89062,59497.61719,74623.9375,60384.8125,64501.96484,31538.43359,76380.76562
Q8NDD1,C1orf131,,9971.482484,4781.991629,6409.365441,13279.2687,22222.87163,5479.161072,5132.963188,4814.726023,19717.46399,31802.94152,30781.41325,18130.79717,18780.56186,28821.10863
Q8NDF8,TENT4B,,5285.211589,4431.177316,3485.934587,5603.329329,8089.343554,,,,10228.35417,16421.44419,17839.99276,9681.465236,8933.062301,18856.70766
Q8NDT2,RBM15B,,1472.564233,,,3022.422032,2531.653311,,,,5615.812505,3710.979353,7411.26792,4413.222833,4130.743077,4918.715263
Q8NDX5,PHC3,9635.114258,,,,7255.279785,3499.138184,,,,12319.36328,8740.984375,,,,
Q8NDX6,ZNF740,8199.003377,17684.07031,5565.205724,9483.61779,11289.62044,18206.70312,,2518.586182,,22670.26063,23584.50977,31862.9043,14642.38555,18879.9055,20722.90234
Q8NE71,ABCF1,6519.745662,13787.38235,7537.25411,6743.654145,19631.22934,20306.05914,,,,12230.98634,9065.188074,11249.81914,7317.084129,7516.286808,13924.90806
Q8NE86,MCU,19150.44915,50957.3748,20371.72841,11050.36186,52501.73607,36500.95916,24508.12059,,,47052.39941,45185.43058,54116.44969,36302.20118,17000.18745,41564.28506
Q8NEE6,FBXL13,103680.8594,,77971.96875,,,,,,,,,,,,294743.125
Q8NEF9,SRFBP1,,17937.91699,,14567.03062,9819.356211,21061.69141,,,,28066.51172,19304.66602,55332.13672,12635.22863,,32934.65625
Q8NEJ9,NGDN,25301.95203,30664.47478,20357.20681,15549.37714,37191.99623,47768.06171,9515.825321,5490.887971,14863.11704,43995.61557,57266.57774,71822.48797,42051.20754,38973.58563,57761.84226
Q8NEM2,SHCBP1,2752.568878,11301.92523,,,8552.057026,4577.973966,,,,9909.146853,3697.693558,13031.97037,6245.883708,8438.270922,7797.972359
Q8NEM7,SUPT20H,8942.179999,14448.33364,7207.515058,5387.686585,6981.181731,8887.128731,3033.605429,,4173.922731,15986.38552,13332.98311,12517.58519,10255.13124,10381.49649,12971.52019
Q8NEN9,PDZD8,108010.625,,17214.17969,,95304.97656,91092.15625,,,,85066.25,26633.16406,127204.9531,72474.72656,,
Q8NEW0,SLC30A7,,,6524.564941,,6889.807617,15882.55469,,,4993.874023,19955.64453,35175.46094,41339.82031,14177.11328,,
Q8NEX9,SDR9C7,21777.82448,,30121.80152,,,9530.63201,13233.01883,,11917.97484,10848.23223,19943.36597,11076.65555,16269.33792,,14518.79415
Q8NEY8,PPHLN1,9003.794219,17941.04509,9273.463266,11475.98249,13702.47572,17237.10503,5542.785632,3155.235912,3431.448039,22472.74633,32223.9738,27914.16936,25258.37145,26695.65778,39778.04332
Q8NEZ3,WDR19,,17829.70117,,,,,16377.78613,,13718.25391,,,,,26392.55859,
Q8NF91,SYNE1,35544.15791,164472.6105,51995.03332,52837.24543,77924.67112,68077.05342,14188.22041,,13240.47206,81110.28454,134061.8952,83701.08193,129574.2975,171042.9386,96574.66711
Q8NFC6,BOD1L1,2398.389606,5144.242621,2185.523759,3888.494958,10579.82158,5869.423216,,,,9424.71542,9970.3172,8501.088959,7231.34848,6432.7801,11516.73908
Q8NFD5,ARID1B,8216.319346,21153.95303,10197.15787,12154.89613,21730.41291,14141.64968,2689.849428,,3126.562722,25844.91571,29298.75221,25390.11069,18902.68405,14677.40326,22633.44005
Q8NFH3,NUP43,6554.914171,13664.16705,,,6452.157817,8338.676401,,,,22056.15524,14558.23862,16249.23523,11679.5256,14424.92619,13424.53021
Q8NFH4,NUP37,8001.94613,28272.00318,10017.84797,11398.06738,24817.58473,22607.89478,,,,73829.41949,114488.7616,82156.30957,40306.72726,34645.97191,61716.21894
Q8NFH5,NUP35,15127.2155,37942.46254,18969.23042,18978.52074,34288.53432,39581.98172,,,1489.604744,55837.82716,61269.01345,57847.54429,56074.07633,39742.27734,70754.54688
Q8NFJ5,GPRC5A,,8167.912598,,,,62726.64062,,,,75732.45312,46136.20312,45368.46484,47699.98047,39591.35938,25697.20508
Q8NFW8,CMAS,24166.66975,53358.90816,25626.70038,28245.12102,51103.58452,51079.89341,5746.740136,1482.310834,5709.444851,87976.79485,92625.52594,94883.76742,66796.50909,66563.05044,98336.21025
Q8NFZ0,FBH1,175295.6094,46180.08594,70787.86719,99199.60938,118824.8438,136984.4844,116209.5703,69631.64844,112040.5469,87510.42969,139646.1562,152581.5,202406.5312,97751.75781,147348.8438
Q8NFZ4,NLGN2,55267.25,7353.40918,,26158.98047,26027.76562,48758.37891,25222.99805,28922.99414,31875.42188,,,,30086.62109,15601.53613,23336.42188
Q8NG08,HELB,42305.625,37771.67188,18038.61133,28863.22266,34221.41406,33613.1875,,32009.29492,30371.22266,31323.32031,36535.32812,40790.38281,38987.91406,34490.39062,41610.58984
Q8NGI2,OR52N4,31255.65234,38539.92188,,,16775.52539,24997.01953,,,53566.5625,34661.01953,19161.47461,,23222.48438,42149.30469,
Q8NGR8,OR1L8,,,,,23057.61523,30944.11133,,,,32107.42969,,30859.75195,21064.43555,,
Q8NHM5,KDM2B,9252.570488,9396.098745,6362.017685,9388.116379,5367.545956,11143.9476,,3702.449077,,20336.05495,19792.52206,18777.87674,17206.1285,16208.1228,15968.56473
Q8NHQ8,RASSF8,7130212,4719233,4873204.5,6083870,4637633,4340602.5,6359923,6730579.5,7285473.5,4756548,4701943,5384423,5086913,4679336,4688518
Q8NHQ9,DDX55,5802.852777,13033.71876,8363.388157,7126.210986,17424.08293,16549.93895,3700.733939,3026.16161,3087.7399,12658.57941,25140.42432,20205.50525,8714.414643,15980.7567,21618.86137
Q8NHV4,NEDD1,6476.268373,11162.38806,14872.94618,11270.69258,15642.35434,16971.37586,7780.618287,10611.39091,9779.917003,10254.8672,5602.643996,11229.09184,11790.22421,10857.46888,13089.51715
Q8NHY2,COP1,74714.51562,131516.6094,119245.1953,101916.8984,121948.2344,91272.64062,112775.1562,126463.0391,,78785.89844,122480.8281,124103.9375,95853.13281,108856.5547,102077.7031
Q8NI27,THOC2,4673.939702,14880.43322,6648.431569,4692.90051,17526.28016,19153.71813,1379.706374,1916.439088,970.7146782,37247.44646,45134.67789,45010.33648,28459.6283,27918.10169,48729.44952
Q8NI36,WDR36,9353.299704,20490.79082,8536.567116,11182.12271,21086.61356,42971.94982,4131.842067,,,42219.45338,59902.54143,73166.00412,34520.08588,38551.57772,66616.83594
Q8NI77,KIF18A,2758.904216,3294.687535,4657.460073,3594.322289,3297.635074,4804.528145,,,,4785.479924,6743.986581,2828.105247,4175.331502,2748.656245,6785.759824
Q8TAD8,SNIP1,6507.282544,13429.89965,,7554.845137,16960.86345,12377.43415,4250.785787,,3320.671368,19050.67624,24526.26507,19067.1962,13385.84533,13647.73586,21559.01598
Q8TAF3,WDR48,,9739.813054,,,12055.51028,7605.748903,,,,8276.524268,7757.011895,7136.99051,7618.043077,,11224.55136
Q8TAP4,LMO3,,291126.7812,143019.8594,103786.9531,208943.4375,236571.4688,,,,308806.25,452555.6562,310220.2812,225785.9219,194525.3906,367274.7812
Q8TAP9,MPLKIP,,,,,,,,,,9975.618164,,16626.72656,,,4908.100098
Q8TAQ2,SMARCC2,22636.31251,51911.30451,21799.72961,28266.90111,58774.3277,45232.85246,5692.846972,1722.928729,4855.847696,62738.09919,68157.6987,56189.65511,38692.16178,34894.95699,56145.91271
Q8TAT6,NPLOC4,5927.020666,11694.86474,6005.922358,6867.037736,17451.39982,13521.22276,,,,6657.468355,4569.398928,6197.85483,7655.15408,7024.682955,8925.509593
Q8TAV3,CYP2W1,434226.0312,533799.9375,522655.4688,457535.5312,617917.625,588377.625,581251.625,507222.2188,731032.375,486374.8438,464312.2812,554307.8125,540669.1875,486630.3125,500874.75
Q8TB36,GDAP1,,,,,14951.2998,11255.24609,,,,6220.353516,,8562.255859,,,
Q8TB61,SLC35B2,,20716.51172,10740.10742,,6474.09375,19388.09375,,,,14431.90527,12124.20215,11499.55469,22522.86914,11497.93945,25909.09375
Q8TB72,PUM2,,22187.40039,,,,,,,,,12969.0293,19877.70898,17166.74023,14888.63281,16538.51367
Q8TBC3,SHKBP1,25744.49219,48219.82812,,,37541.43359,39986.55469,13922.89062,,,37039.09766,34721.625,54604.3125,43125.32031,33115.00781,
Q8TBF4,ZCRB1,7662.768786,20473.18153,10028.76694,17131.51477,26490.6485,19795.06309,,,,34108.12852,21576.08826,29744.19935,18486.60915,20009.72661,32199.17994
Q8TBK6,ZCCHC10,,22936.26172,,,16229.81738,36844.25391,,,,31132.55664,41787.25781,57353.78125,33954.50781,28732.20508,93752.9375
Q8TBX8,PIP4K2C,,6116.799805,,,4741.472168,4033.246338,,,,15898.6416,2100.997559,12953.59375,,4399.546387,
Q8TC12,RDH11,,7912.158203,8264.785156,5632.171875,2273.240967,,,,,7034.967285,10176.28027,8401.542969,2137.827881,,9893.566406
Q8TC59,PIWIL2,150077.625,182604.9219,157323.1406,,126757.5781,146906.6562,2798.076172,,,129115.7969,117385.25,178025.3125,156093.625,158548.5625,148568.8594
Q8TCJ2,STT3B,26787.56763,47596.0619,22737.43155,12738.29472,23150.84435,25572.8521,,,,54222.95736,53470.05695,37892.21113,28331.50594,31285.84253,45826.75391
Q8TCT9,HM13,,14275.87377,11398.89766,13509.5014,21674.80753,14038.69827,6646.224756,,,22394.53356,46006.31308,27219.81345,9907.090423,22204.19971,34318.75618
Q8TCU4,ALMS1,4137022.817,3459093.488,4003513.24,4186516.933,4180373.474,3373257.632,3874272.876,4180797.151,4078253.78,3543041.029,3632910.853,3621994.712,3988818.791,3900948.398,3440432.894
Q8TCU6,PREX1,48357.29688,20506.79883,22239.27539,39193.99609,36796.91406,43862.38281,30819.71875,,20583.67969,43771.1875,,39748.49609,41747.75,28856.59961,32787.01172
Q8TD26,CHD6,3634.776177,8841.441,2181.369212,4211.957594,5914.875213,7017.144956,,,,19714.90154,21470.82153,22326.87405,11881.61397,10960.32693,20154.21444
Q8TDD1,DDX54,7899.348283,18660.63818,13258.70907,9619.725657,25543.13834,31295.01058,,,3353.592941,31209.23056,39679.07908,53845.30912,28419.02804,26155.41398,43428.7754
Q8TDL5,BPIFB1,,80653.42188,82162.26562,75278.74219,71341.79688,92600.125,73628.22656,57963.37109,41868.74219,97906.60156,71312.75,99004.33594,100462.25,74045.32812,66611.86719
Q8TDM6,DLG5,,27969.26953,10888.64258,,,,,,,,,,2706.048096,,9005.438477
Q8TDN6,BRIX1,12630.52531,29934.59061,12556.42706,14743.63535,35577.08835,52112.06928,2281.869607,,2890.243212,42651.55167,38070.12718,70041.97518,38214.74032,41542.87024,67201.91549
Q8TDQ0,HAVCR2,227846.4219,243054.6562,252398.5625,226568.8594,195338.6719,234966.3906,194228.9062,158261.7344,199998.0312,186813.6094,193602.9844,197391.5312,187842.6406,202272.5,150481.1094
Q8TDX7,NEK7,5367.572754,18934.12891,12093.62207,,7706.606445,9177.094727,,,,10039.33594,,11057.44336,,,
Q8TE73,DNAH5,45718.78906,,33019.59375,,43054.38281,46853.82031,,,,23905.38672,,,20102.64648,,
Q8TE77,SSH3,,,,,,,89559.83594,84304.19531,102206.2969,,,,,,
Q8TEA8,DTD1,13647.67773,16826.87109,17110.36523,14282.58203,24259.88867,16984.80469,15951.37695,,8507.5,9550.988281,10001.27734,12956.49414,,,9579.431641
Q8TED0,UTP15,6932.893429,12977.29671,6892.42733,7736.377026,13020.03807,28546.64455,2843.492189,,,20912.40214,35527.44603,38222.70617,18273.90119,18930.69448,30126.9269
Q8TED1,GPX8,5291.84399,16879.22454,8758.91002,2387.568438,9344.302788,8995.915281,2297.63422,,,15988.48612,17396.56053,15645.52719,6985.674748,16670.72986,31111.3772
Q8TEK3,DOT1L,,15966.81055,,,,9974.201172,,,,13865.77051,,,13486.26074,13384.43457,12949.07617
Q8TER5,ARHGEF40,,10150.29793,,9007.940796,33994.33563,22308.59532,,,,31342.24562,15991.80861,29867.27704,,15913.5173,31515.77796
Q8TEU8,WFIKKN2,,,27846.08203,20273.91797,,,,,,,59425.30469,,,39632.42578,53696.38281
Q8TEW0,PARD3,7254.575223,10245.03368,6044.542863,5572.138853,8272.475228,9814.94221,5747.076165,4853.513797,7114.356066,11573.95899,9141.017552,12012.36812,6142.036156,5925.71392,6317.515714
Q8TF21,ANKRD24,35842.04688,21904.89062,8054.46582,,,,32801.375,17850.31836,,13037.52734,13370.13281,22198.57422,25415.27344,,18523.43945
Q8TF44,C2CD4C,4724.101074,8406.384766,,3853.760742,6089.462891,18025.3418,,,,5132.270508,,6063.327148,17529.13281,7302.521484,8454.505859
Q8TF68,ZNF384,6627.22772,13858.45969,3249.560956,2017.127849,14092.3098,11785.61523,,,,18668.19861,19523.51527,20511.42042,13002.68851,12451.08779,22538.08671
Q8TF76,HASPIN,1422.304821,6537.007989,992.7521969,1861.800455,4350.296858,6969.433634,,,,4830.566268,6584.225182,2892.776083,7212.831922,12445.62109,9471.296076
Q8WTT2,NOC3L,4078.234533,7825.215554,4068.156949,4290.179124,11532.09106,19422.74053,3192.739277,,,13264.45288,20456.80428,27863.30471,12832.78728,15321.23305,24778.46019
Q8WTX7,CASTOR1,25966.31055,70201.38281,47084.16406,33462.94531,37186.60547,67064.17188,,,,76499.73438,95526.54688,87243.76562,81840.79688,90049.23438,118007.9219
Q8WU90,ZC3H15,5267.144591,17334.25991,13544.15206,,15344.68174,10496.4843,,,,12186.56429,10894.40875,4175.336155,4696.397257,5037.537953,9283.908512
Q8WUA4,GTF3C2,10609.65175,22938.25454,10832.7786,11809.07245,24538.90757,24322.60849,1899.482903,,787.8645057,40201.43023,47819.57444,49092.00139,32956.8499,32216.36754,45079.49923
Q8WUB8,PHF10,5349.20864,13424.10352,8146.22998,5585.752103,8117.586,10099.80515,2928.736592,,,20545.49124,21348.87284,14005.72296,9962.606201,9227.636166,19197.77734
Q8WUD4,CCDC12,,,,,,,,,,8209.036133,22231.82031,12093.33789,,,
Q8WUF8,FAM172A,,14409.16699,,9419.869141,11911.9541,,,,,12126.49805,24795.48242,22428.87891,,5633.812988,15940.77734
Q8WUJ3,CEMIP,109565.0156,78390.9375,,100281.2188,,123855.9375,,,,116009.1875,,103835.25,,,
Q8WUM0,NUP133,11337.58479,30087.02505,14029.4004,13432.67168,25413.14901,29082.63581,,,,48223.40996,56770.67326,50355.23507,35072.55671,33632.59831,52855.99101
Q8WUM4,PDCD6IP,50091.6787,,77935.11718,,13043.31793,18819.28921,,,,21496.66104,24915.10171,11014.54138,24146.02871,12531.12154,16447.17349
Q8WUQ7,CACTIN,,,,,6733.083008,15385.70898,,,9388.439453,10594.19824,26372.55078,8301.938477,,,
Q8WUR7,C15orf40,,,,,16766.26172,23014.79688,,,,,,,,,5133.746582
Q8WUU5,GATAD1,848.913403,925.7218691,695.9632887,803.0562275,3294.958957,5400.367858,254.3271867,183.9418767,286.2275487,4559.676657,2951.359025,7560.352051,4428.110823,4929.489911,9166.3844
Q8WUW1,BRK1,5700.768066,,,,19114.13281,9534.171875,,,,5885.52832,9011.28125,,,,
Q8WUY8,NAT14,,5658.171875,3510.209717,,,,,,,11186.0293,5526.308594,8562.189453,5733.850586,3964.861572,11565.22168
Q8WUZ0,BCL7C,59970.04297,92114.19673,51864.91797,49932.15625,104741.8118,68833.125,19265.88774,,19254.70892,106536.1719,122012.1531,114196.2578,67747.48201,75249.58378,129692.697
Q8WV22,NSMCE1,,13339.3396,,,10922.40251,18033.73681,,,,15496.74365,21919.29282,19022.38031,17126.26117,22251.20583,25162.80469
Q8WV28,BLNK,21356.44922,26257.76953,27248.78906,24212.88086,28758.17188,27052.78906,25729.23633,30697.25781,26536.83984,26869.52734,23380.33789,30312.73633,28649.08594,33180.82422,25240.10938
Q8WVB6,CHTF18,,7059.293945,8079.321289,,,18254.83594,,,,16693.86914,21493.33984,,10365.58203,4909.568359,9520.866211
Q8WVC0,LEO1,,17434.39328,6102.976933,,,7543.653406,,,,13450.27141,24442.18945,22893.79655,12034.52885,14822.27725,16300.8732
Q8WVK2,SNRNP27,,26694.99219,,,,,,,,37001.8125,26194.91406,19583.07031,19498.67578,,
Q8WVM7,STAG1,15089.5241,40141.7663,14910.31294,11340.11475,31872.0133,25097.03311,,,,38621.64835,36874.20833,34225.65401,24235.07608,28879.46232,28527.9608
Q8WVV4,POF1B,21597.51367,9310.523835,36807.89647,5981.199526,8825.615609,21865.50408,8204.699191,6829.425454,11394.59916,5465.74472,12654.24923,8378.52675,10219.99386,8478.635083,10708.42807
Q8WVV9,HNRNPLL,5095.533596,16412.91144,5270.360593,6916.250916,17326.57204,15869.08491,,,,22752.15422,18043.17514,30331.32661,15370.35084,15832.01158,26247.56416
Q8WWC4,MAIP1,,5436.379609,,,,5028.335693,,,,7826.640191,,3476.753479,,,
Q8WWI1,LMO7,2837.930357,,19203.58342,6089.181279,10782.63631,6312.616319,3383.314217,,,14321.04284,15084.49555,14167.6414,5565.999592,,8252.161902
Q8WWK9,CKAP2,5422.844727,15944.18461,7723.910251,7182.134125,8171.529456,8878.600968,,,,8503.241851,5941.851915,3219.87275,12489.61699,11698.28811,26602.66315
Q8WWM7,ATXN2L,2035.563834,6464.122559,,,10212.90234,4476.230261,,,,3703.345699,,,,,
Q8WWQ0,PHIP,10532.30372,20989.94922,8185.287551,8866.748012,17068.96618,22467.85277,1461.887901,,1249.323231,27448.82046,36987.92556,33852.94015,26995.70036,26247.69426,40188.12054
Q8WWR8,NEU4,,,38240.51953,,,40111.91406,48368.14062,,66867.14062,,29179.83203,,49951.10547,,
Q8WWY3,PRPF31,8301.33665,15707.54959,8733.199944,9760.146547,14215.48852,14708.30764,8510.270715,,6362.130896,34738.55951,46331.75365,34537.51165,19367.82617,20626.45513,28016.39254
Q8WX92,NELFB,2592.29638,2494.620855,4145.642578,3431.33555,7138.931641,6295.112216,,,,4538.996107,2122.958677,,2527.453502,3997.370117,9169.352215
Q8WX93,PALLD,2220.372696,3286.469461,2017.219147,5399.994826,23529.23133,13883.80176,,,,23970.63334,19781.41918,21343.54282,5696.950548,4586.556183,8962.587406
Q8WXA9,SREK1,8446.590889,37776.31885,10016.66299,14832.45612,31631.54946,41306.24679,,,,35105.47656,18862.56538,42344.92188,23144.52814,25874.21094,50670.29688
Q8WXE0,CASKIN2,44133.25,39997.85938,29704.17383,42977.52734,36125.41016,19305.41211,35107.50781,37572.17578,29929.43555,25711.23438,31432.36133,36564.58984,35543.71484,31354.4043,30198.15039
Q8WXE9,STON2,33786.78906,66500.9375,64298.28516,76238.14844,68323.45312,98368.95312,,,20206.16016,123909.5781,126047.6328,159782.5938,118745.0469,83493.08594,180625.3906
Q8WXF1,PSPC1,64787.82657,131295.0514,75727.39995,17689.97403,44257.09801,51918.36026,6474.529111,1585.885471,7006.159291,93458.29451,102627.2135,105753.3765,101283.8881,88295.81181,131784.1546
Q8WXH0,SYNE2,4529.990569,12735.77798,5304.880592,5310.474437,8601.421197,8872.572904,,,,16342.13907,17575.23155,14884.60148,14850.97907,14419.46543,22431.13582
Q8WXH5,SOCS4,170087.1875,254443.6562,,,,,,,,160708.9375,156136.1875,116003.8906,,,36915.56641
Q8WXI9,GATAD2B,25273.8077,55200.52333,25631.39396,34646.28516,43952.02255,53059.89681,11202.8069,,8361.171591,70571.85095,86999.15625,74398.21609,53481.70756,41562.73243,87823.1835
Q8WXK3,ASB13,20342.26172,,82183.14844,,85735.13281,45112.51953,78252,,,,,,,20714.8418,29736.96094
Q8WXR4,MYO3B,153312.0938,285708.1875,,,201451.75,165704.5,98084.6875,,29228.49219,287018.1875,82003.125,262767.9062,138844.5625,110879.2891,150395.6406
Q8WXX5,DNAJC9,63245.61834,121936.7004,66682.82208,82315.43197,132469.8781,123677.4924,6086.37822,,6195.6773,66376.76404,79888.64056,62767.35848,68570.09861,76087.70863,116536.3814
Q8WY22,BRI3BP,14407.04785,6276.772461,10349.99609,,,18470.99805,,,,30717.82812,28240.60352,17785.22266,4977.609375,8636.783203,13560.38672
Q8WY36,BBX,5280.301395,13253.67684,6938.400166,7535.53983,15591.02165,20475.03166,1606.667813,,,24288.56036,26441.43945,21369.53724,13305.4043,13811.27305,15172.41487
Q8WYA6,CTNNBL1,3691.255966,14911.76165,4255.735771,1889.40994,12769.25088,8737.722932,1353.079062,,795.8359387,29711.38767,12392.18893,27708.31751,12860.58732,12687.27463,25306.51043
Q8WYB5,KAT6B,2243.561807,2816.112924,1625.161359,3342.572598,5053.872584,7103.216042,,,,6331.422157,12999.08907,8294.168945,5899.426758,5947.630306,14115.78125
Q8WYH8,ING5,9828.16885,26708.47008,12162.00848,9525.585072,19957.57031,14374.16602,,,5455.766602,24135.1865,29039.97656,29994.32227,22292.75242,25324.02204,32905.73688
Q8WYP5,AHCTF1,18568.64734,36256.66064,17308.18073,20568.12943,35000.40148,37371.44836,3017.954806,,3178.376188,59665.91476,74979.51652,63745.28842,40187.03827,40907.64917,64770.19055
Q8WZ42,TTN,22669.41016,17076.7888,20672.30201,17867.91765,18337.40951,16460.50013,20589.43734,16131.05714,13354.08546,20075.81763,15820.84529,21961.29102,17714.46484,21150.98828,22065.25361
Q92466,DDB2,8723.592739,19523.46196,10547.50511,14071.03176,35953.71094,29959.69898,5653.161696,1082.325605,2832.25864,48036.53882,57970.43796,67120.07032,32960.89382,39270.37673,69680.28451
Q92499,DDX1,11104.01015,28249.64261,13156.91712,13055.69199,33371.76308,35712.80941,3881.58085,1624.195864,2998.819204,39945.7896,38357.26612,42037.76307,27475.34417,26497.21829,31427.61351
Q92522,H1-10,104648.3292,209161.5842,124253.0292,127164.0152,255890.9075,254905.5962,20064.79379,10831.59993,28965.69772,223900.6197,314070.3535,291288.2189,243253.0056,266527.7185,398067.0338
Q92547,TOPBP1,3449.039756,6358.778201,3882.765399,4957.730766,8113.307702,9500.500085,,,,4365.204742,7384.1294,13547.27983,8639.801942,11137.36048,14710.33731
Q92560,BAP1,5946.241098,17351.54871,5496.316361,10741.97984,19004.59873,21095.7886,,,,22812.14152,34748.81219,29919.29349,23194.07414,11951.56595,20699.05613
Q92575,UBXN4,13011.77832,68523.02344,16321.64062,21001.46484,21386.57227,,,,,106057.5859,88968.14844,77761.38281,50099.62109,18106.69336,64705.75
Q92576,PHF3,10431.86876,26843.87102,11779.14784,13183.42697,21037.43656,22377.96397,,3148.75799,3511.356205,33374.90185,43379.44661,41418.96414,28038.40269,28573.21976,44624.24757
Q92597,NDRG1,,,42344.30469,,,26745.70703,,,,,,,,,
Q92599,SEPTIN8,,9617.475889,13685.83737,11750.86357,13033.88697,18142.77535,2318.070902,,1438.717138,15966.86174,5895.79947,9369.10001,9301.193541,3192.870163,8877.549306
Q92610,ZNF592,10930.76973,27390.69531,10478.21548,3350.21265,16022.58306,19276.48356,,,,17493.28205,29437.82399,23457.66112,15315.4188,13874.53039,23377.86719
Q92614,MYO18A,10233.77748,8513.594741,9862.04349,,11912.54592,12214.69403,,,,8397.578583,8828.992523,,,9138.367004,
Q92616,GCN1,3896.337464,9916.368579,5269.122596,3509.746476,10897.62931,9008.473278,729.8226876,,,25346.0664,25298.04346,22393.73396,12445.64094,12825.0982,21006.14508
Q92618,ZNF516,7308.158458,17042.40328,5562.706108,5537.734631,4977.978558,7757.109134,,1713.57268,,17269.03894,20603.79599,17860.54789,11273.63487,10912.80114,16237.5205
Q92620,DHX38,1335.430664,3288.884766,1108.798734,2156.492494,4182.545028,6387.854594,,,,10237.0404,8848.280826,8809.059666,7840.071865,7534.416984,7816.740723
Q92621,NUP205,7183.578497,24482.46466,9745.454239,7000.111344,17142.46008,21279.95218,1412.868765,2266.616599,1157.101714,35455.5857,41872.54609,40082.28462,26456.30755,24627.89122,43434.07698
Q92622,RUBCN,,38637.53125,13614.02734,,,,,,,,39978.41016,31909.43359,31403.375,18055.92773,21001.74414
Q92643,PIGK,,3669.588476,,,10277.16301,11252.65824,,,,11817.4241,22451.3498,10309.82895,10878.3376,11364.64113,12494.04375
Q92674,CENPI,,16319.14994,7420.629246,5639.382324,9435.68256,9774.257321,,,,18781.19727,32668.11064,27411.64844,29542.94582,29522.57617,43156.63673
Q92685,ALG3,2273.502441,10195.34668,6735.591797,,,3491.779297,,,,4432.645508,2329.746582,8937.730469,8455.84375,,9100.34668
Q92698,RAD54L,,4622.206055,,,1480.292847,2532.371094,,,,,5319.763672,,,2593.287109,1920.786621
Q92738,USP6NL,,2541.207764,,,3099.992188,2973.119141,,,,2339.910645,9263.576172,7283.099609,,,2653.297852
Q92743,HTRA1,14352.63268,23893.47656,13677.83758,5515.248166,11116.0752,19648.87655,,,,21034.36523,10538.18113,18360.70075,10159.85745,16361.65609,10340.88248
Q92759,GTF2H4,9742.91671,15122.82543,10372.17686,,,14608.39777,,,,9528.909593,18574.7522,16467.68281,,9554.630583,11414.08691
Q92766,RREB1,,3930.145996,,,4981.598611,2789.473413,,,,10207.97943,11984.27709,15683.27199,5250.848243,4007.599226,10590.78055
Q92769,HDAC2,20825.08158,41320.60419,21631.15214,15240.66823,35633.26486,42318.44103,3977.888306,,,61427.60813,63027.61977,58378.1049,45906.18513,39504.8993,61729.52543
Q92785,DPF2,23974.57271,70734.87501,30220.087,28140.24639,55441.32232,48223.52974,6657.243964,,2927.389493,52622.83493,63695.71544,47262.31203,48054.00855,36418.73635,70039.12859
Q92793,CREBBP,26304.02772,27355.31213,12694.57967,37839.35813,32542.80743,35725.38672,,,,26014.27813,17747.84987,18630.12013,18609.32149,16390.28883,18517.82106
Q92794,KAT6A,3555.969599,11188.9316,1818.997704,8880.421674,15560.46332,16056.38786,,,3656.7745,18987.68052,21364.29038,24580.05547,15340.32841,14543.55839,23701.62115
Q92797,SYMPK,6496.533651,17098.86597,6458.815893,9596.687431,16946.92302,16926.61974,1222.655295,,846.5973387,46119.2179,49978.31562,45637.32883,24957.60279,23396.87043,37572.80935
Q92800,EZH1,,12504.50977,,,33519.57422,,,,,30373.07031,31654.08789,37037.78906,27365.40625,17978.01367,38553.04688
Q92804,TAF15,7290.098243,15935.03106,7805.505607,13117.68748,19620.7099,20166.90905,2417.984555,,2514.737409,24765.49473,30945.21465,40707.42702,16717.08197,18986.53358,27009.72645
Q92817,EVPL,2995.720536,1807.634757,24068.18467,,,1502.9045,1522.732619,,,,1699.842056,2238.16575,,2489.659861,2951.019576
Q92820,GGH,31777.52148,27285.5204,28908.95716,13106.93633,20302.34321,21343.25195,17115.92722,6633.800732,14885.12563,8138.588827,14832.12336,12060.39106,11417.22966,11499.13705,16329.91748
Q92823,NRCAM,,,,,45874.15234,33929.10547,,,,29520.54688,,,48601.35156,20634.44141,
Q92826,HOXB13,,,8416.892578,,11376.10742,18595.14844,4716.856445,,,20861.92383,25840.6543,18619.14844,17223.38477,14182.68359,28207.42578
Q92828,CORO2A,12100.90971,26637.29569,9804.836616,7276.365923,15514.72299,12855.38558,9411.333698,3573.422479,3251.748792,27320.57957,18492.28086,12778.59443,12591.65888,9265.925752,21487.08555
Q92830,KAT2A,20686.13104,19763.81275,13978.17333,21922.98277,21636.29869,20989.71043,,,,28712.82342,27423.04393,20538.63308,20113.20095,15625.92256,24822.19411
Q92831,KAT2B,6197.656425,6539.827555,,4630.150532,3287.158818,6051.134905,,,,17001.90035,9210.187835,10518.52528,9516.995648,,13669.19075
Q92833,JARID2,,,,,1878.901489,3385.157227,,,,2675.024414,7087.946289,8384.168945,,1909.729492,7336.38623
Q92835,INPP5D,28484.13281,,,,4981.163086,,,,,,11535.44238,18917.87109,18100.70117,,
Q92839,HAS1,10046.37793,21534.71484,37947.92578,,,24909.16406,,,,13554.29883,19318.56641,26287.61914,16095.07422,,
Q92841,DDX17,112402.1688,253572.4768,119338.596,90093.00824,178969.0056,212634.3776,25468.13163,9163.190107,24542.32199,217876.0515,276513.3839,256501.4734,186402.7721,176636.5907,270563.6661
Q92854,SEMA4D,,,,,115028.8984,121050.5703,,,,69111.65625,,86655.21875,72330.14062,,
Q92878,RAD50,7031.704055,15489.23237,6240.317598,12909.23955,21963.21364,26480.04474,1633.707967,,1883.131922,20292.55797,22192.5969,19017.48106,21337.44505,21571.52613,30950.49655
Q92879,CELF1,14471.4719,37461.00277,13434.35218,12912.67529,27619.34017,23037.30829,2116.739941,,1991.702553,44689.64236,41830.74193,54256.64644,37731.3657,31357.79389,49371.18969
Q92889,ERCC4,4135.34545,3941.920368,,5607.901245,,3422.43048,,,,,7646.089613,12629.2332,7058.648252,4732.010245,7674.798056
Q92890,UFD1,3210.918198,2971.175167,,,3892.741699,5908.536317,,,,,2654.732666,,,,2782.691713
Q92896,GLG1,,14182.09285,9428.419443,,4670.07728,,,,,4597.560141,7133.50434,,,,9908.879011
Q92900,UPF1,14051.59498,29638.90713,9115.022111,6185.619603,18987.55694,17488.04903,2398.597317,,,16275.81579,9949.638106,13544.37637,13536.31053,10031.3819,13897.81474
Q92908,GATA6,,,3124.185059,4268.749023,,,6469.505859,,,16879.99609,19249.88281,23040.50391,,10958.44922,29222.87109
Q92917,GPKOW,3588.126953,4588.915527,,,,,,,,7998.424316,4653.109863,530.2503662,,,11641.72852
Q92922,SMARCC1,16756.56544,38970.91934,15118.73139,13703.19328,31448.51864,23375.57448,3361.505261,,2763.133241,26551.4581,28800.95173,24983.66274,20162.46254,17510.60136,31786.48983
Q92925,SMARCD2,13874.27949,30554.82893,15312.10572,15192.48082,34462.31253,38560.35021,9282.247617,2859.806179,4820.998929,38165.51553,38542.28575,32252.0449,27220.29658,22716.61513,38957.39794
Q92930,RAB8B,18397.81226,31582.58,9839.713362,25567.96657,33902.21074,26503.39025,,,,40262.94041,31041.53657,33773.66597,25532.47783,23644.30954,34531.92612
Q92945,KHSRP,91882.49695,195676.8834,95902.67208,88095.96421,147317.751,157821.8892,13582.44756,4662.437146,12314.95342,113739.5735,121665.7476,125894.1022,127603.5211,117031.2783,156130.0646
Q92954,PRG4,16691.71679,13299.53135,5173.606922,12802.65632,12015.1906,,7959.851515,10286.06877,10723.37101,13309.86958,7078.065726,9298.202604,7882.937534,13563.48129,19050.64939
Q92973,TNPO1,3391.737343,17855.2299,4900.192034,4038.201434,6609.465912,6098.07145,,,,19955.90926,19637.2248,15779.97956,8419.757821,13688.93945,18251.13465
Q92974,ARHGEF2,11856.0176,39774.30046,19171.4171,11111.09998,18885.88144,18357.91709,3954.559232,,,9397.90548,9672.277436,10890.75319,8612.204923,8499.396182,11264.92182
Q92979,EMG1,25660.91083,50674.81704,23856.89056,18038.47776,50086.94874,52699.77505,6096.400307,,,49229.70211,83885.06924,93801.44284,55884.00238,57621.30161,105957.9338
Q92989,CLP1,,13909.02714,,13783.15687,13605.94415,12278.40391,,,,21924.24048,31710.17775,29249.05859,20390.5398,12975.08396,35020.27734
Q92993,KAT5,11589.28728,20764.77734,7711.343123,10674.01848,10607.7834,17673.46629,,6387.115462,,28391.29741,18698.87838,31297.18862,21165.11697,11385.2093,25708.96601
Q93009,USP7,3865.932388,14771.41558,6988.02355,9879.671568,18275.87119,9263.056572,2635.589588,,,9090.634609,16341.83706,11218.82098,10465.6236,11576.05319,24255.26142
Q93034,CUL5,,11286.7993,,,11550.04124,13632.99445,4254.235573,,,9231.217256,9842.912393,9570.985755,12026.91606,17067.21206,20039.83413
Q93074,MED12,23865.96427,28645.10529,12816.90287,28183.15582,20523.81283,17982.32786,1529.943753,2170.808949,,30314.74229,19064.15571,19476.94306,15019.63444,11968.98667,17664.72199
Q93096,PTP4A1,7186.853516,4904.227051,2676.523193,4453.836914,,,,,,4089.193848,,,6484.604004,3277.474609,4748.013672
Q969F1,GTF3C6,,13738.71094,,,17298.00781,21214.46094,,,,25280.85547,25362.57227,20424.70898,11440.56152,9335.142578,20859.36719
Q969G3,SMARCE1,34804.80781,76227.82669,36273.68617,37619.5164,70368.87091,60571.25356,8566.560798,,7512.070166,74021.11604,77129.90295,68597.85764,52491.89817,47190.35251,81891.75429
Q969M3,YIPF5,,12881.02246,,,6417.022461,6236.028809,,,,13442.88672,8636.955078,12099.04199,,4401.157715,
Q969N2,PIGT,,13217.86914,,4972.242188,,9483.796875,,,,16585.52148,14784.36133,21396.20703,10160.66016,9620.494141,15741.6875
Q969Q0,RPL36AL,108510.8672,119330.0234,140104.6562,96336.02344,161491.7969,96253.32031,51181.31641,40586.64453,33225.30469,116456.6016,144286.3438,166017.3438,104503.0859,125313.3125,137122.9219
Q969R5,L3MBTL2,12909.65115,22537.82031,,16360.26758,31243.98633,27489.26172,,,,27766.83984,29338.39844,29229.04297,29506.89453,17697.66885,35012.85547
Q969S2,NEIL2,32172.50586,16269.98828,,,22334.80078,32042.89453,18094.63086,,,47355.90625,44724.59375,,43683.54297,31707.0625,27212.50781
Q969X6,UTP4,2861.134341,9067.254891,3081.814677,4846.52847,6400.060135,12844.19674,2174.389764,,2468.73884,15611.95624,22223.66839,29896.78614,13760.23928,9591.089885,25374.27282
Q96A33,CCDC47,17537.98721,31311.14746,24768.78477,24463.78989,31960.56184,27255.89995,,,,31504.88265,25474.83648,43281.69922,29826.45121,28684.05765,48515.11196
Q96A58,RERG,11428.02637,33009.42578,13970.57617,33367.14453,37023.44141,34293.14844,,,,50418.83984,,,29120.07617,,50775.89844
Q96A65,EXOC4,,6943.276291,4848.891019,,12401.00187,9641.505499,,,,14260.11603,13633.45044,4309.405637,11516.5229,,11899.84173
Q96AB6,NTAN1,27950.49414,15821.49609,25519.75,32252.37109,41885.30469,,,,,,17111.15625,25357.67578,,19049.83203,14002.04102
Q96AC1,FERMT2,,18288.03711,,,42320.02734,39403.75391,,,,,,,,,
Q96AE4,FUBP1,89770.77344,208753.3126,100482.599,99545.73438,171277.5868,153696.2357,16455.46824,4592.894505,17864.30859,108117.8141,113438.7182,108773.5853,111478.0209,105861.9078,132895.2787
Q96AG4,LRRC59,53040.1793,118119.3889,46216.95576,28730.35239,85923.62917,85300.6174,13560.01716,,8138.549367,110955.0231,131254.2655,123467.7142,74723.66757,67699.47254,107982.1886
Q96AP0,ACD,,24477.57123,,12464.59257,20946.07405,21223.03114,,,,37581.1672,33208.23606,33567.23523,42137.72816,44762.88845,51185.32725
Q96AV8,E2F7,,,,,,,,,,,,,5492.979492,,9632.770508
Q96AY2,EME1,,,,,16373.48047,17081.52344,,,,,20990.5,26342.04297,9027.022461,8040.416992,15132.83496
Q96B01,RAD51AP1,18535.375,38703.88298,12907.24023,27381.38417,37706.20174,44844.7691,,,,18067.68006,18906.42499,26886.50989,38677.13393,44796.57597,71841.03125
Q96B26,EXOSC8,,10021.63744,,6583.469577,12499.08266,19691.26953,,,,15518.14627,31000.96484,37192.44433,19528.38837,18335.57492,27391.12639
Q96B54,ZNF428,,5004.336914,,,3994.229004,4134.991699,,,,1975.045654,4635.257324,,,2668.257812,3118.504395
Q96B97,SH3KBP1,,8059.749023,,,27003.83203,17289.00391,,,,,,,,,
Q96BD5,PHF21A,7576.700195,17419.12279,4221.237827,7271.719243,2833.050854,14520.81738,,,,24853.45277,21166.03631,12934.55078,15000.35237,13911.34668,25163.49609
Q96BN2,TADA1,17953.38172,18752.44652,14907.19105,38207.32178,35227.29186,24347.15925,,,,25709.87206,30995.20921,22729.85793,26544.70204,16286.93602,29960.15163
Q96BP3,PPWD1,4319.825438,5185.481518,7541.07742,8013.583021,14058.36921,18207.1591,,,,22412.36548,20557.86655,24003.00698,16130.01328,15682.66073,19632.95546
Q96BT3,CENPT,8741.424814,27607.97296,16282.97093,15021.1321,7377.328431,17130.93052,6785.087414,,,30482.72128,34444.12871,26017.9911,23071.00092,24385.15961,48867.7443
Q96BY9,SARAF,,,,,,3562.991211,,,,15593.92871,14602.13086,9859.826172,,7672.207031,6844.546875
Q96BZ8,LENG1,6724.136719,13219.03697,9041.33972,15088.93264,12561.22396,19625.98026,,,,21434.18064,13509.3623,19113.96289,17575.68555,19947.45432,14961.75356
Q96C24,SYTL4,10622.74512,12563.12891,,,,6979.274902,,,,8528.446289,7662.692871,12221.49414,6697.790039,5116.522461,9354.521484
Q96C28,ZNF707,,13382.63867,7667.439941,,13449.37305,,,,,16121.98438,,,9310.108398,12815.33398,9531.99707
Q96C36,PYCR2,,,,9145.171174,12798.37155,12960.32988,,,,23331.68049,23183.08913,10304.71188,5441.425087,,
Q96C55,ZNF524,,10266.35791,4057.149773,,,24708.1096,,,,34047.64908,34872.22982,53687.96375,17388.37987,15927.0106,24285.73983
Q96C86,DCPS,23924.07031,26649.1582,18286.78711,,28531.95703,29898.375,28256.25,,26808.11719,37797.21094,,27555.65625,19802.17578,19280.35547,20879.36719
Q96CB8,INTS12,6124.985114,11781.65745,5666.605576,12974.20819,15068.50791,17494.62817,,,,14197.36714,24863.49016,18001.15213,12445.48232,10884.91062,24914.75493
Q96CN9,GCC1,124565.1719,138708.9844,156084.5,135293.9688,198952.7812,291386.5625,191077.625,95654.25,182811.6719,162125.875,222107.8125,212432.0312,172555.4531,162574.2969,173432.4219
Q96CP2,FLYWCH2,,,,,33287.125,17095.28906,,,,,,,,,
Q96CT7,CCDC124,12960.49324,24315.87532,10912.84817,17511.69727,20856.63746,30252.85545,6065.239423,,,33666.32758,43801.98438,43462.48047,22334.55859,23858.70823,32299.37891
Q96CU9,FOXRED1,14444.21777,24419.13672,,,19655.85352,20789.87305,,,,,,,,,23631.92188
Q96CW1,AP2M1,24401.88804,37399.98298,35213.25467,29941.92493,60476.08592,38029.20155,15177.01327,,4987.507024,37820.37191,44485.118,37834.14951,23323.32954,20989.80267,29748.6405
Q96D46,NMD3,,13661.02745,12296.21001,9307.734843,6648.459697,10141.28969,,,,13859.55958,13665.12574,12026.30773,7125.550148,,7325.285023
Q96D53,COQ8B,,,,,,,38207.05469,48514,48210.53125,,,,,,
Q96DA0,ZG16B,31513.84843,14174.50916,52209.97658,3775.032976,19139.98033,7051.566458,51921.82944,7553.530194,43523.70342,19043.8273,68756.24558,21075.25151,47260.88308,38375.26909,23273.43389
Q96DF8,ESS2,,,,,,11724.41602,,,,20668.68359,21139.17578,20848.75391,10129.73535,5878.773438,21441.47266
Q96DH6,MSI2,,,,,6494.813258,5308.820389,,,,22509.17578,18079.43976,9075.514837,5876.631627,4530.98045,7768.235962
Q96DI7,SNRNP40,13381.68615,28159.65945,12344.72422,12150.23591,21163.26631,33036.30544,3619.225457,,4296.318631,66058.95486,55185.25743,74610.396,44126.13615,37566.91122,66363.98461
Q96DR8,MUCL1,779694.3125,254275.9688,1941724.013,692281.9439,1153755.875,570396.8125,699680.625,1319673.25,1204718.25,655100.9431,856817.5,591161.9896,791411.6285,785788.4029,615928.3154
Q96DT7,ZBTB10,,12615.68472,8240.182124,8075.16284,19436.31638,20542.72343,,,,19729.25834,27700.35858,17578.34392,14304.49467,15411.05622,26562.83998
Q96E11,MRRF,,,,,,29446.99219,,,,13495.65039,,,,9691.668945,13483.41113
Q96E39,RBMXL1,26358.29439,55869.02219,22365.03491,30407.72086,44847.8962,50513.75693,3911.23522,,5206.786462,109756.176,129942.4619,129425.7449,68663.87674,61441.77232,103917.8319
Q96EE3,SEH1L,10354.73487,20394.24358,9481.000994,9063.594522,19401.74727,18220.25089,,,,30436.28436,24937.1879,34637.17077,23082.32753,24223.35907,34606.72753
Q96EK4,THAP11,8625.449054,15287.85174,4173.328674,6202.891123,13169.68576,20001.16283,6342.375753,,4698.968507,21814.9131,23182.24604,22867.38717,23351.17938,19238.20326,29979.84498
Q96EK6,GNPNAT1,,,,,4251.399414,6847.612793,,,,,,,,,
Q96EK7,FAM120B,70490.41406,90095.63281,62255.68359,,54140.46875,59984.64844,,,,51215.875,60653.41406,47862.86719,63320.78516,61671.47656,54363.39453
Q96EP5,DAZAP1,19914.11679,54588.06442,13870.55225,12737.86277,31742.20898,33997.61615,5932.353815,1678.329464,8067.800291,57898.14474,47833.66734,70230.25131,48564.25519,41368.8125,52984.48275
Q96ES7,SGF29,6799.124825,8248.607164,3385.170775,3912.946636,8784.734511,7452.170417,,,,15671.29449,9733.118996,20058.93288,15064.95325,13436.43033,20167.89203
Q96EU6,RRP36,4289.1308,5529.114725,3556.555104,,5076.639589,6863.852756,,,3426.708502,7655.890282,10592.5011,12962.91582,9664.874794,8141.997673,10898.51119
Q96EV2,RBM33,7055.392127,15188.82268,8732.992434,8173.488364,26939.73705,34879.40604,,,,29399.65892,29753.65229,41093.82006,21663.87376,12669.69737,22959.20085
Q96EY1,DNAJA3,18814.80273,62505.70597,18459.44794,33631.53125,27920.582,46598.55865,10462.04297,,,79231.6251,84049.19531,61932.21094,36722.885,29798.03711,59120.34436
Q96EY4,TMA16,4725.310207,17028.12195,4162.364351,27039.68583,50499.98483,62626.63187,11767.71115,5106.180478,14293.00448,67826.94002,81582.06265,91438.94451,51106.20583,60406.48575,90594.8349
Q96EZ8,MCRS1,1599.617176,4004.645394,1355.105499,2936.529524,6843.597324,3936.748293,453.8043682,,,6598.741543,9044.187192,9627.366373,2996.733869,4649.039754,7122.610851
Q96F05,C11orf24,73398.90625,97760.05469,98267.5625,106943.5234,100797.875,83131.63281,114936.8672,105908.3281,114938.1797,87350.9375,83688.98438,111121.3828,111856.7969,63450.63281,85954.4375
Q96F07,CYFIP2,4890.757172,8125.629787,5095.151727,4380.215764,15539.85389,12753.22262,,,,12806.36046,12704.72611,12714.40647,4417.624481,5434.158761,9242.956936
Q96FF9,CDCA5,20508.27531,30139.21705,14492.5084,17624.51343,39020.83865,41973.23447,2133.974369,,1191.610961,34850.91054,38062.94346,37299.36987,30558.44158,35862.21112,71227.94509
Q96FJ2,DYNLL2,99931.77901,125283.5455,59812.77541,78957.97389,115473.2185,124584.6874,10931.09347,,7830.244351,143034.1179,187552.4467,137711.9456,98813.64736,101109.5535,183952.4184
Q96FK6,WDR89,,6717.143924,7600.74262,,,6262.871491,,,,,7688.166528,8321.704761,5240.504478,3457.458392,4205.587474
Q96FN4,CPNE2,7279.012764,15569.0068,7549.361,3485.392203,17044.21295,14792.06089,,,,18008.05184,15697.99401,18321.30728,8250.821919,8944.813051,18954.45645
Q96FQ6,S100A16,21012.85676,17000.04342,28638.23061,11136.46959,26501.03125,28687.4801,6870.036712,,5335.706328,24673.58537,22242.55273,21914.61936,16990.86038,12665.61328,17272.41406
Q96FS4,SIPA1,13388.26825,29607.86186,,9630.889209,18715.80859,15350.7599,9463.336483,8352.072333,7635.904803,27507.53516,32302.90115,19326.72476,18669.84375,12565.99935,22418.11448
Q96FV9,THOC1,2325.765785,7506.502531,2256.74045,3105.624833,7579.204467,7262.075914,,,,21800.88044,23184.3946,21252.89085,12131.44198,16379.97553,19890.2366
Q96FZ7,CHMP6,7882.751953,,4312.65332,5704.056152,13348.92578,17029.80469,8630.948242,,,17921.30469,22684.4082,9793.177734,17411.40234,7663.021973,19842.38672
Q96G21,IMP4,94291.21894,126464.0692,63245.01836,36133.39479,58853.62808,128558.0215,108224.2699,28764.33992,61591.11355,186230.1043,130730.7211,104654.798,140800.2862,42421.15355,158807.5156
Q96G25,MED8,36765.16683,37180.64062,19589.11627,46344.55746,26242.79647,26186.73006,,,,37738.25438,23027.28451,21020.65037,20193.78711,19129.62797,23745.40051
Q96GD3,SCMH1,8224.630859,15653.61719,,,,5387.265625,,,,9080.46875,13237.92969,13105.47949,,3024.425293,5640.958496
Q96GD4,AURKB,16468.17276,40250.12473,13365.39394,8416.186435,21838.01288,21775.47711,5068.564984,890.2819563,2279.987661,24676.1249,25726.52349,29799.70917,36292.87585,29294.30948,51128.47144
Q96GM5,SMARCD1,11891.15021,29519.30175,14775.32797,6093.348557,12429.88852,14583.59329,,,3502.482889,17232.65425,23756.66434,15653.51049,9530.490887,16070.76828,20765.70048
Q96GM8,TOE1,,15326.25525,,4907.013703,18886.37549,17315.13691,,,,19399.25283,20284.98992,25145.62411,13369.94195,9630.837239,16631.48072
Q96GN5,CDCA7L,8771.621573,19220.92155,4870.44538,4705.013159,10836.98085,12828.16463,,,,17679.32505,14541.25399,19789.23102,34187.46441,24158.07872,40011.74166
Q96GQ7,DDX27,16843.89599,49747.47887,28678.46112,25506.98508,51852.44605,84886.68477,6278.036418,,5696.152326,62276.03878,96186.6314,109077.6696,65008.30683,75366.08288,111223.2066
Q96GY3,LIN37,10690.34668,11458.85547,8452.041016,13036.12891,16001.08984,28643.2793,22584.83984,,,14023.4834,10112.16992,19540.17383,18379.76953,10148.72949,29484.90234
Q96H12,MSANTD3,5248.986328,13344.30078,,,7910.240234,,,,,32561.24805,20322.84766,35579.28516,12892.28711,12676.66992,23348.875
Q96H22,CENPN,1493.140236,11073.75062,2292.42281,,4245.507324,10267.22363,,,,14948.10731,18569.16427,10228.06114,6819.444874,9531.078916,13813.30957
Q96H55,MYO19,5739.407688,5839.163507,,,13735.02539,11739.97656,6492.647361,,,12756.07083,21419.37063,18257.87483,7909.205955,4771.509766,16030.92065
Q96HA1,POM121,14705.67493,29280.22893,20035.39686,26765.91826,28525.16651,46105.23742,18999.53096,,,44970.87092,72690.34994,48169.26408,70468.08653,37052.51028,80852.41794
Q96HA7,TONSL,,,,,,,,,,8999.713867,9540.397461,8859.420898,12222.8877,6438.222656,15936.78711
Q96HC4,PDLIM5,,4820.365234,15734.75977,20735.41797,16454.82617,12652.34668,,,,,,4920.92334,,,
Q96HE7,ERO1A,20133.71177,20801.61098,198709.4104,22723.9949,24902.22314,20839.42592,12030.31226,,4636.670809,18719.91656,25843.8243,19122.13082,15366.6354,11544.7144,21204.71985
Q96HE9,PRR11,16695.84363,40878.52373,31548.07241,22322.91637,19127.60809,17171.92353,7371.239698,,13665.70558,23507.95406,26316.25674,11524.64066,18885.98151,9101.604154,17384.99313
Q96HP4,OXNAD1,321938.2812,336269.625,225476.1406,234364.375,282463.375,296232.9062,162081.5156,155825.6719,161937.4062,311050.125,243859.0469,259661.8594,277475.0625,326186.7812,233174.75
Q96HR3,MED30,55494.83509,61160.46103,27152.2337,53314.3704,51714.33603,44068.93929,,,,74637.22248,46433.31377,43696.18265,37586.81978,40922.77383,42845.11719
Q96HR9,REEP6,810.7489624,5800.998047,,,6544.163086,5589.599609,,,,11813.52539,13264.23633,6737.478027,6154.635254,9372.18457,12879.0332
Q96HS1,PGAM5,19858.32669,52008.77821,30804.41577,30731.35328,55327.30947,48742.86335,12551.7746,5922.153502,6884.975915,32119.05399,29493.7243,29360.17454,35141.08246,19363.40189,45232.0476
Q96HW7,INTS4,2878.27178,5115.019191,1385.985841,1690.927934,4101.60326,5332.345923,,,,7930.806055,6238.111104,9577.231394,5844.463377,4407.377522,9223.063779
Q96I24,FUBP3,28958.57255,53296.75335,20774.58869,19811.56406,44194.32286,51082.51376,3323.025942,1632.703862,3751.231362,80343.53963,84065.36002,74936.5365,52148.2131,46937.47483,62344.92844
Q96I25,RBM17,5326.810262,14719.97108,5681.136347,4629.149918,11156.36328,9541.294922,1435.027305,,1266.939156,26605.22934,36885.86825,30337.82869,15863.38281,17521.78119,27683.65715
Q96I51,RCC1L,,,,,9457.693359,,,,,,13378.18066,6480.758301,,,
Q96IX5,ATP5MK,20455.12891,33691.875,18479.01953,,23406.47266,9233.300781,,,,19019.68359,27805.78906,32060.88086,5603.665527,9595.564453,25140.62109
Q96IZ0,PAWR,19380.4039,25464.54128,14431.65624,26397.09995,30046.82912,39638.84265,,,,22305.72138,12226.32587,10642.96815,17023.29998,14263.32128,26354.66091
Q96IZ7,RSRC1,,8278.5081,2969.665543,3801.069358,,2587.460194,,,,9746.381211,15785.24572,10727.7568,4902.395995,6077.51616,12115.31218
Q96J01,THOC3,,8845.286018,5053.744596,7816.872265,15086.06056,12392.39978,,,,37822.08203,27874.28733,42265.875,22773.63063,18333.02344,28501.51172
Q96J88,EPSTI1,,,,,15941.56055,19849.86719,,,,,,,,9632.431641,
Q96JA1,LRIG1,46619.96094,32911.65625,53458.41406,7292.243164,,26278.95898,28335.54492,,,19793.85938,32246.95312,31936.09961,32197.88672,11638.04883,
Q96JB1,DNAH8,275736.0106,318715.956,252929.5121,305061.8249,278372.7053,267670.0551,302443.0105,254585.531,298583.1262,235599.7212,251774.2482,237359.9857,283246.5773,231318.9102,243149.1231
Q96JC1,VPS39,2014.455423,,,5533.267047,5225.138097,17172.24694,,,,20048.06445,17866.10254,12837.28705,11148.39604,5007.093991,11318.3593
Q96JF6,ZNF594,,,,7069.436523,12885.78711,15792.03516,,,,18547.96875,17303.62109,16383.6582,11912.33203,10968.03809,14204.55078
Q96JH7,VCPIP1,121683.7969,110077.4922,101540.9453,99125.49219,112955.3516,127638.7578,81619.53125,90259.65625,,86309.625,126112.6406,59579.78125,88299.86719,97590.8125,125345.7031
Q96JJ3,ELMO2,,2756.185059,,10375.39258,8157.848633,9416.007812,,,,,8815.831055,,,,9123.541992
Q96JM2,ZNF462,4610.880536,13867.62892,3787.436138,4531.10987,7816.06541,8240.598286,,,,21246.44607,22957.67773,20269.78642,12129.7028,13494.78672,21765.87076
Q96JM3,CHAMP1,14360.79246,37128.3891,10166.38774,14277.5309,28103.56619,25533.22598,3871.572953,,2435.388398,46942.65363,47070.27884,41433.41577,30920.71015,31471.56275,46382.87274
Q96JM7,L3MBTL3,4232.8853,7180.657548,,5854.498752,10667.65368,10972.15745,2727.392749,,,23928.74587,20291.5435,20983.63814,11421.53404,14564.75833,19288.58887
Q96JN0,LCOR,,5533.225878,,,2485.807973,6774.699681,2914.917566,,,4843.425212,7824.440815,5477.829538,4635.543493,,4954.814128
Q96JN2,CCDC136,,5690.060059,1888.69397,4972.302246,5194.743652,4902.913086,,,,,1330.072266,2605.924561,3201.238281,1935.244629,
Q96JP2,MYO15B,17209.58604,33885.76208,38115.86831,32124.7136,36374.2232,46842.25744,28337.75764,25788.97369,32535.03249,34064.35911,33323.4859,27214.26693,43433.9648,34207.39005,51442.36455
Q96JP5,ZFP91,12549.85352,26103.32398,12786.7178,23293.60938,28676.17834,32956.56179,5251.95275,,5757.222301,53310.68442,63820.92089,57695.85378,43939.50331,40478.85547,55628.0647
Q96JQ0,DCHS1,,116378.4141,,,183501.625,232835.7344,,,,239178.3125,332251.8125,277821.9375,204417.7344,188337.0312,304838.3125
Q96K19,RNF170,,,,,,,,,,1988.032471,3774.312012,2095.157471,,852.7058105,
Q96K76,USP47,33368.34766,36534.77344,42459.57031,41134.28516,33020.48438,,40334.23438,49563.64062,37853.71484,29453.21484,28552.35938,,36716.32812,24461.87891,
Q96KM6,ZNF512B,6255.525493,17085.4015,3910.037931,5127.005165,5010.56363,9201.18457,,,,10053.74559,4196.482211,9459.110967,6661.656738,4134.372998,5092.587879
Q96KQ7,EHMT2,5889.845185,16445.43554,4698.500013,5923.354673,13866.8292,15016.27544,,,,27214.51882,26676.2718,27916.00213,21100.016,15314.44251,34234.93383
Q96KR1,ZFR,21203.14741,53869.98807,24044.511,28324.98512,45834.93546,46419.56345,4242.262713,,3910.461898,88993.72616,103220.7569,92725.27841,68997.61401,58605.49539,91419.8651
Q96L46,CAPNS2,9840.800781,,,,,5477.243652,1659.625977,,,1841.614502,,,3647.809814,,3095.093262
Q96L50,LRR1,,6778.761719,,,,,,,,5401.572266,4983.924805,4072.439209,4033.260986,,5777.016602
Q96L73,NSD1,4505.081371,10125.52967,3702.627335,3918.048307,5513.997588,8912.813003,,,,11453.98126,18173.29332,17848.77222,13821.26708,13391.8021,21469.33263
Q96L91,EP400,10717.41308,21743.84254,7914.913733,11395.00845,15619.81522,19283.21619,1613.745338,,2067.837651,25627.45527,27545.41016,24990.47204,22216.41936,18540.26336,28633.12009
Q96L93,KIF16B,46970.22069,62785.75334,19809.23503,30476.90282,,113676.8209,6799.789615,,,59550.86744,27035.30166,44991.24935,90722.37313,87634.22708,110522.6317
Q96LW1,ZNF354B,66682.48438,56218.08594,50068.69922,42948.01562,74326.75781,60355.77344,79585.84375,44242.65625,63469.32031,57687.07812,44388.97656,54122.0625,53230.6875,56806.64453,59287.66016
Q96M42,,9118268,11787781,,,12215846,,,1529345.625,2251648,,18238026,,15006428,,
Q96M63,ODAD1,80159.10938,66048.92969,87774.40625,129021.9531,105813.3438,91707.875,,,,82049.40625,72418.73438,94351.45312,37123.92969,,79995.02344
Q96ME1,FBXL18,4102.082785,5437.908352,,3359.077995,16689.55009,15659.95328,,,,11004.08148,5181.701011,7132.289253,8015.70031,3152.437808,5020.523168
Q96ME7,ZNF512,22300.55213,47885.77637,26141.5996,22575.824,34391.65129,42152.40798,4979.292748,,4570.636427,66110.42604,83050.98285,87740.82841,51985.25209,48697.10689,88551.81475
Q96MF7,NSMCE2,6092.865072,20415.33052,8709.758874,,23892.42292,22410.46327,,,,37193.01363,24987.16571,24664.6425,28128.41929,20504.11419,36537.05707
Q96MG7,NSMCE3,8154.149249,18649.92764,6386.186552,6779.043382,20079.56321,17304.4854,,,,19963.91126,22884.48455,21515.64954,16916.2439,22169.0298,28024.3675
Q96MU7,YTHDC1,6749.009991,18540.76758,12381.54848,10325.71059,12631.32633,22446.14465,,,4250.212678,31170.2333,34823.61328,37431.10938,27342.98828,22998.31283,35644.17764
Q96MX3,ZNF48,,3947.800276,,5410.217171,6426.085827,10417.70556,,,,7314.083886,16108.18435,16371.98402,7169.835611,4060.571002,7045.514093
Q96MY1,NOL4L,4228.511553,10974.29476,6583.326513,4142.71032,10282.47957,5995.110239,,,,2945.870571,9751.157227,7706.396063,4138.624777,4664.413557,8773.838867
Q96N46,TTC14,,6491.257305,,,,3946.719972,,,,5673.876021,9857.355232,5652.553528,2660.985951,5998.739806,7415.815484
Q96N64,PWWP2A,6665.908303,12571.73994,6356.902277,7038.618753,9092.94052,8929.884915,,,,17757.34999,17581.36272,25062.30461,15721.90739,20222.98615,30514.61937
Q96N66,MBOAT7,4549.153312,7848.418945,7247.292388,4844.373462,5961.716881,10409.87973,,,1960.774708,25332.22852,24356.50845,31436.28514,5343.143088,8323.774414,15866.30273
Q96N67,DOCK7,2231.447266,,3965.484131,,,6937.959961,,,,2467.175537,4048.646973,,,2044.949707,5322.675781
Q96NC0,ZMAT2,2825.214247,14109.37162,6159.971111,6266.74566,13934.33779,9915.426444,,,,15525.21653,18038.16797,22699.45694,10032.87202,12629.45703,19473.3457
Q96NE9,FRMD6,,29407.55078,13749.60352,,49508.17188,48725.44531,,,,57323.24219,,55871.12109,,40867.17188,30165.48828
Q96NN9,AIFM3,103438.2812,73529.65625,135628.8125,146116.8594,149439.9062,123275.2969,105183.8125,93430.29688,149503.9062,149457.625,149117.8125,125834.3906,112571.5312,119119.6719,95543.60156
Q96NS8,,159292.3281,135145.9688,,,,185317.9844,150761.0625,201370.6875,,197959.7812,160579.25,136869.6875,161666.8594,160264.8906,160317.9844
Q96NY9,MUS81,,5527.296938,,13140.55176,11851.82031,22378.60745,3988.510066,,5400.727072,19620.11763,24969.35625,27706.7168,15595.06055,9876.923622,17839.5879
Q96P11,NSUN5,,11566.68811,3911.273452,11591.81331,23794.54751,31364.79298,,,,28714.08299,36558.37429,34286.40943,20245.87552,24224.80236,39297.03076
Q96P63,SERPINB12,124062.111,39367.99337,92123.46821,39606.11267,34595.42547,54129.53359,78240.77184,72986.874,73354.5335,32153.14385,113419.0746,57016.42588,84693.39793,47430.42643,58524.76151
Q96PD5,PGLYRP2,29400.14844,21065.4668,11548.30346,,,,,,9876.334149,,,,7951.055364,,
Q96PE2,ARHGEF17,2882.445851,3703.194434,,,3851.621024,4630.937445,,,,,2853.49571,,,2618.182335,
Q96PK6,RBM14,78657.8064,153099.1226,86327.41092,79690.63876,114818.2503,156489.2055,47948.21328,20924.35597,52535.79448,179505.9687,211427.7794,198926.5434,160234.4941,139152.6776,215403.6681
Q96PM9,ZNF385A,,10468.81738,,,14207.72656,15521.71973,,,,45201.71094,42330.9375,40022.92969,10785.53125,,35184.42969
Q96PN7,TRERF1,26014.41016,,,,58032.08594,80755.21094,,,13953.49121,75095.38281,,,,,
Q96PU4,UHRF2,8497.152943,28727.34666,17087.76562,22783.67508,28703.02159,29850.30859,,,,31999.31043,36640.08273,39919.3315,20607.18359,28667.99922,41882.98717
Q96PU8,QKI,58448.31537,110490.8238,53602.85123,20019.69298,53953.50588,46735.72021,4535.334622,1658.697127,4982.323958,94548.42973,104404.1528,94216.57878,69642.99361,58216.88232,86785.11173
Q96PZ2,FAM111A,1696.168842,4141.736499,1869.468897,4203.507437,10398.44758,9626.528111,,,,18360.44617,22945.56934,20553.93518,12587.22486,12084.68631,15554.17901
Q96Q15,SMG1,,,,11470.5752,13660.08984,20442.12109,,,,29537.6875,38595.24609,,18338.375,39455.61719,30410.95508
Q96Q45,TMEM237,,14895.15234,,,6584.791016,5189.585938,,,,17159.41016,20467.41211,,12304.04688,10884.85938,17417.32617
Q96Q77,CIB3,,,,,6662.165527,13483.14258,,,,,16618.75977,,15070.74609,,12783.46094
Q96Q89,KIF20B,6959.158674,12856.43548,5800.161176,7916.736202,12313.75715,11162.36284,1730.442896,1478.719421,2273.038984,16377.66231,20600.65259,21408.60083,21787.77322,18494.35014,28803.02834
Q96QA5,GSDMA,48093.9149,17144.7584,14219.39894,,23995.455,25997.03148,25069.85897,16631.80438,19300.33966,12378.30627,25793.43291,19959.21387,30844.69195,17694.29847,28561.96246
Q96QB1,DLC1,30473.04297,21204.41992,39112.42969,,40142.24609,41491.01953,,,,25197.66406,33789.87891,34808.82812,28348.8125,32335.83008,31303.75781
Q96QC0,PPP1R10,7767.170824,15874.09412,7208.674197,9218.934273,12783.45252,15502.0742,,,1829.574951,26788.01534,28064.35681,29064.60224,19644.73666,19737.99849,27772.56967
Q96QD9,FYTTD1,20504.98768,46986.33656,35481.24512,13377.92671,19293.24853,20478.36225,6248.845604,5161.180147,5953.248621,41406.13319,48586.0071,38323.6203,34088.14588,34515.21123,48622.50364
Q96QE3,ATAD5,3894.103859,9177.180252,2869.645607,5002.257892,13535.5746,17769.35169,,,,20023.3813,24043.32352,25222.76608,24193.43091,24349.42234,37873.64514
Q96QE5,TEFM,,4276.322318,,,12631.86133,8432.136542,,,,8111.420907,7493.845369,11008.07422,7007.648211,4366.424316,9574.101562
Q96QH2,PRAM1,51674.92188,35127.49609,,8769.144531,34459.48828,39936.48047,,,,47357.72656,46968.72266,,64735.42188,67578.71094,
Q96QK1,VPS35,80591.42188,85834.78125,101280.5625,57213.62109,,57081.35938,59614.52734,54188.64062,,90463.82812,61749.39062,99373.3125,90314.79688,53577.27734,107859.6797
Q96QP1,ALPK1,,,20557.12109,,44276.95312,64679.35547,,,,,107754.4609,63236.20312,,53631.77344,93348.50781
Q96QR8,PURB,1603.351392,1209.450792,,1323.550944,2977.038807,2771.204395,,,,2748.709028,3260.913815,1984.59715,2164.830811,1792.802532,2622.869368
Q96QT6,PHF12,3994.898544,7497.608311,5455.490457,5855.706528,9287.266742,8847.959474,,,,11866.10959,21932.60508,15503.96562,12214.7379,8510.173291,21190.1496
Q96QZ7,MAGI1,335330,287297.5,277171.6562,268849.25,281498.0625,271355.0312,,2007702,,274456.0938,287259.3438,291771.5,306575.0625,268174,194879.9688
Q96R06,SPAG5,,1330.544015,1904.862356,926.1770167,2347.348498,,,,,1715.365689,1517.163422,,1440.87485,1573.448371,3684.131896
Q96RE7,NACC1,11094.67509,15731.03115,4604.044723,10716.03898,11435.6488,6219.458591,,,,4119.207972,13983.60195,11686.43431,5002.538485,6421.199566,15177.82062
Q96RK0,CIC,4453.377754,15752.4707,3984.173521,,4372.630803,4605.05778,,,,,6435.689704,15350.46685,,3115.950695,7045.085394
Q96RL1,UIMC1,3620.709078,8520.556149,4644.75642,4982.974355,5058.618373,6126.616437,,,,7677.645835,7488.039551,10542.17271,5133.989752,5347.407942,9514.715918
Q96RL7,VPS13A,,,,,,,67218.47656,77361.875,55761.4375,,9165.517578,,,,
Q96RN5,MED15,108162.0503,100542.5741,56059.14971,74547.39952,85110.69368,90625.24346,,,,99435.7015,79404.29732,74191.79497,62139.08813,58244.35949,72372.6144
Q96RT1,ERBIN,,,,14656.6875,10362.71582,,,,,13873.25488,12124.78906,15857.12305,,,
Q96RW7,HMCN1,38738.86603,46954.45853,39684.45108,16043.25733,51493.1473,28962.23129,25848.72304,17645.50281,23071.72484,48240.45874,19581.31138,34591.04311,21728.37424,20151.60214,15944.77501
Q96S44,TP53RK,2363.966797,,,,9795.392578,21199.04688,13949.75391,,,9760.240234,,5042.622559,9222.695312,2095.946045,5383.382812
Q96S52,PIGS,21843.79688,54701.40234,,15578.98242,38641.04297,,,,,43629.10938,79011.30469,41995.64062,42124.32422,46639.17969,59044.81641
Q96S97,MYADM,25841.23438,67978.99219,31961.58203,38774.69922,75985.72656,,,,,115610.4766,156240.7969,108275.4375,,56285.56641,73281.86719
Q96SB3,PPP1R9B,4566.65611,4013.132857,4282.53855,8729.56231,20353.95912,11092.5548,2322.073203,,,18949.31092,13592.08637,13399.08857,10729.95662,9352.405016,14781.83105
Q96SB4,SRPK1,26868.97261,42838.59943,17089.40156,5157.687178,11075.22833,11546.20443,,,,12648.87125,10328.93617,11257.37838,5669.214792,4772.323991,6127.22359
Q96SB8,SMC6,4648.768342,10057.70769,4333.645119,2660.054256,10833.58639,9324.215978,,,,18254.25602,18248.41861,20860.03457,20256.91211,17825.65913,24947.34305
Q96SI9,STRBP,7444.97489,17981.65326,9248.289604,8064.668083,19819.57098,19389.99857,,,1344.931323,29641.64086,39523.65206,35244.80638,24624.2118,21224.52257,35503.43309
Q96SK2,TMEM209,,9804.120825,,,6384.608964,8140.761079,,,,21469.84607,23922.73546,17717.09854,19592.48656,14173.86914,17102.59961
Q96SL8,FIZ1,,11436.44252,5457.990108,5592.193214,4456.35001,6460.264702,,,,18323.17656,26163.17246,19877.42716,5179.043044,4950.002574,18070.44185
Q96SN8,CDK5RAP2,6608.405273,23076.84766,,,,,,,,,,,,,
Q96ST2,IWS1,9159.557613,17632.59934,5956.814098,16838.92775,18322.12066,16923.6678,3464.789741,,4659.15938,27282.03399,27325.15747,30275.55132,20049.17266,21018.84351,29794.97483
Q96ST3,SIN3A,7890.992695,17954.47456,7689.919825,11302.86733,24778.966,24693.47326,2660.541479,1409.734518,1667.458391,29167.72835,30465.61073,33568.0878,24766.41574,21722.78922,34767.78308
Q96ST8,CEP89,43744.22266,17064.12109,8974.114258,,,,,,,53212.25,19891.33203,,,19106.16797,12475.97852
Q96SY0,INTS14,,6093.669871,3167.419975,3617.210038,4663.598581,5311.642817,,,,4894.67456,7152.582622,8656.107942,5708.781853,8117.568899,14444.01288
Q96T17,MAP7D2,,3176.171875,,5403.567383,,,3784.683838,5117.909668,6271.685059,5179.078125,3141.643555,3226.340332,4682.531738,3957.264404,1674.974365
Q96T23,RSF1,7758.628394,20530.02261,7982.407393,7456.618495,14531.89766,11241.56003,,,,12838.11346,19744.80347,14633.29241,14192.49221,13135.55937,23875.73625
Q96T37,RBM15,9710.070971,26215.27516,15345.80565,19741.24813,30514.58482,36830.30938,2124.054224,1496.376483,2805.732826,46601.34254,53517.49864,55313.58283,36330.24219,34300.88064,52205.27333
Q96T52,IMMP2L,,,,32884.57422,37408.83203,23456.23633,20813.25391,,,23013.55859,,,,,23520.74219
Q96T58,SPEN,4072.576424,9809.276394,3986.885916,6466.254594,9436.00644,8869.306582,1332.726536,,,18265.1658,24093.27115,20684.27384,12233.11735,12398.71002,20666.14239
Q96T60,PNKP,11083.29489,33440.14339,12128.13099,24082.22851,43203.18194,56070.83539,3857.801519,,2932.796141,41890.21251,42729.57166,49755.87739,32199.80513,44264.31803,53602.23873
Q96T68,SETDB2,,,,14165.86816,20778.03906,,,,,,,34722.00781,,,
Q96T88,UHRF1,23831.97774,47556.2977,17120.3556,13121.2797,33008.60111,42307.34259,3906.571537,,2996.678931,41598.51106,44814.87695,50903.80468,42073.15712,44432.14215,68171.6047
Q96TA1,NIBAN2,6091.314472,6498.794222,31063.75888,,,,,,,,,,,5510.846249,
Q96TA2,YME1L1,7607.470271,13538.70421,,,2746.144911,7815.459427,,,,7401.089241,6701.828146,4550.432039,15224.378,,12997.65382
Q96TC7,RMDN3,,6905.279171,,,5775.893103,5640.073043,,,,3419.306036,2707.026734,6312.783541,2743.588645,2649.99503,3040.114335
Q99439,CNN2,31866.27736,68686.71013,36038.73229,42649.74295,72016.11971,68218.87502,13874.30164,,9217.605434,67667.98601,51679.44994,53467.77026,26774.92016,24000.36167,32100.21052
Q99453,PHOX2B,3662.737305,6535.042969,9065.213867,11007.02051,13839.69336,27387.79297,,,,12845.89648,,9998.665039,4753.621582,10277.62109,10240.53906
Q99459,CDC5L,20527.36951,44504.24958,20303.18316,19877.49327,32803.70585,36654.62367,7967.021447,3641.329516,5442.980034,83717.95632,83355.67849,79309.45312,42655.42204,39618.82133,62053.29295
Q99496,RNF2,8588.555056,25666.65351,7748.324973,9510.192673,17476.32242,19603.42343,3301.202551,,3117.104243,27202.05604,35240.86866,32475.97253,23110.11185,21732.79511,37294.60315
Q99497,PARK7,13071.12305,4026.79834,15566.11719,4000.52832,4024.65918,2845.677979,6695.933105,3678.253418,,,11422.97363,,4850.980957,4357.708984,8146.485352
Q99501,GAS2L1,2677.482178,,1976.838379,,4632.544922,5740.210449,,,,,3121.08252,5139.172852,5691.694336,,
Q99536,VAT1,,18690.46638,60188.82179,18107.72817,8179.313271,24140.08608,7684.246969,,,22212.90044,18133.57342,20493.33138,21289.13628,14358.83923,17758.14304
Q99543,DNAJC2,14076.02643,30714.09982,10244.34975,37004.72671,32945.54201,43791.90203,13987.18844,,,12997.95253,10389.91744,,12060.54144,17365.27526,12659.51224
Q99547,MPHOSPH6,1410.730299,3367.99435,,3560.868913,2866.865936,4432.327907,,,,4952.476173,8584.709419,9704.588719,5279.744979,10345.71841,12818.74609
Q99549,MPHOSPH8,13775.66496,32642.61602,13647.56305,13477.42924,26093.2041,28727.87044,4109.954674,,,35956.33144,45064.0362,45365.28787,51472.73178,42834.42588,80368.94404
Q99567,NUP88,6702.756401,27964.81933,11205.65207,7793.32023,18275.64062,18735.03719,,,,32517.43758,33952.22082,44588.39728,28405.94551,17854.77325,37375.87129
Q99569,PKP4,,3597.020847,2561.253499,,1805.344663,1781.292845,,,,6958.199873,7295.112003,4071.203637,1736.801103,1684.005947,2406.877897
Q99575,POP1,2325.321113,12645.06049,6941.454701,2382.811419,7186.726134,5489.03223,,,,5185.608824,6183.818001,14422.21864,,,3241.929153
Q99590,SCAF11,10379.75941,23326.65298,8254.061438,14774.07617,22980.64104,17664.08268,3078.46984,,2755.542214,37977.85318,46330.85157,40769.91391,23473.62304,22727.68163,30998.475
Q99594,TEAD3,25931.397,38710.2522,20755.79323,8467.916763,9266.55554,21552.97321,,,,19437.71154,31508.402,11613.35132,13741.63476,16723.58347,13995.96834
Q99623,PHB2,69649.34064,96528.30891,68387.6896,21906.97756,65401.1175,52837.21296,68824.10054,34526.0804,41097.66351,74175.71192,59836.99286,55442.88676,26187.48861,21909.91198,36652.70742
Q99633,PRPF18,37234.56641,77874.3125,21599.48047,,87620.85156,62216.37109,,,,111569.25,124431.1875,,61402.10547,55221.60156,113233.7656
Q99661,KIF2C,22527.68463,62487.67249,31738.02057,19958.51624,36077.81279,41256.6279,2400.852624,,1499.031718,17103.83222,22031.88672,23126.87458,25313.20157,25517.23407,35184.84119
Q99666,,5334.703125,14131.99805,7015.708984,13193.54492,12282.06934,22494.82812,,,,32803.74609,43358.62109,32878.34375,16118.62891,19034.58203,22876.03711
Q99715,COL12A1,,12226.53125,,,9501.732422,,,,,,,,,,
Q99727,TIMP4,,,,,,,,,,5943.330566,5482.137695,,,,
Q99728,BARD1,8291.446817,5611.658347,4322.795406,13206.2334,24120.55859,31739.1185,,,3653.708583,27205.14648,28905.28001,25459.75586,30410.97626,28469.85156,43965.55465
Q99729,HNRNPAB,116416.2938,241578.3064,71055.62756,39544.083,153605.5029,164455.1215,24373.25641,8719.731872,19151.33077,238252.3941,210056.1826,273274.7607,249566.1323,181510.2742,258676.3438
Q99733,NAP1L4,,3152.655762,8819.791016,,,,,,,6893.958496,,,,,
Q99735,MGST2,58245.12891,70593.125,112944.9297,36128.56641,96577.17969,116521.8359,29903.33984,,24548.47266,160679.1562,239307.0312,192894.1875,90329.10156,84304.96875,140277.9062
Q99755,PIP5K1A,,,37135.3125,,,,,,,,,25816.25,9602.714844,,10394.73633
Q99759,MAP3K3,,,,1069333.125,,,,,,,,,1063935.375,,
Q99798,ACO2,,,8790.538086,,,,,,,,3001.349121,,,,
Q99811,PRRX2,,,,,13305.31738,6878.689453,,,,5398.212402,5829.146973,,2605.387695,6318.567383,3158.832764
Q99832,CCT7,,5564.419443,10325.38881,4376.474989,8843.946289,5770.343486,,,,3436.891638,5655.894293,9179.368204,2925.722936,3040.493746,3622.856368
Q99848,EBNA1BP2,24333.62423,47557.26012,26583.95366,29361.83136,63075.02405,84638.8125,3586.350142,,7946.75729,81156.23334,105933.3199,115128.9169,74021.54478,84882.74418,124356.4512
Q99873,PRMT1,,20737.34788,7780.107305,5308.113721,8505.500957,13475.31233,,,,15942.34117,19651.0918,22896.3417,12939.51592,9224.806872,14898.0293
Q99959,PKP2,38880.67354,76470.94542,33589.1971,12194.51797,18056.85361,20578.35938,7022.539131,,4785.82816,29451.92564,29432.34402,24956.63303,17973.85959,15650.72554,25300.68992
Q99986,VRK1,19579.53711,40682.30592,19993.26311,17114.39825,34030.17626,43511.33877,4315.454455,2308.285919,2714.354957,35601.7586,31751.9368,43154.51575,37086.41191,35904.29082,60690.12932
Q9BPW8,NIPSNAP1,7883.768555,9164.623047,,,19536.35938,,,,,14943,4838.655273,3832.991211,7712.19873,12811.41406,14566.64941
Q9BPX5,ARPC5L,,,19236.05469,,13939.25879,16884.45117,,,,,,17015.5293,,,2513.951172
Q9BPX6,MICU1,14198.53613,39346.40795,11122.2945,,31206.76414,21463.26634,,,,28523.90713,34809.30578,39245.97258,27738.43531,25838.87274,53032.96136
Q9BQ04,RBM4B,12997.98052,13941.43904,10592.42557,11324.58046,16430.79848,14514.91898,6556.357274,,,19672.32914,19468.77976,21046.43446,11716.21612,11504.36068,18515.08072
Q9BQ13,KCTD14,,60578.13281,,,23381.13477,58350.42578,,,12366.63867,23895.15234,21574.73047,10900.52344,,19687.3125,24147.23242
Q9BQ39,DDX50,17189.08476,43418.52875,22286.54867,18805.19399,36449.03321,45866.92021,4340.826451,,2310.376436,67709.97135,84653.79138,82648.71259,57064.61035,56396.71818,86957.01513
Q9BQ48,MRPL34,99328.88637,79449.25931,82206.77632,129300.0489,136130.5469,73949.83235,108973.6502,99508.36015,78358.66705,38858.61687,72444.0506,27165.39789,36044.48111,21282.34896,24949.87444
Q9BQ61,TRIR,46624.83203,72462.78906,44371.15625,73441.28125,100699.1484,114157.5,7431.858887,,14599.81348,81683.99219,67641.36719,70924.71875,72239.61719,69260.82812,91501.46875
Q9BQ67,GRWD1,3758.119726,19183.46484,9837.34684,7123.135595,23088.91992,29199.66797,,,,27151.30859,20222.83984,38577.17969,17360.83998,22188.14453,31667.13531
Q9BQ75,CMSS1,20563.50676,43835.5306,25255.38899,22321.99474,35907.55663,41702.74364,,,2881.397235,46020.62678,52716.79023,54211.36538,36072.74036,37527.2081,59950.52033
Q9BQ89,FAM110A,49851.16016,53216.64844,36890.21484,,98942.78906,95440.71875,,,,95636.53125,,78456.6875,,52999.39062,38758.96484
Q9BQA9,CYBC1,,,,,6422.758546,7499.314291,,,,16827.96049,9561.539678,14895.58613,3413.288893,5494.858529,16451.52139
Q9BQC6,MRPL57,36438.25781,26689.48438,25322.26758,9853.970703,47441.1875,12419.84375,19417.66797,17669.01172,22402.62109,16835.67969,11790.55176,,,,
Q9BQF6,SENP7,,,,,,5063.554688,,,,9209.927734,,11544.14551,,3396.744629,12220.29297
Q9BQG0,MYBBP1A,8380.083098,26267.77639,10919.96142,12455.31208,26460.33878,43397.99057,1804.156114,1939.613687,3056.11232,34620.44052,52132.67477,59289.08771,34331.90589,41721.18852,67799.47478
Q9BR76,CORO1B,17908.64973,41998.52557,20648.23489,18592.59786,50739.9375,46200.15054,,,,64252.9631,56475.44141,60595.87183,26021.47995,21826.17352,37066.22073
Q9BRD0,BUD13,3452.396977,15055.37314,4177.055419,5470.876877,8441.665603,13086.97868,3148.354527,,,15066.13676,25580.44448,30479.69136,16863.51667,16712.75418,15301.54787
Q9BRF8,CPPED1,,,8192.138672,,,,,,,,,,,9967.71582,
Q9BRJ6,C7orf50,15817.48527,42206.94531,22389.6514,32696.61415,65837.49131,63997.9794,4997.727616,,4232.692314,38311.60441,37168.03266,57562.02184,49280.60938,55565.27369,84015.90436
Q9BRJ7,NUDT16L1,12339.54523,36495.3657,14403.32907,7303.053442,28655.59803,23098.00024,4465.460164,,3344.927959,54709.54104,49948.20169,69300.27756,41210.29993,19819.11356,49918.86764
Q9BRJ9,MESP1,363429.7812,466932.5,410370.4375,382981.0625,394450.4688,386203.5312,1043253.062,365290.3438,955903.25,340076.4688,375648.4688,444656.875,439095.375,422325.5,411101.5938
Q9BRQ5,ORAI3,90271.5,70751.07031,70386.25,24836.77148,40058.98828,44629.06641,,80567.45312,,30809.57812,30465.22266,102803.5781,65269.93359,23672.95508,49797.39062
Q9BRT6,LLPH,25953.85352,57817.71094,42273.13281,68526.38281,63610.98438,120805.7656,,,,88647.46875,146378.3281,129614.3984,50825.24219,92089.14062,134576.2344
Q9BRX2,PELO,8640.331628,15807.91708,5461.238328,6391.656738,21511.80273,19403.9368,,,,8427.53119,6329.490905,7246.030309,5038.711838,7452.989258,11306.36259
Q9BRX9,WDR83,148456.0938,107360.2812,131772.0312,165944.5156,,150433.7656,71587.125,126971.0078,109722,120312.8125,,115455.5,75939.14062,80569.75,117119.3594
Q9BS16,CENPK,,6328.751465,,,1619.096191,7553.032715,,,,12226.55273,13492.11328,10641.7959,10381.76172,7808.790527,17853.53906
Q9BSC4,NOL10,5092.399819,13989.48396,4536.220293,5810.076746,12252.76861,18062.33305,2182.92065,,3522.824936,18737.37649,25821.49643,33072.73828,13901.54464,16133.00023,23943.81844
Q9BSD7,NTPCR,4336.998364,7376.165169,5510.075463,6274.78482,18068.11118,22334.0918,3836.13485,,,17282.08789,21960.76949,17195.40951,6893.222963,5334.945921,10506.12212
Q9BSF8,BTBD10,29377.24609,46924.19531,37628.98047,57597.625,44142.51953,75523.55469,58600.08984,48966.63281,34953.38281,45361.57031,55610.18359,44098.07422,48538.92969,39927.89062,42544.41797
Q9BSI4,TINF2,897.5105591,10083.35319,2299.01738,2138.760359,5240.966831,6313.510937,,,,8028.395724,11442.96899,8403.726557,8659.691091,9953.511455,21488.8313
Q9BSJ5,C17orf80,2333.045687,2101.648249,,,2183.309078,6663.507453,,,,3008.047933,1818.705703,1883.957298,2983.699951,814.0633962,6578.118878
Q9BSJ6,PIMREG,8958.69285,10230.57766,,5245.547428,10229.05723,16339.47875,,,,13797.19794,14310.77352,8685.366037,13971.95562,11626.29115,15658.4558
Q9BSJ8,ESYT1,,18713.20599,7391.730875,,24036.84929,24414.78125,,,2825.446529,41260.8149,8250.624486,27204.93359,10275.37471,10299.6952,5258.107883
Q9BSM1,PCGF1,6371.301058,17304.11891,9843.953118,11679.62293,13710.84042,14478.15085,2756.371535,,,17151.87631,51698.31305,40981.07269,35775.66671,17105.4828,51957.26033
Q9BT09,CNPY3,67675.375,,69826.79688,,,,,,,38835.83203,57347.22266,58636.77734,44633.78125,66018.80469,
Q9BTA9,WAC,3418.617895,6988.105408,3635.201043,4388.888536,5508.232018,8199.542173,,,,21038.96001,10659.44249,20343.05186,6175.394644,7692.207858,18117.64589
Q9BTC0,DIDO1,9650.573776,20916.46646,9627.408863,26866.5911,48013.18023,46097.91636,6485.280996,2754.465526,5023.457317,62388.55354,78927.78269,65842.2867,48190.24236,49277.48978,77526.04698
Q9BTC8,MTA3,8690.067171,17732.28067,10206.53943,7772.544307,15212.17843,15588.84912,1951.753579,,2472.468486,17370.16819,20629.9173,23548.27207,15935.22432,16165.29112,25091.85388
Q9BTD8,RBM42,30008.99648,56484.07422,20538.39733,6586.253876,44950.51,39049.82917,13370.82606,,11040.62894,78810.48968,77241.18415,93334.00194,55087.80483,43962.6043,78865.96969
Q9BTE7,DCUN1D5,,5552.256142,,,5940.570974,5264.844004,,,,3928.855479,3079.088367,5381.324606,5811.246206,3352.378928,4987.637702
Q9BTT4,MED10,35689.1543,42789.02776,18350.12111,,29195.04673,33030.57052,,,,48734.2835,21323.0456,32654.19269,31547.42498,28728.82699,30178.71208
Q9BTV4,TMEM43,5929.287473,20327.82559,17377.14624,,14320.48145,14583.31445,,,,37842.44531,46711.52192,24322.19177,18257.29297,10109.31836,26190.29446
Q9BTV5,FSD1,4803.251341,4673.815742,,11544.91998,25058.25792,30298.60937,,,,,3552.587422,8311.708102,3563.31568,,4646.43794
Q9BTX1,NDC1,5236.139109,13707.54361,5795.541937,7049.419726,8438.570629,15270.99048,,,,22165.87118,21071.97445,27048.72816,12664.75091,12138.16837,21681.75413
Q9BTY2,FUCA2,,,,,,,63296.13887,42505.19021,61966.95637,,,,,,
Q9BU23,LMF2,,,,,18209.53906,20089.19922,,,,26117.20508,35939.71094,31797.10156,21282.81641,,33369.68359
Q9BU64,CENPO,,,,,2794.044434,1863.85022,,,,8488.585938,6162.058594,2070.811768,6572.848633,,7572.878906
Q9BU76,C1orf35,,13862.66841,15514.39421,8459.956825,9997.994146,14302.40113,1698.072883,,,22809.35669,26278.81265,33400.80589,15597.23767,7790.68496,31159.18484
Q9BUA3,SPINDOC,9589.351389,16639.83768,,13383.20527,27429.76562,24807.78058,,,5671.744677,18431.09471,20816.41057,24424.25186,26896.13746,19384.79379,17409.30334
Q9BUF5,TUBB6,,10778.79726,6291.082425,11277.21859,33283.31314,19390.37616,,,,29562.67962,29090.15887,15516.0639,6627.902325,6082.492984,11686.35977
Q9BUJ2,HNRNPUL1,23590.73281,49646.21098,27909.23594,14497.27839,27109.46695,32947.87719,7608.22401,,6482.018424,39166.10139,48705.71638,50838.02645,32046.75887,28354.1506,44644.56772
Q9BUN8,DERL1,27522.58257,61258.56909,19076.19293,,50930.55725,64665.03878,,,,97116.47874,33435.8924,104683.6991,28915.81465,33293.87168,78997.68102
Q9BUQ8,DDX23,4809.071498,12221.53285,6682.786836,9826.40178,12437.875,14735.33709,3026.903991,,,37071.45822,48275.58678,42639.61766,20094.8482,17369.02798,26124.58906
Q9BV29,CCDC32,35638.38281,50529.80078,,56308.875,,,,,17005.04102,47046.91016,47825.46484,30182.94336,29408.68945,49643.99219,33916.53516
Q9BV38,WDR18,10095.61477,34433.86155,13767.90432,21303.4139,36724.95703,36612.90638,5076.221238,2481.532979,3286.922737,113091.8483,130577.3115,119335.9055,70273.72337,61783.30445,110816.2122
Q9BVC5,C2orf49,3634.115622,14975.26606,2749.264709,11346.06445,17075.01005,9698.871312,,,,15251.98936,13930.66333,11121.59043,1960.72288,15971.4948,15630.12733
Q9BVI0,PHF20,,,,,8759.929688,13544.78418,,,,16508.44141,10386.33105,16617.49609,19509.66406,12895.14648,
Q9BVI4,NOC4L,4888.078928,16982.90164,4012.540413,2129.224557,18392.56421,25439.22436,,,,29022.5384,34520.25394,44523.01664,25824.73479,28643.00019,40178.12941
Q9BVJ6,UTP14A,9491.50809,17656.03112,12400.25136,12202.40589,30359.91316,52555.8468,3788.323892,6260.724912,6274.254455,44758.03409,61059.21863,83145.10872,39063.94612,48244.69923,77378.37676
Q9BVK2,ALG8,7626.231445,24416.17383,8125.686523,4493.356445,12202.77441,13342.4502,3206.610596,,,23955.96094,32412.68555,18469.06836,15582.04785,22156.06055,31654.46875
Q9BVK6,TMED9,14508.67995,29454.23498,34862.60213,4330.271301,18365.0636,16290.49996,12208.55304,4753.117072,6632.588547,24659.26764,53462.69398,15200.31416,10116.53633,20094.22727,21846.38225
Q9BVL2,NUP58,7880.178263,23514.88211,9996.179805,13484.64978,17585.13332,24083.34942,,,3292.477876,30699.36856,45817.35097,31056.26205,24566.59424,27326.68371,36245.37285
Q9BVP2,GNL3,17069.14689,45136.99841,22356.90633,21228.23205,42701.52376,69358.93722,1352.488131,,,60235.2071,75066.83967,97915.07701,52360.05029,50458.43308,89260.59221
Q9BVQ7,AFG2B,,,,,4658.002441,4995.232422,,,,6629.933594,,,,,11175.74219
Q9BVS4,RIOK2,25067.72461,27488,26479.22852,25302.96484,26102.49609,18632.10938,6944.497559,,,13803.29297,21828.70312,32818.88672,25252.4375,21510.58203,21818.13281
Q9BW11,MXD3,,,,,,,,,,,,,5563.350586,2986.637207,5829.806152
Q9BW19,KIFC1,17451.80203,45165.01093,18495.35343,29456.19758,40482.23262,43530.04701,2478.380975,,2955.924871,31108.60627,47374.54245,41888.69968,49097.43573,46865.19352,73679.88065
Q9BW27,NUP85,8006.167576,29967.86615,14413.83844,10287.03735,13515.58561,18810.67014,,,,39504.5461,33119.75378,36904.56783,22044.71162,24016.49607,44260.88831
Q9BW60,ELOVL1,1867.737656,11812.65284,7238.592106,2339.698125,4009.485417,2422.572437,,,,10389.52232,13361.9358,10702.27829,3538.767247,3337.37955,11896.92294
Q9BWF3,RBM4,13453.99872,35541.1793,20417.10253,18853.4623,19779.35045,26957.82451,,,,47488.46613,60378.89698,44327.31458,43374.47843,45534.72568,55493.15548
Q9BWJ5,SF3B5,9968.715831,14912.84107,5797.499461,6871.468663,14849.48213,17464.45107,,,2281.947148,32022.69867,39394.06369,40515.32883,26886.27388,17589.63638,29703.18283
Q9BWM7,SFXN3,,,,,,14038.45605,,,,,16939.55078,15676.35938,,,13428.32129
Q9BWN1,PRR14,4918.825195,10887.74354,3914.164355,3082.371157,3057.070833,7070.544347,5942.647666,,,14042.72754,12066.55078,9215.438716,7355.752698,7593.131876,5229.681251
Q9BWP8,COLEC11,,53616.10156,49183.94531,43101.85156,38332.23047,45040.61719,6920.563477,66324.17188,39799.84375,63630.22656,25849.56836,49749.49609,,55453.0625,63779.32812
Q9BWS9,CHID1,9676.354775,31612.90419,14798.62779,,14174.28412,25640.05793,3920.45045,,,18120.94163,20333.55428,14083.39461,,10489.59919,19106.42787
Q9BWT7,CARD10,27164.8966,46236.63426,25783.13791,37765.76004,29720.87873,35654.97553,,,,32570.89633,35589.39337,29461.49352,32770.90591,44985.40452,27281.1583
Q9BWU0,SLC4A1AP,7109.691895,11920.27246,,,10147.85254,16962.25195,,,,11728.72266,8570.256836,17133.14453,10717.03418,10185.75586,10847.59375
Q9BWU1,CDK19,11262.74902,14978.85449,3932.408203,,15608.77344,15401.62891,,,,30149.07227,17844.43359,20871.88672,6674.141113,6596.132812,10589.54297
Q9BX10,GTPBP2,,2525.752197,,,4460.055664,5593.139648,,,,8670.714844,,15000.94727,,,14793.94336
Q9BX40,LSM14B,,11936.38108,8739.818537,,9524.197956,18329.22508,,,,,7477.747397,9966.349721,,10470.1302,17870.27012
Q9BXF3,CECR2,,14991.97559,,,,14422.79102,,,,40493.21875,44039.47656,,16193.90625,15010.99414,29944.375
Q9BXK1,KLF16,19256.1084,39196.23424,20088.06063,21200.47031,25319.91983,45333.60084,9088.310562,,17208.48784,43062.19004,38623.26506,50703.51482,45127.00426,40385.73303,79656.08
Q9BXL5,HEMGN,355479.8125,374435.0625,315676.2188,345810.9375,375561.9375,340066.6875,163028.125,160448.4531,152953.1875,314321.7812,290841.5625,362265.25,333523.3125,283029.375,283701.0625
Q9BXP5,SRRT,6292.081032,11717.58155,7996.968458,8458.363714,13290.69721,13810.53365,2578.993188,,1647.209877,22750.20964,28544.74764,25203.77611,14774.44176,15661.3396,22174.41614
Q9BXS6,NUSAP1,30161.03979,57974.87876,25507.66719,38584.69377,51864.59015,62306.90547,10088.33002,4010.189712,10711.77461,40888.67512,62764.34964,56711.38254,85433.05377,83626.81821,116759.1709
Q9BXW9,FANCD2,2421.307123,2810.561997,,2211.064766,3625.301778,7957.754238,,,,6788.579838,6336.944956,3864.304832,8600.218161,4540.422805,18897.84558
Q9BXX0,EMILIN2,388945.5625,416393.3125,375261.5625,,,,,205888.4844,,446251.1875,390226.375,,,413565.8125,
Q9BXY0,MAK16,5310.6614,16093.74773,20002.69634,16186.65072,15170.94927,34637.06232,11140.12826,,3419.719632,30689.43516,42042.68743,40968.27097,21933.18356,30376.19485,38932.07649
Q9BY42,RTF2,1095.788704,1599.742856,,2742.614425,7984.859863,4731.314735,,,1180.540814,1133.887096,2935.173834,2440.993246,1275.080826,1863.395069,1145.806404
Q9BY44,EIF2A,10298.72499,20700.71505,17968.27788,8500.15686,6528.466869,7879.487041,,,,11044.15396,9736.988037,9934.682714,,7795.994907,13457.20377
Q9BY77,POLDIP3,23748.3995,51143.33864,25914.50205,37915.1077,41333.22937,51537.16758,6344.761385,2904.106131,6242.342866,88015.54257,104842.9968,105348.7719,65849.91962,63231.85026,103280.2558
Q9BY89,KIAA1671,,10665.9834,,,5083.483887,,,,,10224.15625,,,3046.028809,,9694.71582
Q9BYB0,SHANK3,,65350.80469,,,70947.82031,126572.1719,,,,45359.73047,,,,,
Q9BYC5,FUT8,,242890.5312,151027.2812,144347.9219,,,,,,,,,,124078.2578,
Q9BYD2,MRPL9,,,19967.74609,19633.74023,46751.93359,12025.29395,22757.6543,,7776.78125,22869.84961,,,,,31256.80859
Q9BYD6,MRPL1,11712.37695,,5953.397949,,23434.9375,14579.07031,,,,,,7130.274902,,,11214.61133
Q9BYE4,SPRR2G,13145.36133,,,,54140.28906,34991.09375,,,,21579.81445,17732.57227,22060.79688,11630.29102,,24441.86133
Q9BYE7,PCGF6,,8542.38332,1858.420214,1786.254902,5691.821375,4854.281751,1030.570293,,,9590.864196,15389.18392,6933.716128,5955.687318,7104.562486,18193.68968
Q9BYG3,NIFK,29757.26667,55234.50765,32280.03959,36846.82576,57256.19716,105704.0542,8610.703595,4799.417064,15571.0173,71604.51333,106015.73,127809.781,69721.07053,76469.22977,121383.2984
Q9BYJ1,ALOXE3,10463.12109,,,,,5516.147461,,,,,,5315.408203,,,
Q9BYJ9,YTHDF1,9851.967527,22768.73319,8514.482937,14817.08042,13745.48702,8245.049287,,,,8232.914039,6462.579311,5089.051415,11103.68555,10643.02767,16002.80397
Q9BYK8,HELZ2,,1957.636963,,1587.526123,2064.731445,2787.262451,,,,2840.181152,2451.72998,2436.360107,3916.29834,2347.543457,4013.872559
Q9BYW2,SETD2,46805.27361,43228.05759,44265.58692,42885.75381,39578.05106,38809.67608,45471.13372,44783.75207,44315.84173,44019.74883,110919.0986,125631.365,44317.83901,38543.82843,43874.19364
Q9BZ81,MAGEB5,258550.75,271929.5625,220337.2031,294876.5,332469.0312,221361.125,296955.5312,367511.5938,303705.25,305559.1875,,309286.4375,273276.3438,263677.8125,315753.0625
Q9BZ95,NSD3,3660.165649,9969.196067,3298.446912,13450.4379,18227.92513,21718.78097,1640.622134,,1085.051039,24878.07736,30418.82597,22903.4943,19702.98424,19378.12644,28561.89797
Q9BZD4,NUF2,18778.2207,34143.83474,19080.66797,29990.87063,38111.10605,44423.3917,4458.899594,,,14085.31971,13549.10484,13147.38377,15325.08916,12832.41456,15484.37105
Q9BZE1,MRPL37,,13625.94824,12645.55859,4715.13623,10452.10156,8279.464844,,,,,9687.37793,11291.37891,,,1799.546753
Q9BZE4,GTPBP4,11976.06237,30001.34895,14889.6912,13296.96396,24433.21816,48277.91869,3664.73948,2211.939897,3527.377601,48502.42475,58903.26177,76104.81787,33742.45529,41427.8325,67285.08647
Q9BZF9,UACA,10297.45971,17428.74078,9966.575781,9992.629165,19746.80273,25263.87853,2109.101962,,,11554.62697,8441.215866,7521.984335,8391.149548,9607.1985,7664.479027
Q9BZG1,RAB34,4327.557129,,,,4335.938477,,,,,,7269.739258,4975.337891,,,
Q9BZI7,UPF3B,2513.745117,4535.343262,,,2766.307617,,,,,,,,2146.049316,,
Q9BZJ0,CRNKL1,5842.210845,15864.73334,6098.541902,7093.797405,7690.623083,12320.11415,,,,26738.12885,30022.63222,29054.97729,19235.31641,12568.87039,23457.53046
Q9BZJ8,GPR61,358956.375,437673.4375,437811.0625,369748.7188,432961.9375,393791.2812,262995.5938,333552.75,362104.3125,298402,380385.6875,466328.5,351182.1875,435145.0938,302804.875
Q9BZK7,TBL1XR1,4362.551654,2627.215958,,2590.638063,5255.254478,5488.886832,,,,7702.850778,5876.766589,3765.831218,2383.116747,3309.110616,6580.761679
Q9BZL1,UBL5,22633.38849,31377.21243,6535.270158,12703.89786,34852.27581,33263.6415,5487.3541,4570.694561,8060.700021,54663.38399,67371.5,51221.67969,30293.56369,25936.49682,50795.02344
Q9BZL4,PPP1R12C,4399.575684,,,,14261.36426,9293.319336,,,,9697.12207,6720.902344,,,,
Q9BZM5,ULBP2,13288.30859,17460.9375,14206.74023,,24023.27344,,,,,,,,,,5389.96582
Q9BZZ2,SIGLEC1,,74473.40625,44450.27734,49220.41406,56822.39844,,,,,49499.00781,92888.17969,60368.82422,52140.50391,57354.83984,39584.84766
Q9BZZ5,API5,19953.76454,43792.11766,20461.53874,21946.26581,49271.64562,45536.90625,6344.743776,3015.434231,6127.02604,60520.52404,65958.78571,63664.84886,43682.33594,42265.74126,55689.40925
Q9C005,DPY30,6595.360352,26873.75391,14502.39746,25485.22461,29418.96289,23569.38477,,,,62908.08594,80921.60938,60146.32031,63487.82031,42616.42969,55537.25391
Q9C075,KRT23,29770.27734,6176.884275,7813.719708,,5395.395415,14296.41992,17019.9884,,,5793.403102,13272.95514,5563.391628,13047.61618,6080.414423,11343.0918
Q9C086,INO80B,6176.099984,9162.9036,3994.115326,12298.16557,14359.29744,16204.19952,8375.464125,3177.237705,7668.525941,23255.29688,18373.7794,26534.68359,27849.90625,13685.11405,36231.5693
Q9C0B5,ZDHHC5,9709.009766,11932.62695,6916.037109,2822.242188,9565.678711,1708.405518,,,,19101.77539,23242.91016,8607.108398,6896.32666,3725.837402,9319.40625
Q9C0C2,TNKS1BP1,12321.31464,10847.92066,10731.31071,6558.696289,8834.813641,6338.325195,,,,3525.083321,3368.009093,2937.01099,2883.291092,2728.107214,4352.594438
Q9C0C4,SEMA4C,7317.612691,23262.28382,10128.47952,,,,,,,,,,,,
Q9C0D5,TANC1,,,,,4595.95166,7011.108887,,,,4716.194336,,,,,1969.47168
Q9C0F0,ASXL3,34023.58594,79148.65625,,54005.55469,,,,,,,,142084.4062,,112741.2656,180816.1719
Q9C0F1,CEP44,2564722,2997149,2807449,,2560777.75,2360400.25,,2005851.25,,2500156.5,2516633.25,2982939.5,2523693.5,2561489,2972863.5
Q9C0F3,ZNF436,,,,,4750.623047,3612.208252,,,,,3427.993652,3468.040039,3988.480469,3268.368164,2613.601074
Q9C0H9,SRCIN1,108623.7109,69378.4375,133713.6094,79089.10938,87628.10156,57337.85156,54179.03516,90921.53906,80989.73438,78448.57031,121374.9062,62275.15234,80526.48438,63810.03906,104800.7422
Q9C0J8,WDR33,6983.571835,13251.87014,6399.395397,14591.85883,19560.81337,22677.19536,3539.497473,,3527.579067,42001.48056,44989.22412,36428.27467,25939.35576,22554.41371,36814.75547
Q9GZL7,WDR12,3239.230106,8823.71835,3352.918124,4221.147847,8375.818862,19746.08177,,,,24677.74609,18705.40675,28148.04339,13736.16548,18324.66771,40005.87086
Q9GZN1,ACTR6,,7716.149414,,,,8860.804688,,,,9453.480469,4428.911133,,6454.724609,,9004.223633
Q9GZR1,SENP6,27641.81641,90976.28125,,,,61570.03906,,,,102854.6406,61066.69531,136086.7969,53928.44141,98958.82812,
Q9GZR2,REXO4,2246.450757,7098.905465,,2719.064105,6259.208835,7631.787225,,,,8780.4238,15320.03058,19617.13504,10536.52328,13943.55912,17969.85437
Q9GZR7,DDX24,3794.224976,8468.44945,3974.847158,4307.391225,11682.40137,21660.01145,,,,17174.39281,16005.78266,24334.24349,13757.99598,13421.40492,16141.26319
Q9GZS1,POLR1E,12907.21775,28279.02458,12783.45004,16920.91514,26296.67663,37978.10029,,2847.011611,,32055.64649,45280.30188,44307.42787,25294.02224,35511.67612,45204.01095
Q9GZS3,SKIC8,7249.228112,26137.04962,14716.75465,9883.638116,20742.32956,11940.0161,5208.500772,,2910.942705,21785.24685,20800.40205,19153.93941,8854.932702,11858.07042,13313.75106
Q9GZY6,LAT2,,,,,,4748.485352,,,,4482.972656,6556.746582,,3454.467041,6170.129395,7118.5625
Q9GZZ8,LACRT,22653.48828,,33481.45312,,,,,,41593.41406,20781.17969,21434.31641,20068.72266,26451.88281,20339.38281,30402.75781
Q9H061,TMEM126A,23643.73047,33900.79297,,,22362.77344,41036.99219,18042.88281,,,45470.75391,36971.10156,22971.58984,23564.53906,4461.802734,53612.9375
Q9H082,RAB33B,,313773.2812,,,378816.2812,,,,,437541.7188,477140.5625,409106.2188,,,
Q9H089,LSG1,390034.4062,636208.125,339875.3438,746732.625,421367.8125,495442.5,557659.125,,,690056.5,544244.75,671014.75,422800.125,439227.125,316346.7188
Q9H0A0,NAT10,15465.78848,35930.66375,18833.89668,18763.0762,33513.10577,52559.66513,4341.702228,,4546.55768,52981.71971,77406.90081,80382.3745,38264.01838,43360.39715,65070.88991
Q9H0B6,KLC2,,19698.5332,,,71721.83594,9911.93457,,,45702.59766,28347.64453,,,26481.8125,33967.97656,
Q9H0C8,ILKAP,,150274.1094,146082.6094,149384.7969,161680.0625,188365.1875,125895.3281,112291.7031,,187019.2812,157158.5469,221340.3125,159899.5625,136425.1094,165691.1719
Q9H0D6,XRN2,24413.82214,65642.95,29201.70908,36731.1617,59773.9786,75549.09106,17623.80269,5539.164268,17082.94939,88497.13387,107824.261,116294.0828,85418.25127,76039.55223,123725.7652
Q9H0E2,TOLLIP,9720.532517,7892.935971,4109.578331,2800.582913,6871.989712,6002.978785,4863.812785,3312.915582,2944.956321,3137.440477,5299.816809,3305.69244,4882.483854,,4818.253643
Q9H0E3,SAP130,,16539.69197,4193.193672,7978.587588,20706.5506,16633.2772,,,2380.230781,25315.3003,29723.84871,22843.86263,18582.65326,18416.00899,26994.5332
Q9H0E7,USP44,,,,,,,,,,24788.09375,,,,26607.75781,
Q9H0E9,BRD8,7384.829279,17133.50781,9297.791622,4749.425438,14309.27889,13848.16895,,,,17682.40689,20230.95231,23400.82209,17664.99609,14487.84607,28779.3697
Q9H0H0,INTS2,,12704.12133,3241.021318,8899.773868,7094.696947,12016.95771,,,,9868.197619,15271.12912,7789.670446,7723.646402,10070.42149,15907.97855
Q9H0H5,RACGAP1,25233.27633,62030.35157,31429.65629,20049.38544,40044.43481,46498.68102,5183.994971,,3624.521354,49313.74264,56986.09928,55230.92031,39795.25052,46159.5994,64879.87897
Q9H0L4,CSTF2T,8319.664905,11029.97155,,7741.154083,22640.41529,20031.01424,,,,36426.125,37991.26956,36042.20312,16964.76953,17299.60742,17518.69863
Q9H0R3,TMEM222,112081.4062,133811.8594,,,144320.2812,150284.2656,,,,131923.7812,128267.8516,137289.6562,141431.2188,134436.4062,141910.0312
Q9H0S4,DDX47,15748.27199,43805.07878,23118.28716,13864.57218,35465.12226,39566.04674,3809.1818,,4612.265431,46900.25547,65746.69843,76242.80419,44303.89062,50463.34074,77751.54059
Q9H0U3,MAGT1,,25069.44141,,,,24694.71875,,,,,16483.07227,25297.57812,,18025.75586,
Q9H116,GZF1,,9554.438851,6612.299847,6647.523397,3668.921487,9609.543366,,,,7704.434404,15690.04235,17935.97548,12365.10028,8900.852222,16503.66884
Q9H147,DNTTIP1,11628.8918,19900.41373,6387.607294,9070.946915,23248.30031,26843.94626,6307.000903,,,29980.52497,32435.36709,24415.5239,26429.9919,24798.67395,36251.6997
Q9H160,ING2,,7445.235352,,28593.05664,37676.59375,34478.3125,,,,33830.36328,33602.20703,39152.89844,26653.75781,37030.21484,58058.82812
Q9H1A4,ANAPC1,,12498.12648,,5541.013999,10882.47656,8196.437247,,,,16635.3961,26163.51562,11860.54182,8697.995355,12409.30503,20689.56238
Q9H1B7,IRF2BPL,19989.76193,17548.71929,,,22967.92686,23780.44176,,,,10521.48726,9289.648899,,,11715.44704,
Q9H1E3,NUCKS1,22231.66557,29193.09453,13400.49009,25867.13951,46556.17028,41125.46484,2738.285803,,9605.466584,16380.68855,18170.28749,24212.34215,17177.73797,24497.48242,43355.79967
Q9H1E5,TMX4,,,,,,,,,,7715.777832,7739.286133,,,,
Q9H204,MED28,51316.91172,49073.9472,30339.28247,33933.21389,48136.9843,42882.06094,,,,86667.76924,25419.90644,61499.77336,51051.72402,26100.4558,28565.93428
Q9H223,EHD4,10037.82985,15361.80212,6034.004229,14296.54563,36967.56796,27471.67788,9834.486731,6503.232464,,13639.30538,8155.299068,6533.287731,14404.66288,13305.45184,10574.76337
Q9H269,VPS16,,,,,24098.60547,,,,14670.40234,28335.78516,,21315.30469,,,
Q9H2D6,TRIOBP,10678.34742,19503.8149,4380.600284,11371.16019,18991.3245,19596.93048,1486.464841,,2332.494599,19937.95976,7948.39794,12132.6863,14273.18083,11902.6229,17657.96523
Q9H2F5,EPC1,8735.552714,9815.678015,6249.533529,8598.353868,9387.013469,12997.8567,2446.54919,,,19204.487,15795.3374,21783.442,10877.17712,14172.71992,17336.40095
Q9H2F9,CCDC68,67745.58594,128182.0312,117646.4688,113849.3438,103043.2656,102288.4766,,,,98671.0625,104225.125,95802.3125,120024.5156,115942.7812,100154.5625
Q9H2G2,SLK,,10660.47363,,,,,,,,,,4908.015625,,,
Q9H2G4,TSPYL2,46347.92578,129262.9844,129010.4688,122834.1797,154049.0938,117256.5234,120067.1016,101008.25,114072.1875,94760.46094,99201.74219,101325.0625,91053.07031,106572.8594,81475.73438
Q9H2H8,PPIL3,3972.522982,,10412.1732,5900.727949,7192.170935,8913.516723,,,,17558.57159,28051.01748,17137.40801,26569.059,,13217.7747
Q9H2K8,TAOK3,,6257.044922,8653.676758,,18263.81836,10680.60449,,,,,1830.628174,,5384.958984,4205.665527,3941.080811
Q9H2P0,ADNP,17357.7974,37575.56548,18024.73791,19856.86801,37931.46598,39045.892,4522.354807,,3541.00907,43991.27257,50193.62515,50274.69069,50593.21118,50398.85259,73436.33251
Q9H2U1,DHX36,2670.344919,6415.071726,1605.48835,,5213.699028,3326.778745,,,,9303.709616,7969.924141,8450.924192,4048.956038,4636.344628,7565.23129
Q9H2Y7,ZNF106,1087.82375,6723.290773,,,4151.080668,5883.920016,,,,2160.212775,7548.255371,7776.392205,7462.364381,6977.540451,11215.6447
Q9H307,PNN,26903.8664,68598.18217,31522.85507,36103.35514,55332.82562,57921.18588,8382.596842,,7201.376187,111465.5931,123390.5485,119314.3618,81984.18963,76295.24758,116614.2519
Q9H3N1,TMX1,,9986.15625,,,9063.388672,,,,,22018.88281,27121.63477,11067.61719,,,
Q9H3P2,NELFA,,,,,3794.386475,8012.134766,,,,3549.008057,,7489.522949,,,
Q9H3Q1,CDC42EP4,,,,13343.33789,16533.94336,11312.40234,,,,,,11676.10742,4970.466797,,11499.4082
Q9H3R5,CENPH,3382.54031,3262.079168,,,,7833.064657,,,,11352.21305,13029.11593,12615.92038,9114.300043,3996.336801,15761.66992
Q9H3W5,LRRN3,40151.69531,40734.14453,152538.9219,63096.71484,43438.57422,39980.15234,,49273.27344,38948.16797,33089.15234,102453.625,79746.07031,48927.81641,,58792.32422
Q9H4D0,CLSTN2,23992.75781,19901.46289,13509.33984,16690.26953,14923.1416,19241.04297,,,,14775.2793,19466.41602,,7442.40918,11346.50488,5870.071289
Q9H4G4,GLIPR2,7385.896473,11590.50213,6686.759962,10601.74232,20381.71145,20059.40471,3913.146961,1059.064841,3038.884062,15067.90662,12924.78647,14941.52384,17081.93123,11295.48508,20238.24123
Q9H4H8,FAM83D,514172.375,613951.75,515425.5551,508404.1255,469191.0875,525814.8477,89215.06328,84698.10904,73821.07893,513666.9688,564626.5315,578668.375,555799.8428,514549.1875,493144.6855
Q9H4I3,TRABD,,74784.48438,75582.5625,86012,88145.24219,,,,,86722.3125,157703.5312,104672.1719,145857.9062,121144.2188,141901.1562
Q9H4L4,SENP3,11658.53199,26641.13707,17421.04064,20319.07517,26880.20852,39633.28432,19056.79887,,8430.304197,74338.06253,94060.2137,78308.47761,42966.92573,42306.95009,78238.8928
Q9H501,ESF1,,6539.187991,2375.149552,,,6688.240128,,,,7020.682361,4565.65811,7712.12562,2764.757432,5150.173509,6009.944628
Q9H582,ZNF644,4377.408815,11294.19199,4494.409228,5618.62677,8614.248129,9790.465116,,,,13404.58687,22449.48941,14977.10268,18914.5944,13888.02648,27714.95207
Q9H583,HEATR1,5068.582162,10209.67119,6957.319156,7699.779522,11582.13081,22140.32359,2270.236178,2985.604221,3233.785191,25522.64474,40583.2233,45146.16277,16328.58212,25191.61482,37078.4884
Q9H5H4,ZNF768,4434.10254,17437.5,3825.738485,6263.315885,14534.03864,12702.08523,2650.081757,,3785.62381,19854.0517,16765.39062,9748.813192,15452.14912,7083.663837,26309.11587
Q9H5I1,SUV39H2,5234.408142,11023.70731,3492.988961,5428.691225,9105.803787,12142.59054,,,,19048.53726,25081.04269,20500.75707,12995.93121,14357.52774,25648.40627
Q9H5Q4,TFB2M,5193.574219,8287.923828,,,5645.196289,11654.37988,,,,13528.8916,6473.217285,8120.05127,3736.158203,5389.04834,19359.9707
Q9H672,ASB7,,,,1610.264132,1888.535875,1918.48451,,,,7672.168493,5963.889204,10504.32237,5537.224324,1274.00658,6561.083196
Q9H6F5,CCDC86,34354.35156,70445.20463,31542.27318,52468.71033,98455.14223,104521.2109,8030.395487,4637.765929,10931.69612,125730.2445,191306.8971,183180.8545,109239.329,131271.3045,184401.0989
Q9H6H4,REEP4,,11073.31055,,,5909.466797,6439.722656,,,,5774.479492,12310.23926,6381.766602,4757.300781,,14187.91797
Q9H6R0,DHX33,4472.813362,12172.72982,4061.7291,,5858.5146,15207.83497,,,,14260.53102,16176.64127,19145.58822,14375.57196,17497.9047,20143.16456
Q9H6R4,NOL6,7215.642641,21547.47153,6920.323961,4627.006192,19106.52611,25194.82711,2764.191012,,3160.481223,29494.8576,31040.36756,40990.13746,23662.94741,22404.28465,36575.5793
Q9H6U8,ALG9,,6540.263891,,,,3205.330224,,,,1909.266744,7402.523143,5042.712022,8122.649328,,14429.49641
Q9H6W3,RIOX1,4090.939033,8436.797761,3281.220427,5763.403306,8751.41477,16487.60362,7022.50835,1210.558092,3181.334043,21266.80568,19959.80985,19936.65795,18757.77196,6770.42891,21191.7663
Q9H6Y2,WDR55,,,,,,,,,,,,6728.584961,,,5386.295898
Q9H7B2,RPF2,10652.59572,26562.59937,10614.10362,9203.91972,15038.69736,32625.5235,,,3160.432851,35045.09779,47505.17897,78751.62159,43209.08203,42708.89305,69559
Q9H7D0,DOCK5,,8852.208008,,,,,,,,9052.270508,16429.65234,6380.355469,7223.52832,4468.343262,1696.023926
Q9H7D7,WDR26,,,16918.16016,,,,,,,,,35405.41797,,17564.90625,
Q9H7E9,C8orf33,4740.774006,3460.780676,3724.71801,2464.664869,5038.30133,7491.721047,,,,4507.180005,4606.136938,3516.521283,3648.70161,1965.957039,3444.889619
Q9H7L9,SUDS3,6410.94548,18056.26044,13199.07734,10545.69438,19212.51021,21002.39892,3943.955254,,,28639.81205,30127.39844,23155.41016,25504.77344,15408.15779,29022.03711
Q9H7N4,SCAF1,8181.615884,16396.86885,4871.331238,6834.419981,21814.28279,22828.83242,1478.088917,,,33610.06172,42827.61234,36186.23322,29046.88463,20555.71098,35904.28104
Q9H7S9,ZNF703,,53025.69531,51681.57031,41298.28906,38331.23828,41225.36328,47890.47266,45146.63672,44851.36328,37918.82812,40784.71875,41352.96094,44108.58594,43866.79297,50459.49219
Q9H7Z6,KAT8,2496.047407,5742.326433,2979.021159,3385.878648,9269.337915,9202.765101,1970.891549,,,14354.35318,22706.13937,8904.447207,4566.951284,8245.559118,24485.7241
Q9H845,ACAD9,,2647.920898,,,797.5579224,,,,,3384.307617,,,,,
Q9H8G2,CAAP1,2830.453471,12255.39063,2307.629777,,7587.248902,10350.37574,,,,25040.0962,21208.37873,17192.00127,14876.69889,12781.4435,21688.9578
Q9H8H0,NOL11,4276.74473,5760.151987,6280.295884,3833.562852,13797.29474,22636.03953,,2799.737565,,20813.94289,30727.83275,41355.32346,12501.62607,19017.12968,31972.09903
Q9H8H2,DDX31,,9430.312699,3166.183121,,10229.73969,7494.349972,,,,14308.95273,31541.54539,33224.51935,10280.59534,15824.85797,22589.91187
Q9H8M2,BRD9,5896.835938,19482.23242,,,,,,,,,,,,,14626.39746
Q9H8Y8,GORASP2,,,,,,11544.91406,,,,14695.92578,,,,9136.850586,15150.97656
Q9H910,JPT2,9306.584346,27291.05078,8125.963314,12893.79953,44864.51465,24371.90924,,,,4242.164715,2364.817622,3250.210466,,5656.944713,7923.842713
Q9H930,SP140L,,22619.97443,,,,21777.54926,,,,,61144.89769,21584.84573,25616.93435,25923.35206,
Q9H944,MED20,60429.16226,82217.44217,52668.6846,81273.36281,40948.47907,46239.02617,,,,80627.16037,76903.21068,66304.4055,44365.35981,35724.54246,51211.13177
Q9H967,WDR76,5991.733837,18550.04248,8405.372096,6958.448794,13080.29802,19115.33195,1813.405442,,730.711638,13511.90284,18637.74196,16586.56179,29472.21047,24084.42353,42461.54719
Q9H972,C14orf93,,,,,17739.47461,28952.44922,,,,42570.47266,22175.33203,,,,
Q9H981,ACTR8,,8197.232707,,,5116.949308,3834.253921,,,,10725.33928,16006.46784,11526.09274,11964.53727,7227.571001,20096.36255
Q9H9A6,LRRC40,,5986.048828,,,6516.766602,7504.307129,,,,,,2447.786377,990.4390259,,
Q9H9A7,RMI1,,15386.9716,,10250.21209,19288.86479,,,,,15684.04314,13064.89871,,16166.5024,24319.58927,27755.72388
Q9H9B1,EHMT1,4606.622509,14596.44177,4905.555732,9121.181371,15791.5213,15788.65807,,,,21911.39993,24820.45502,25046.04593,20152.87217,15324.93903,28970.60789
Q9H9B4,SFXN1,19529.17154,36133.20257,21049.08034,8997.792317,20060.82646,27525.94092,4436.423934,,,32191.72581,35644.05152,17998.45049,15570.96976,15088.07283,19085.15566
Q9H9J4,USP42,6577.624747,12064.75561,5989.79433,7156.411599,14004.32227,15750.74896,,,,18431.73438,27374.81051,27672.28649,22129.53259,23777.17557,26266.27344
Q9H9L3,ISG20L2,,20819.46094,,,15096.72461,25802.83984,,,,24058.73633,,32327.49023,15140.36523,42256.91406,49374.54297
Q9H9L4,KANSL2,8188.713867,10282.91797,8167.376953,24349.60156,22216.63867,28779.65625,5585.568848,,,31165.49219,33561.875,33916.13281,25348.22266,15699.27148,28849.74609
Q9H9Y2,RPF1,3427.925124,10548.07953,4789.287817,4045.591064,8368.00126,19241.73192,3031.793665,,,18867.49282,24372.93826,29511.76021,14924.15918,22467.84941,30138.54852
Q9H9Y6,POLR1B,,4027.08161,,4215.390756,6321.965984,8712.511606,,,,,5033.468539,8459.309103,3298.065752,4720.313958,9187.542388
Q9HAF1,MEAF6,27278.44938,58261.19404,36531.17227,42422.39466,59153.90132,67280.73711,6057.678805,,9563.74162,91734.86673,103567.6387,86916.97687,48657.65653,58479.60581,100857.9075
Q9HAJ7,SAP30L,,16565.74023,9052.495117,19775.94336,30674.9668,21696.70703,7601.978027,,6233.641113,36565.00391,45376.375,37734.60938,28055.07617,21168.6543,24681.45312
Q9HAN9,NMNAT1,13682.82661,17739.85239,15371.79358,,6393.08312,20336.76826,,,,20215.7599,18530.38639,19343.44249,18319.07524,13759.35607,16475.31723
Q9HAT1,LMAN1L,,,,,,,,5302.696777,,21408.63672,,,,,7144.221191
Q9HAU0,PLEKHA5,,3855.573486,6686.617188,2332.698975,8905.164062,7967.460449,,,,6853.550293,10141.66309,13269.44336,,,6721.996094
Q9HAU5,UPF2,4883.790913,12077.41213,,,6493.68457,6610.667857,,,,3773.834229,,5333.491213,5232.137372,5440.062683,6872.671889
Q9HAV0,GNB4,6675.995117,6334.477539,,6444.715332,11939.74805,4718.085938,,,,13141.40625,9821.606445,13925.27637,12862.63574,,
Q9HB58,SP110,6411.770739,20148.67177,,7996.753207,12162.80648,9850.412712,,,,20351.43762,26449.67011,28775.50761,13663.76068,13342.75265,21130.37329
Q9HB71,CACYBP,9688.358841,15056.31135,6975.500374,,30323.19922,50943.96875,2225.849071,,,6625.596887,13336.31351,9506.412859,10287.51627,4022.64086,
Q9HBE1,PATZ1,8391.982088,16833.03313,6595.857872,5931.555387,10278.93367,11256.12721,,,,18836.27909,26983.83509,18323.45633,16285.99731,17159.219,22071.42915
Q9HBG6,IFT122,54271.79688,128419.5859,75300.61719,109092.8359,113181.8281,127016.1719,,,,135353.0469,235661.8594,214923.4688,133034.7969,171292.4219,267822.9375
Q9HBH0,RHOF,,,,21035.08789,26059.98438,,,,,11042.19141,38108.63281,10485.07812,,4527.116211,
Q9HBI1,PARVB,,,5451.374332,4836.5036,17554.63034,17528.02913,10248.49404,11946.25955,14055.04166,14098.99666,14910.44221,,9780.066999,7876.146518,14235.90925
Q9HC21,SLC25A19,,9358.304688,,,,,,,,,,,,8626.916016,8653.556641
Q9HC35,EML4,3639.154362,12675.23704,3866.64376,4332.906314,13431.15136,8087.721546,637.9979386,,,,6573.050492,4916.866008,1100.329198,2955.581114,5116.351594
Q9HC52,CBX8,15194.5954,32274.44907,20109.1785,22250.58016,32827.4229,49077.04692,9803.701587,5497.979172,7656.390191,56780.32487,63312.97663,62933.409,44401.96683,43155.27996,59430.63218
Q9HC62,SENP2,9838.105653,20772.25461,,,15090.97197,8985.729509,,,,10003.32422,,8230.986501,10037.48992,10472.98829,10949.86015
Q9HC77,CENPJ,52742.85611,79554.39495,79070.0274,49570.35889,34354.72772,51055.85357,65328.29584,64055.39659,60692.3363,59412.73162,84081.22383,71490.21419,48673.22132,58844.20261,56424.08567
Q9HC78,ZBTB20,,5553.739134,3237.290964,6080.108575,7379.732085,9783.145314,,,,20990.36597,20689.67363,19116.463,11825.81747,10350.31537,19666.75651
Q9HC84,MUC5B,,3850.168213,88392.70312,,,,,,,,,,,,
Q9HCB6,SPON1,70684.64062,50937.03906,37375.96875,,37802.81641,46432.03125,51291.22656,,12352.61133,65492.69531,,46273.3125,59239.99609,37842.64453,
Q9HCD5,NCOA5,38575.90234,67022.3854,40979.13555,68274.86442,79802.25974,106786.2999,12337.36751,4668.432709,11245.72992,121397.443,152513.9207,146357.7726,130152.6711,145148.9545,189000.0415
Q9HCE1,MOV10,,3686.394788,,4408.301029,6015.390977,8409.761719,4493.180619,,,8721.910607,11162.36686,10125.79492,7304.111753,3331.437723,7671.643024
Q9HCE3,ZNF532,6180.415888,18279.85791,3645.580865,3527.497561,8712.164859,7332.472032,,,,16008.2974,13973.1302,6840.624687,10952.03274,6577.119835,13133.76297
Q9HCG8,CWC22,6115.11733,12288.80834,4584.203317,,10350.86348,10150.88265,,,,22712.11831,25244.14821,18557.50011,16238.46408,9684.054838,16351.35547
Q9HCI7,MSL2,,22537.8457,6393.619141,7941.919922,52905.69531,20495.89062,,,,35247.60547,57853.11719,49292.38281,40266.58203,29471.02539,49179.26562
Q9HCK8,CHD8,5647.30338,10028.98956,5451.067893,10763.51288,21381.20292,19363.47076,,,,6472.321961,12012.97005,10353.25714,10709.79514,12289.96139,18974.05952
Q9HCL2,GPAM,,,,,,,,,,,48302.77734,60788.03125,,30915.52734,59480.22656
Q9HCM4,EPB41L5,9342.067957,16930.69724,6542.013863,12678.84845,20360.66229,25269.5875,10201.92091,,,26046.66131,28778.82968,18452.26152,25341.45683,6334.241221,14611.67181
Q9HCQ5,GALNT9,54534.98047,67083.32031,,,46754.08203,66170.64062,23176.96484,,,77043.39062,62636.6875,62052.76953,43677.23828,27697.66016,38367.77344
Q9HCS7,XAB2,8737.830305,15163.79074,9672.902925,9262.881308,21195.39166,19588.37097,7146.315246,,,43543.50387,52767.79874,45085.06173,22760.60675,18853.26743,32792.75873
Q9HCU5,PREB,,42322.69141,15731.81934,,,,,,,36439.96875,45330.03906,49455.25,25738.39258,31289.92969,45251.50781
Q9HCU9,BRMS1,,21737.0332,12396.93848,7126.695312,15578.66406,21136.70703,,,,23862.12891,34806.30078,21356.57227,14690.30371,20360.22656,34248.62891
Q9HCY8,S100A14,17529.17578,10709.08183,71129.25125,12585.17415,9878.044052,24432.17383,9881.706279,15026.03639,8998.157718,8876.678787,19444.12695,15365.87852,13958.38604,15717.84278,16112.31402
Q9HD20,ATP13A1,,2817.404541,,,,,,,,1478.834106,4054.153076,3889.804932,,551.8544312,2664.194092
Q9HD33,MRPL47,4648.757324,6641.62207,,,4200.830078,,4639.717773,,,3141.800293,,994.5430908,,,
Q9HD42,CHMP1A,19541.24219,39049.57031,25140.49609,22337.11719,61070.83594,78384.44531,,,,18399.78125,17381.13477,,31347.23047,11186.61914,15802.86914
Q9HD64,,,66617.54688,65547.74219,,,52964.54688,,,,69811.02344,62260.32031,,,,
Q9HDC9,APMAP,16850.54369,23223.22214,22559.86337,11770.81797,16170.32401,26357.38753,,,,24091.99753,19962.78141,22658.20599,27209.31431,22298.27389,31825.85391
Q9NP61,ARFGAP3,4717.921921,13350.72004,8730.639273,4899.566895,12193.80257,13557.63629,,,,6700.570393,6315.323638,5776.084372,4776.868511,,7474.677213
Q9NP64,ZCCHC17,10409.99414,,,,,21496.78125,,,,,13045.51562,,24011.64062,,
Q9NP66,HMG20A,12853.38414,39397.73107,10194.65573,7348.382581,18488.93626,20121.98047,,,,41451.65233,38868.16169,39513.59286,32866.29796,26992.07776,49324.62542
Q9NP77,SSU72,,,,,19796.22266,19848.03125,,,,9610.569336,11185.74609,,,,16786.25391
Q9NP78,ABCB9,524243.375,536600.6875,607439.875,302872.0312,434429.1875,547385.1875,510238.6875,341367.8125,439658.5625,492400.125,382191.0938,525089.5625,453440.375,466203.9688,462293.875
Q9NPA0,EMC7,,8826.624023,,,,4677.600586,,,,9406.037109,,7052.203125,4653.001953,,18547.13672
Q9NPA8,ENY2,1841.831771,5004.774212,,,,5913.002148,,,,12046.85869,,10399.41732,3774.073663,,16903.61276
Q9NPD3,EXOSC4,6090.408826,11571.64466,4471.493308,3200.470719,3224.04574,23182.70535,,,,24461.68894,25858.16995,32101.57655,15836.99844,19190.65004,34417.65877
Q9NPE3,NOP10,,31332.94336,26070.60156,21461.99609,,76709.13281,,,,38964.88672,78981.875,90967.32812,,47562.01953,63432.96094
Q9NPF5,DMAP1,14154.82135,28959.01211,12753.79647,15205.11275,21332.55873,25598.07402,4639.43012,1076.086449,2595.23033,35474.45995,35760.87152,32801.14023,23305.00892,24592.62143,40782.83534
Q9NPG3,UBN1,6574.158778,13649.69727,4789.498233,,6961.830234,4939.217633,,,2496.136691,10947.69918,14193.67582,15550.19141,8550.040173,10021.41844,9719.458713
Q9NPH3,IL1RAP,7101.92114,6984.089021,2931.049017,2985.511236,4385.794032,3697.113042,109451.4804,54040.88204,113249.6423,8036.497749,6791.628604,5539.594704,6773.400064,7987.517744,4235.644117
Q9NPI1,BRD7,11457.24136,21865.9924,11523.5382,8067.371077,14636.18006,20894.34829,5212.145297,2501.191558,6209.784467,28308.641,25245.8648,29786.36671,18450.875,17635.37572,29382.85999
Q9NPJ3,ACOT13,3428.088135,,,15236.28027,26357.91211,18321.52539,,,,17904.44922,15754.74023,26067.63086,13394.50488,,
Q9NPJ6,MED4,13946.02049,24493.1531,8040.116215,13011.83833,14455.59712,10293.63512,,,,21814.59294,10235.55557,13134.71742,14035.6008,10155.15059,10217.27514
Q9NPR2,SEMA4B,126267.2291,166295.0789,140015.0215,124983.0096,178231.5012,159780.3069,142718.7005,88919.97539,83227.01872,137415.8608,143970.7369,146910.881,112497.4671,81594.62641,145892.5028
Q9NQ29,LUC7L,5312.69384,7498.361376,8938.620842,14784.82426,15908.43321,15143.42666,2666.389824,,,21297.15731,33772.55837,24435.44376,12934.19824,15585.70168,26260.97741
Q9NQ32,C11orf16,45786.39844,,49996.20703,,,121785.8984,,,,137789.9844,82077.63281,151678.1875,131838.9688,102106.5469,
Q9NQ55,,6107.29006,15025.30208,5713.115087,6756.005726,14053.70801,33353.33984,3818.708943,3525.794916,3436.266543,23214.82904,40497.29305,53337.27912,20680.1099,28360.52798,38904.52473
Q9NQG1,MANBAL,,,,,,,,,,,7360.667969,5848.896484,,,6697.140625
Q9NQG5,RPRD1B,6416.227069,27767.55926,8441.465771,6796.211202,25612.89062,7710.02054,,,,20437.59766,21594.71875,28394.77855,16406.08789,20424.94141,29794.83857
Q9NQH7,XPNPEP3,54947.23047,61444.70703,98520.10938,,58247.89844,40987.48438,36329.67578,,,31169.08008,55387.69141,40367.45312,28314.80273,31445.13477,58460.73438
Q9NQS7,INCENP,22874.07757,49251.81615,25453.10009,12746.74422,35841.63945,41501.21424,5286.492951,,4615.498746,30538.31615,42544.92578,37151.48556,44624.03734,43815.69915,65340.23233
Q9NQT4,EXOSC5,,19245.9088,9089.498229,9550.202559,28833.89075,30258.96113,,,,52397.68748,36747.60096,58130.2176,29661.79425,50367.80965,69591.24514
Q9NQT5,EXOSC3,4228.31499,17954.76313,7652.982557,7356.039357,11470.48791,15566.86151,364.899075,,1105.362264,20587.48601,42536.99238,28835.93522,18800.19039,19858.76242,47021.83622
Q9NQU5,PAK6,74376.625,,31767.3418,,112371.0391,64185.14844,103416.2969,96830.5625,190980.0781,121061.6641,65500.27734,65615.91406,72033.35938,,22445.26367
Q9NQV6,PRDM10,6842.501031,20862.84684,,,13483.45526,26804.22498,3576.017231,,,27259.03585,30209.61315,21629.045,14792.90794,17777.1933,27563.68945
Q9NQW6,ANLN,21827.89715,44890.36026,22869.3725,50409.36444,61367.4304,69510.91072,7375.286872,1397.534996,5784.814641,34035.34898,33815.04786,30980.76285,39984.48612,38604.71315,50102.10281
Q9NQX4,MYO5C,13765.52539,17409.16992,,,21132.23438,24750.07617,8118.07373,,,19749.18555,19992.81445,,39238.37891,14314.62305,
Q9NQZ2,UTP3,10583.81563,19753.67969,12504.33192,10589.67873,15785.30853,31118.21894,5371.618289,3125.150019,4202.346927,29726.28125,34800.02702,40530.42283,25122.02656,24099.47147,34928.53239
Q9NR12,PDLIM7,17645.53002,31880.14711,7641.63095,14247.10425,21950.35176,30414.78653,5065.652121,1832.432675,3605.976885,20289.3552,26909.82805,24426.2577,12295.34552,17045.13694,29321.27161
Q9NR30,DDX21,62359.23485,152066.8951,83340.00298,59331.45779,108212.8644,175484.9476,7960.052488,2371.834469,9024.020063,122369.7649,185147.9973,210314.2744,148487.662,181987.3481,289591.52
Q9NR48,ASH1L,,5447.862458,3501.261793,,2984.854316,3156.863423,,,,5171.658764,9527.095985,8564.219694,6086.594335,5535.996558,13772.82926
Q9NR56,MBNL1,7439.197754,31237.33984,10037.24815,5057.139023,14775.06641,24067.08594,4599.750977,,,19278.91992,8365.022248,35431.37891,16713.41602,21398.91016,31630.5332
Q9NR82,KCNQ5,,9784.116211,17486.16406,13093.94043,15677.81641,,,,,23474.44336,21891.47852,24894.60938,23731.92188,19292.375,23453.18164
Q9NR99,MXRA5,87106.51562,103356.4062,121670.9844,95794.14062,74984.66406,64073.15234,112262.4453,97904.0625,86998.14844,70059.4375,108794.0469,63767.36328,89645.4375,119800.0938,118439.125
Q9NRC8,SIRT7,,,,7027.997142,,6247.073329,,,,8949.29468,11219.20419,15535.15804,18674.80333,9273.607443,21519.60654
Q9NRG0,CHRAC1,3668.175112,4284.076606,3227.957943,4657.075712,6922.523129,7571.188982,,,,13281.42483,19994.26061,13557.64194,8301.589222,7004.178422,10504.13402
Q9NRG9,AAAS,4310.223284,13798.44201,4902.72168,3426.946369,5822.794828,9352.601794,1508.727885,,,20167.47793,23809.53906,20435.08403,16833.39558,14748.51471,24957.49237
Q9NRI5,DISC1,62826.40625,45630.02734,59110.92188,43315.57812,69861.97656,89892.11719,46794.14062,41833.5625,,38231.67969,45370.99219,40331.25391,34527.62109,31736.88672,35980.42969
Q9NRK6,ABCB10,110552.0938,94045.45312,119456.0469,60518.41406,95264.00781,80094.17188,103378.1953,61353.72266,76968.49219,66859.76562,64128.10156,63566.92969,74034.5625,76130.25781,66425.02344
Q9NRL2,BAZ1A,8750.197601,22289.07376,8562.842073,15340.12692,27278.31424,28768.47828,2635.109572,,2991.86125,46094.69035,61235.02111,48646.94996,32273.71663,33223.22753,59716.58332
Q9NRM0,SLC2A9,,,,17204.78711,,,14493.87012,,,,,,11579.79492,,
Q9NRP0,OSTC,16971.34375,33202.48047,20830.12109,,23918.99023,24623.96875,,,,22403.38672,26406.73633,27095.37695,12576.54688,,39853.84766
Q9NRW3,APOBEC3C,10179.53526,17881.37599,7409.124215,17006.18515,18271.7966,26538.09395,3476.966006,,3826.885148,56120.13368,62202.17395,73865.46774,31984.76456,39609.13,46757.93478
Q9NRX1,PNO1,5380.865627,13732.79204,3959.898133,4102.282939,15952.15033,21303.55909,,,2499.253112,21243.66016,20007.74337,42696.14182,15377.99292,21987.80088,31308.33184
Q9NRY2,INIP,3000.555058,9479.85836,3730.065814,,5621.638532,4551.770221,,,,16052.93325,9828.77905,11060.64838,5816.373385,5821.275939,10545.28268
Q9NRZ9,HELLS,11491.63322,30407.15154,6895.546968,5817.154614,14370.69484,13036.70864,,,,18649.5568,24785.01203,16908.90089,20677.97467,29076.58636,33852.82279
Q9NS69,TOMM22,,5154.388672,,2272.794434,,4069.612305,,,,5480.228027,2729.473877,4623.422363,,,3341.498779
Q9NS73,MBIP,,,,,5620.208008,,,,,,,6444.801758,,,4006.471191
Q9NS86,LANCL2,,12068.76172,,26008.6875,17118.50586,26526.125,,,,9842.567383,,16767.10547,20772.46484,24503.83203,24332.5332
Q9NS91,RAD18,11429.49761,25345.28206,9799.600908,12076.13628,22104.60559,26353.94062,,,,22485.1756,23001.62227,30799.43125,28033.4456,31431.34806,43689.83104
Q9NSB2,KRT84,51765.24627,12493.03079,,,34365.12335,38184.66392,27492.47554,,,29423.16394,38230.08161,,,,32992.3492
Q9NSD9,FARSB,2950.848727,16006.86612,9832.830859,1491.337615,14845.7102,7109.436446,2573.183007,,,7485.456728,6646.572035,7904.951611,4701.894878,7101.530306,11364.01281
Q9NSI2,SLX9,9113.639071,14547.23409,5458.600953,4709.129018,5961.293137,28571.07864,4477.372254,2327.399192,,28015.58958,27876.84581,45085.92578,20190.75411,20930.96319,35309.60542
Q9NSI6,BRWD1,8203.222342,15460.06528,,,18570.49905,27033.03948,,,,15798.77566,15229.03885,14823.67182,24252.89454,,34534.67624
Q9NSP4,CENPM,,18493.84766,,14666.98047,24146.61719,,,,,18550.42969,33815.15234,31873.96094,21083.52539,12405.47754,29356.55859
Q9NT22,EMILIN3,116944.5547,215955.2031,,106884.3203,189093.8594,164369.25,125248.3594,,,156873.7031,113405.2812,104999.5781,115092.5156,168224.1094,121628.375
Q9NTG1,PKDREJ,276291.9688,262538.6562,133077.5938,48466.71484,266556.6875,260906.4375,282947.4375,86824.39062,250185.2344,306372.3125,117689.9062,283243.2188,263289.75,215003.4375,216773.2969
Q9NTI5,PDS5B,10720.954,24422.35549,10430.06013,8011.950678,20897.02784,19012.44626,663.6480965,353.8171512,939.1396015,21937.36348,24753.53255,25860.93772,30922.75082,29756.46023,48494.77721
Q9NTJ3,SMC4,5146.88036,12747.43501,6984.668847,7874.141413,25420.88644,23465.00871,,,,13153.80219,15117.14064,14260.96962,15806.01552,17497.60615,29199.80296
Q9NTK5,OLA1,8902.005859,7351.738281,16834.06641,13956.70312,11579.59277,28736.37891,,,,7888.368164,,,,,12502.38086
Q9NTM9,CUTC,37224.20703,31807.12891,,40572.69141,44987.83594,33369.65234,,,,28384.98438,15700.03516,22803.99609,21049.26953,34278.67969,39175.57812
Q9NTW7,ZFP64,,8570.027344,3981.211182,4021.054932,,,,,,9900.351562,16433.15625,12095.6582,,12933.67578,21635.92383
Q9NU22,MDN1,3586.877099,11000.38894,3288.434396,6096.848395,10193.38948,10137.40037,,,,17121.51168,16815.9663,19368.68032,12140.46674,12666.47233,16886.88686
Q9NUA8,ZBTB40,1422.165235,1273.819861,,,1108.539767,1279.870946,,,,2543.354248,,2621.621484,1530.601264,1184.605563,1972.366256
Q9NUJ1,ABHD10,35861.58203,12249.53809,,,,,,,,38734.22656,,61736.72656,21035.89258,32359.82227,26965.61328
Q9NUL3,STAU2,5476.154977,17069.36438,10734.01958,3436.898178,11622.59473,6679.627215,,,,8528.693511,11678.86598,5900.104193,6462.795219,4239.809214,6033.455172
Q9NUQ6,SPATS2L,18115.98334,31215.72884,16967.94454,18115.7808,26261.27826,30994.39283,,,1815.000287,25917.57321,32214.05469,34060.88286,15888.47636,11941.21946,18973.45952
Q9NUQ8,ABCF3,,17507.51562,8607.972656,,7153.487305,5862.625977,,,,6020.629883,,,3804.05957,2920.427246,3385.873779
Q9NUX5,POT1,3042.247335,4159.629098,4137.722485,,3634.592825,10007.06916,,,,6167.984549,5614.520001,8354.233949,8737.455849,4711.062949,14743.64062
Q9NV06,DCAF13,5635.732701,13048.48563,5632.031977,7603.656577,13609.6066,26564.89106,,1253.019009,,22767.24068,31329.37121,38844.3873,17085.84713,19600.93775,29019.94727
Q9NV31,IMP3,9297.15382,17824.10218,9770.172373,7119.798784,19165.36969,44753.27744,11785.95575,2157.459675,8067.00722,39359.15331,44451.00334,49068.25822,29048.66999,24018.4528,46982.12672
Q9NV56,MRGBP,18549.08171,34853.80927,9985.867285,26536.8136,47908.13194,42976.82503,8730.155108,,,45199.06102,43958.52851,44211.72463,36479.9566,45988.44202,72521.57479
Q9NV88,INTS9,,22330.18139,3809.896806,2183.968192,10459.62118,22186.83759,,,,23618.79368,31452.95703,22938.20965,26243.73841,17935.89884,26482.70117
Q9NVA1,UQCC1,4434.248341,7141.496139,,,16705.36818,17155.23581,,,,,9959.620016,8948.416088,7529.711963,5680.672259,
Q9NVA2,SEPTIN11,10436.49958,32059.25392,16125.15709,20774.15562,40628.67459,39372.72593,6007.315817,,,32586.99103,22954.36492,24133.83039,18477.32546,10152.45478,18320.37029
Q9NVC6,MED17,37631.77063,43214.62206,23923.92947,53001.01022,28141.32574,31180.18568,,,,46041.71438,37009.07812,31769.8877,29471.57864,25568.95027,31791.37463
Q9NVD7,PARVA,11824.07816,29021.94298,18842.95025,21219.39731,37893.50704,25960.07931,,,,12927.72334,8568.631044,9727.072675,10644.90779,22723.56038,19147.19228
Q9NVF7,FBXO28,6790.312776,13293.65108,9297.19091,5583.18903,11824.10627,13593.83639,,,1307.429428,34477.13707,46728.81672,36718.9531,17259.97464,15867.74048,33929.14883
Q9NVH1,DNAJC11,,7318.078125,7539.300781,,3389.14624,3923.088623,,,,,,,,,8843.236328
Q9NVH2,INTS7,5496.380956,8461.159978,6782.423631,,12353.62265,14085.7944,,,,19429.83792,10882.08626,18587.70573,10502.68653,8362.717619,23293.11407
Q9NVI1,FANCI,2416.85428,4794.43597,2531.970977,4739.372262,9207.155362,9164.855444,,,,11892.64146,11318.67472,11853.0388,9628.363727,12113.66496,19513.06591
Q9NVI7,ATAD3A,20733.68652,47095.77559,18468.48406,7878.798444,15240.21513,18009.3503,10608.51992,,,18097.84938,9782.704712,7326.130993,8540.411765,4374.264317,8747.502764
Q9NVM9,INTS13,2840.087908,7681.647393,2005.334083,2358.460908,5145.733364,2755.199113,,,,8879.751065,9911.51362,6190.700583,4917.627003,4146.007283,6967.531262
Q9NVN8,GNL3L,10449.10062,9812.281677,5990.05104,7906.022209,9959.491421,11568.97426,,,3395.41823,25199.81224,38505.79544,34557.35592,14729.14431,4895.157339,17455.0696
Q9NVP1,DDX18,7706.784143,20247.85384,9379.959557,9673.579957,26786.74342,43492.08126,3143.20365,1061.999153,3430.739908,34914.84709,45181.14105,59426.8493,33120.36195,34147.62087,55123.68495
Q9NVR0,KLHL11,484709.3125,431398.8438,424213.25,405237.5,396770.3125,439548.7188,616562.25,504102.125,538772.8125,254050.2031,383507.8125,391622.5312,396059.625,384369.6562,356973.1875
Q9NVR2,INTS10,,11263.66591,,,8080.361928,7931.504739,,,,15792.68629,15743.2674,14245.13719,15437.83024,10020.71161,21730.36594
Q9NVS2,MRPS18A,14283.31738,14071.02734,,,10930.36523,17715.51172,,,,,,,4398.811035,,
Q9NVU7,SDAD1,7516.121098,26872.49368,14673.47562,16648.6359,15330.33433,25816.53793,,,,31812.50407,55200.55097,45994.18606,26153.82819,31369.76803,43871.62198
Q9NVV0,TMEM38B,4650.22168,17528.16797,,10509.84961,5840.774414,15909.22852,,,,15325.76562,29843.93945,24683.36523,17191.48242,21012.9043,38696.70703
Q9NVV4,MTPAP,4657.084027,13249.83589,5069.955073,5489.020396,8686.527344,11073.47656,,,,9478.665551,8597.819963,7830.315338,4252.144172,,
Q9NVV9,THAP1,,5162.44105,,5861.840957,,10612.90875,12848.37135,,,8100.689403,11746.08872,9848.455124,5869.447317,5220.711452,
Q9NVX2,NLE1,,13989.93167,11447.2662,23294.9827,34483.49609,37409.1975,,,,34565.22111,46319.06026,36323.32031,20869.2035,31286.91086,45260.98711
Q9NW13,RBM28,12770.68364,29345.12114,13227.18842,14065.03981,27600.2635,47270.41552,6295.072254,,6895.756196,42255.51007,56190.67774,62835.73069,36115.05691,41790.42349,58623.17744
Q9NW64,RBM22,19347.5997,37819.2554,15285.25419,21601.77886,36048.65393,32970.06609,9818.232416,,3628.273825,69139.3125,68204.1099,65666.25845,41438.70981,33670.33594,54363.16797
Q9NWA0,MED9,,43137.26172,73632.27344,,33004.70312,,,,,70023.45312,37074.62891,50736.60547,,42797.14062,93262.78906
Q9NWB6,ARGLU1,45759.27266,82089.33244,55413.56098,50076.1395,66553.67823,69740.05727,21557.12968,6358.518886,18321.72732,77897.0013,94217.18356,87755.86757,68303.00623,63419.15558,84270.43939
Q9NWD8,TMEM248,37170.44141,45561.45703,58405.23438,39821.73047,32593.95898,22133.93555,35978.48438,41780.23438,36659.66016,,19581.625,,32355.58984,36541.74219,41515.54297
Q9NWH9,SLTM,18625.77278,47442.20075,25524.07533,31867.12212,46589.45764,56989.8226,3408.307789,1602.684108,3471.70977,81930.8521,98890.7718,94774.26811,59475.2663,58418.82355,96181.47422
Q9NWS8,RMND1,2568.133872,4107.937457,,,,,,,,6785.754961,,4486.404218,,3447.730494,
Q9NWT1,PAK1IP1,9656.819167,24809.61377,14381.60558,19114.19988,34978.9499,43337.47984,,,,45740.784,50672.46209,73219.88588,42595.16023,43887.98409,65184.42955
Q9NWU5,MRPL22,,51279.79688,20795.72266,29050.83789,27786.67578,,,,,45194.92578,30944.41992,63934.96094,33107.12891,45901.625,31594.81445
Q9NWW5,CLN6,,5504.893555,1982.981201,4213.80957,,10532.21094,,,,8959.400391,14942.80469,6865.354004,6089.682129,6438.584961,11217.64551
Q9NWY4,HPF1,,5878.812374,7920.620066,23951.25164,43265.10729,34411.04786,,,,17389.90958,9432.315996,12386.60334,10769.40977,10857.19009,14977.76829
Q9NWZ3,IRAK4,21658.375,18125.60938,,,16098.14844,16540.12695,,,,11530.60938,,,9659.539062,10316.58203,11103.21094
Q9NX14,NDUFB11,9548.994243,25046.49837,,,22301.40132,15664.91947,,,,20717.77949,3634.224953,17845.47178,16239.99898,,17897.4645
Q9NX24,NHP2,6284.320271,19422.07562,16478.98643,7180.434357,18986.90673,27188.95071,,,,27347.57713,45621.11262,54674.80674,26019.45296,39591.80453,63257.7488
Q9NX40,OCIAD1,5703.192383,31131.20703,18728.75586,,10543.35547,8429.132812,,,,27050.76758,17115.61719,26150.95703,7877.324707,,6779.338379
Q9NX58,LYAR,10049.14213,21449.71066,10619.59322,9770.53915,30191.42798,37599.26378,3468.580345,2976.949843,4895.078398,28944.56885,33642.40527,48609.81609,27801.73066,30210.98061,45102.48608
Q9NX63,CHCHD3,10780.57208,19012.77536,15000.19317,4194.613304,9091.82827,8568.175781,3041.003827,,,12367.43761,9555.008193,8404.477049,3815.141506,2899.295163,10268.51715
Q9NX70,MED29,26779.66406,26456.86787,14060.24316,43403.01953,23533.71194,24709.99023,,,,23087.82812,20615.3125,18377.14705,16292.47266,10067.39862,12353.87609
Q9NXE4,SMPD4,8360.785135,29181.3,7762.096439,9083.073468,17917.4131,22678.11012,3673.068171,2170.89916,2862.025655,37493.31558,39461.43674,48900.34821,34030.92754,27304.68278,46258.12231
Q9NXE8,CWC25,,9436.506313,12117.76759,7739.706894,5409.064035,28880.70943,,,,43147.62115,38527.04447,27984.87499,31274.0082,40127.30548,15042.7467
Q9NXF1,TEX10,5326.144104,15630.15472,4998.472278,7094.838999,20995.17395,22829.78885,2696.41664,2142.410886,2558.966877,48456.25414,59223.70602,68590.67421,29103.9165,28189.74545,48439.88825
Q9NXH8,TOR4A,115234.4609,116756.1875,70472.07812,123521.4609,71773.44531,46133.82422,,,,84362.94531,115504.6406,86006.82812,60829.41016,104556.7656,109383.4219
Q9NXR8,ING3,9560.33828,5869.346556,6331.110909,4907.104173,11982.07144,6320.233492,,,,19563.66406,20185.37201,14959.84469,7933.646574,11231.96665,20254.39453
Q9NXS3,KLHL28,345580.4165,526857.2484,378127.2956,334279.1346,240080.932,304437.4571,366928.8444,346000.4718,318909.8171,264972.4414,431388.7305,246892.4115,347842.5985,449622.7528,317572.0717
Q9NXV6,CDKN2AIP,1302.368377,4048.593183,1730.384681,5975.075375,11911.27065,13452.11975,1746.628838,,,18654.14379,24536.54263,19909.22536,14768.07556,14233.26831,23439.35122
Q9NXW2,DNAJB12,,2885.690421,1597.627349,,634.9628484,3552.718537,,,,6729.117843,4315.663385,2022.595755,2063.950593,,2407.373944
Q9NXX6,NSMCE4A,5797.821491,17658.11896,6824.919496,11280.26312,15217.7098,12653.61255,1662.665155,,,33875.43019,21736.88807,24364.63583,22040.12935,21062.49525,34549.44945
Q9NXZ1,SAGE1,,14016.41309,,,,,,,,,19243.67188,15479.49023,5310.699707,,
Q9NY12,GAR1,27123.05057,94002.896,49865.34295,35273.25935,89841.19033,128003.5008,12271.25615,2687.651908,11319.08442,142210.9443,188983.7374,205881.9425,80041.43239,97274.42002,174750.5929
Q9NY15,STAB1,,,,,,,124144.7891,90661.51562,118427.0234,,,,,,
Q9NY61,AATF,5818.46164,22467.70508,12052.98933,9061.638945,25427.09488,36641.28906,,,1285.619454,42819.13124,37748.89034,52882.56349,25361.65358,29971.60938,46599.3157
Q9NY93,DDX56,9262.577722,25766.10174,9005.590638,8958.308957,15603.24785,38730.99455,,,4816.066726,30652.58197,46286.23868,57898.83113,26466.14396,29896.22262,49797.26054
Q9NYB0,TERF2IP,7442.26585,19593.56223,10452.09716,11769.37019,18710.63209,16013.69518,1167.731774,,,27796.06622,32342.56604,31466.83638,18854.22324,24578.45511,35781.14119
Q9NYF8,BCLAF1,6551.334461,17397.76288,5796.507918,7672.280794,14701.88503,18017.25898,1707.885973,,,42154.54935,51735.17273,50465.60078,23025.21599,18762.87674,30340.40068
Q9NYH9,UTP6,4133.31718,6317.195896,4077.647198,2310.326143,7184.900648,13485.51806,,,,15672.81812,21552.67618,22934.01654,10815.29809,11509.56744,19312.89393
Q9NYL2,MAP3K20,12706.06445,7429.338867,3654.858887,10352.95898,5497.398438,,,,,7150.348145,12762.80078,5931.062012,,,2562.348633
Q9NYP7,ELOVL5,21022.59766,51627.4375,,,,16201.9502,,,,26329.07812,24128.88867,,24350.57617,30240.65625,37878.01562
Q9NYP9,MIS18A,9195.719253,21426.33827,14260.20804,,,11429.68325,,,,,12055.02136,11146.77273,10681.38971,11145.24487,16436.02511
Q9NYV4,CDK12,,3452.481873,1647.236556,,5598.024019,5545.321572,,,,6081.381776,19350.0432,15509.73071,3168.611692,5098.653071,13112.97835
Q9NZ01,TECR,14039.74062,39890.16382,20784.87124,9825.448324,31643.45758,33785.28822,5069.37228,3564.657775,,58801.57702,64978.13526,64106.75916,48253.14909,41833.53631,58492.12214
Q9NZ45,CISD1,13781.56564,15063.32422,5311.706046,,7035.555563,7093.372866,,,3966.30026,8651.572605,9041.791429,14325.2959,7030.006417,7336.881348,13814.6123
Q9NZB2,FAM120A,8408.260971,11072.90723,5880.876465,,10323.71905,6786.474609,1925.586355,,,9785.319464,10938.18604,3186.434769,3588.999177,3623.93451,5487.31838
Q9NZC9,SMARCAL1,,9997.895508,,,11531.96582,22851.60156,,,,7939.568359,14601.13672,5566.809082,,,
Q9NZD2,GLTP,,,15811.26172,,,,,,,,,,,18801.95117,
Q9NZH6,IL37,72455.5966,33993.96845,36605.61076,,4815.010486,16807.74345,35575.11514,24030.90322,,,35369.02218,20340.80704,33008.37507,3827.362709,43928.71911
Q9NZJ7,MTCH1,15914.52832,31018.55078,12402.9594,3262.477915,9706.097823,5579.840042,2584.761186,,,10249.52083,11117.61453,16565.02718,5965.20729,4114.074382,9282.404171
Q9NZL4,HSPBP1,,10740.39355,,,,26984.47656,,,,12893.09082,,10024.54883,30508.76562,,37427.85938
Q9NZM1,MYOF,134397.375,137274.7188,65795.02344,22477.1543,,155884.5469,,,,165912.4062,61659.625,113016.5781,161369.2812,117265.9219,127710.9688
Q9NZM3,ITSN2,,21505.5625,,,,13360.03613,,,,36398.42969,,14514.58789,22266.89453,,13908.81836
Q9NZM5,NOP53,11808.31703,25730.67294,24645.54646,15564.85441,29424.13691,52888.35465,6478.483377,,17241.85522,48016.53887,54993.55113,78782.3301,37519.08226,43642.92165,63355.83263
Q9NZR1,TMOD2,21722.5625,31121.01172,24950.60156,34909.38672,14266.15234,14983.11133,32266.74023,24124.55469,34652.8125,21529.44141,29728.5625,13359.06641,25219.04883,33340.78516,25888.36328
Q9NZT1,CALML5,45779.6613,9822.449936,31559.44875,13697.65701,49745.08485,19490.02148,46830.31165,19378,48037.75528,21458.44708,35016.23624,23144.04793,34769.80661,20509.05394,26736.65292
Q9P013,CWC15,24930.80432,48315.93569,23558.48817,24573.48597,39238.88036,41570.8177,,,,82211.77478,84958.23799,72398.62802,40164.3414,39445.21522,73541.86151
Q9P016,THYN1,8102.75974,20466.6505,6920.432135,17816.29022,43669.78674,51291.83138,3690.349787,,2405.16818,51514.67647,54112.80464,44111.3498,29320.94227,26009.33542,50474.39426
Q9P035,HACD3,21964.17869,42742.63281,11203.00098,12069.69525,52773.49868,50714.08382,6672.663407,,3695.355766,68715.07061,74387.91643,68630.77785,48712.23287,32902.88381,83421.31682
Q9P0J6,MRPL36,,,,,,,49358.03906,12553.35156,40700.47656,,,,,,
Q9P0K7,RAI14,12142.16624,22029.29044,10912.93937,10776.81879,15009.33907,13509.1878,3333.679064,,,12815.84932,9115.153687,11293.45871,14146.77909,12731.10577,14249.81802
Q9P0K8,FOXJ2,,5331.449219,4497.836426,,6397.75,3152.578125,,,,,4199.634277,,,7887.251465,9547.669922
Q9P0L0,VAPA,19978.49883,60341.05106,46679.37166,24290.21953,63345.56169,59794.11328,4558.008741,,4351.654888,82375.10439,118614.2377,109029.2382,60244.32031,64134.25453,93779.72206
Q9P0L9,PKD2L1,1384945.48,1517838.807,1543516.026,1499792.874,1138184.729,1267840.051,1055327.498,1094186.494,1207988.254,1134157.19,1086312.158,1522462.391,1279637.698,1320103.308,1170933.99
Q9P0M6,MACROH2A2,47393.75634,94617.60265,58141.84603,24983.20432,50019.35126,56114.20534,2618.386277,515.1177698,2351.714856,113773.7399,155073.6955,140904.6884,84192.76645,81933.86807,141766.0507
Q9P0M9,MRPL27,8026.132812,5507.081055,8915.592773,8235.727539,8426.869141,11243.44141,,2912.486572,,7232.171875,7650.216797,3905.118652,,5151.423828,4241.099609
Q9P0T4,ZNF581,,18531.51172,4305.469727,10314.52539,16642.66406,25566.66602,,,,22606.02148,35172.46875,27682.68164,15214.42285,18004.875,26821.57422
Q9P0U3,SENP1,1071.24029,5384.467516,4393.95168,4644.006542,9789.206055,9698.413606,2162.656116,,,13950.28278,20168.40984,18707.46204,7405.687423,8855.182513,18042.35191
Q9P0U4,CXXC1,,,4178.143555,,,,,,,13367.83008,,,,,10437.6084
Q9P0V3,SH3BP4,,3121.150284,,,5217.441263,4111.496816,,,,4795.90862,6193.901012,6596.481871,4588.348835,2228.328429,3677.906868
Q9P0V9,SEPTIN10,6242.795169,13080.27931,5748.159255,12289.2506,25596.77907,27143.66034,3395.42659,860.6825381,1338.344182,29387.55195,21632.247,18848.56315,14716.99976,13512.48541,16938.33405
Q9P0W2,HMG20B,,8312.607811,8923.384721,,8882.508187,16336.54618,,,,24988.25993,23793.87082,20732.4003,18517.93268,22166.32144,25500.30952
Q9P1Z0,ZBTB4,,4751.588379,,,,,,,,8117.869141,17321.62891,5786.276855,10712.95117,,22515.23242
Q9P206,KIAA1522,,11660.97852,17215.3125,17668.59766,30724.66797,11859.81836,,,,7318.373047,12879.0791,11025.20312,6640.797852,,18635.10156
Q9P209,CEP72,628355.1875,690184.25,482659.875,514800.1875,468098.6562,584217.9375,526224.6875,425795.8125,532290.5,536646,566088.5625,495489.1875,643514.375,585364.5,397380.6562
Q9P212,PLCE1,258283.6719,253615.7812,174814.9375,102203.25,360054.875,264819.5625,287396.5,167390.5938,270832.8125,249318.3906,177802.1719,276659.9375,237553.7812,246043.9062,232832.4844
Q9P225,DNAH2,,,,,,,2764319.25,2532266.75,2340930.25,,,,,,
Q9P246,STIM2,,,,,,,,,,7684.555664,5688.41748,,,,
Q9P258,RCC2,71837.24334,140323.6347,52717.87089,72882.18487,173676.4839,202895.5305,12067.43442,3800.605553,13867.38866,89589.98522,80065.32426,88827.39398,101213.9598,98010.30313,136105.3852
Q9P270,SLAIN2,27198.16161,43240.21292,31910.48322,28793.56819,35366.37397,36400.05995,,,,22797.4944,24414.10624,20139.13093,21704.61926,25463.80997,25434.88864
Q9P273,TENM3,44224.72656,77187.19531,,,55686.21484,72166.46875,56866.55469,,52283.67969,90993.85938,,,,60203.82812,55439.15625
Q9P275,USP36,2623.581431,4269.368627,3081.490023,3997.756858,6839.162729,11852.51701,1201.171696,,,5575.216549,13267.41561,20218.6399,8776.427387,10988.27112,13865.85659
Q9P291,ARMCX1,5646.59807,12673.82395,2687.701252,5091.644828,12023.33828,13718.21713,,,,16296.79669,14289.54399,18829.67808,10770.4853,9402.949013,13938.27407
Q9P2D1,CHD7,2648.989886,3804.733874,,1854.588334,6455.16149,4851.374788,,,,7040.605533,5980.587866,8199.280525,5583.95884,2099.205191,5612.915064
Q9P2E2,KIF17,30065.05859,36789.21484,28071.71094,30499.51953,33361.87109,32325.30469,,7742.244141,12567.27246,31403.24609,37220.37891,42589.25,38092.54688,23832.43164,28533.87695
Q9P2E7,PCDH10,86401.01562,80006.21094,,,121085.1562,108837.2344,89425.60938,,,39527.18359,59846.50781,,81403.83594,77453.04688,34998.02734
Q9P2E9,RRBP1,20441.55831,46062.28812,26115.41041,7902.536758,14927.52995,9979.373302,,,,14280.48508,12349.68546,13926.51028,5895.941106,3435.933663,10151.7478
Q9P2I0,CPSF2,9295.497579,24439.33183,8430.28034,14293.89588,24388.12382,31466.4924,,3734.728141,4183.982121,66613.63816,71762.23968,65259.89453,37222.85355,33319.10583,54372.26999
Q9P2K1,CC2D2A,38056.88672,,,,,73148.29688,,,,86568.95312,,,,74957.07812,78608.51562
Q9P2K3,RCOR3,10536.44557,24932.83747,25060.05228,8151.293831,19292.71509,17612.56216,10492.45084,,,32633.72155,44783.35156,27487.26384,16605.16874,21464.2102,41414.61615
Q9P2K5,MYEF2,15626.79372,48084.65571,22222.92728,24201.0628,73984.80417,80694.64873,9029.544481,,7505.513289,136769.2959,152546.6008,151519.8257,103798.313,106855.8708,144070.4039
Q9P2M7,CGN,3935.819926,6564.701154,4332.777364,4553.7415,7799.615519,6470.421797,2846.527927,,,7314.745592,2520.695668,4207.103775,3267.616023,2759.665772,3556.075501
Q9P2N5,RBM27,11765.42373,23176.59972,8917.916345,8160.888715,17245.67995,16999.09138,704.3423013,,1198.459419,32139.48661,35379.77734,33591.29554,20607.90896,21248.42002,29020.22325
Q9P2N6,KANSL3,2548.72851,12342.63309,,6911.083647,13243.10777,10235.51926,,,,17459.75649,23865.296,21624.51815,11936.51728,8391.468504,21955.80222
Q9P2Y4,ZNF219,2086.813192,3933.017136,2407.619259,5417.114936,14804.10596,15579.66548,2845.279066,,3252.918848,9964.148468,16759.8125,11920.40916,17989.25004,16768.49357,24267.76172
Q9UBB5,MBD2,12682.53067,32912.4985,14965.16219,13614.20589,27720.64333,24714.0051,,,5147.008937,35959.79361,47056.05532,36880.53744,33532.66047,34894.47856,50165.17749
Q9UBB9,TFIP11,,5284.567383,,,,,,,,3646.791504,4785.014648,,3476.351318,5413.887207,6866.103027
Q9UBC3,DNMT3B,3479.879223,4954.425583,2077.476531,5087.407406,13307.7339,10483.84856,1393.732552,,,8057.501613,7798.745888,11285.97332,10889.358,6840.318878,19607.75773
Q9UBC9,SPRR3,20502.74675,,2922561.804,8069.713544,25799.53167,8913.837143,5859.436357,7281.295217,24128.85392,,10546.32501,5655.220608,,7161.603293,
Q9UBD5,ORC3,3999.784863,12649.43458,4228.374682,5469.696337,13488.37844,14843.80837,,,,22572.39966,19956.54427,20522.04952,12204.9808,11344.39884,19289.56675
Q9UBG3,CRNN,4655.373338,2799.908595,219350.5695,,8679.555664,2001.831217,,5322.816522,,,3425.306774,,,4871.675737,3170.906446
Q9UBI6,GNG12,14716.83496,16552.4191,15379.76034,14821.89838,34401.05679,21261.64909,4797.180345,2399.009608,3261.190287,39243.54144,65196.37957,40253.06179,9942.224369,16473.22421,24612.57487
Q9UBL3,ASH2L,3991.149137,7916.615766,4758.554379,6082.154179,7700.611814,11140.43398,,,,13060.40077,12158.12528,20284.19549,10833.85667,11396.5157,15957.30987
Q9UBM7,DHCR7,15125.4268,43956.6669,17016.0347,8162.936204,18215.39566,23373.96751,,,,29458.95578,27693.63904,37071.79373,24279.23792,26504.93749,36802.64861
Q9UBN7,HDAC6,9697.588867,,14698.36133,6857.529297,20260.77344,21731.73633,,,,4512.758789,,,,,24305.60742
Q9UBP0,SPAST,3502.736104,,,,17032.08707,13611.48264,,,,14991.95816,,11569.71348,11463.22377,,
Q9UBQ5,EIF3K,,11936.95117,,,,,,,,,1001.569702,,,,
Q9UBR4,LHX3,42839.64062,,50062.61328,36886.96875,,21447.11523,16519.31836,,35522.71875,,39720.55859,45873.99219,33444.78906,34894.71875,41832.32031
Q9UBS0,RPS6KB2,,6668.842773,12821.44824,10552.82031,9688.246094,9065.521484,,,,17028.17773,,13938.43066,,10139.45801,10156.74609
Q9UBS4,DNAJB11,11075.14616,10248.45033,10592.76413,9469.619347,8767.907869,9552.953709,,,,9938.433579,3676.691035,6623.103209,3301.936287,2729.65318,6425.861702
Q9UBU8,MORF4L1,26890.34825,55492.8125,27370.75466,23910.24144,44736.44112,55167.75429,3878.504065,,6214.94707,49441.67011,56355.24176,48376.85942,40704.3024,50854.08931,79547.0625
Q9UBU9,NXF1,16412.6703,36013.61106,15570.62692,15818.87873,21834.39339,31406.38472,7923.013423,,5086.47914,47214.77567,56683.37534,54380.39974,34237.19297,31286.88881,49227.92742
Q9UBV7,B4GALT7,5039.210938,12015.03906,6010.068359,,4278.62207,,,,,,,5026.242188,,2170.116699,
Q9UBW7,ZMYM2,5600.867153,12214.45508,4139.673676,5349.267131,8966.633816,8032.099221,,,,15760.99522,16336.08111,12258.96529,23248.55949,24750.23054,35806.21673
Q9UBX3,SLC25A10,6694.284556,13622.65363,6896.017,5333.137429,15906.85242,14436.6098,8202.589009,,3501.18159,15678.8616,10562.2966,15546.78895,8438.499818,9047.975491,16801.94001
Q9UBX7,KLK11,80864.64844,216492.1719,153697.5156,249408.1562,262331.4688,277438.0625,11421.72266,,23223.54297,222964.5,335544.6562,336088.25,287484.875,350705.375,596266.875
Q9UBZ9,REV1,,123216.5625,,60630.35156,,,,,,,,,,,
Q9UDW1,UQCR10,7280.934275,21851.66646,8655.46806,,20644.56314,32088.98321,,,,13248.57638,19145.91517,10986.13643,,9870.412567,19092.5613
Q9UDY2,TJP2,,6805.328439,3391.747573,5597.658872,6389.190809,3520.891808,2460.77538,,,5680.845286,7983.681932,2689.757146,,3634.161524,4477.171755
Q9UEE5,STK17A,,44701.20312,,57694.875,23750.49023,,40949.77344,42297.5625,46144.46875,,40930.17969,32769.42969,,43985.50781,
Q9UEG4,ZNF629,2024.558838,8886.136062,,,6607.782382,10984.47852,,,,15566.57812,9566.248047,19828.06445,14346.08398,11386.09258,14875.69036
Q9UEY8,ADD3,11702.89143,22056.56379,14205.34523,25411.49301,36220.55991,39032.85568,,,,31870.411,34268.73543,30128.97646,24421.97874,15510.52116,23999.57812
Q9UFC0,LRWD1,12202.02404,23194.71166,9919.694433,8456.871577,25761.5504,38532.55115,2567.375491,,3050.288979,40372.46007,34155.42931,53200.46364,29478.56207,32227.18892,48953.38582
Q9UFW8,CGGBP1,55138.40773,128557.0333,63471.46479,42909.21297,77728.6865,102650.8032,6871.674468,,8081.964168,69743.09843,100498.9219,86829.73855,103327.8389,102846.1122,151509.8025
Q9UG01,IFT172,,91258.57812,49487.6875,61736.45312,,,64002.01562,,,65250.75781,82354.89062,72200.625,77203.96875,77396.05469,64372.67969
Q9UGL1,KDM5B,5311.851475,8938.833638,2205.54032,,4307.3146,2484.629605,1362.469713,,,13511.35992,26736.14946,14935.13849,4082.427608,1616.257668,6209.098168
Q9UGN5,PARP2,4965.752939,5819.884797,,11043.56697,16978.21483,22202.51799,,,,15389.98492,12907.00197,18719.1266,22340.06469,23620.46265,38626.60505
Q9UGP8,SEC63,,19445.06312,4144.794811,,14430.13503,20327.11734,,,,20145.1574,16484.60878,3429.759244,17060.30383,,16924.32023
Q9UGU0,TCF20,10059.56532,20231.60726,8311.365198,8961.264233,12899.64513,15633.94661,,,,24835.17052,26961.93148,27662.34444,21153.92483,17771.33168,27030.5633
Q9UGU5,HMGXB4,,,,,,,,,,9781.18457,,12321.51562,8572.188477,,
Q9UGY1,NOL12,,,22249.6351,20919.64114,26241.53066,17349.84509,,,20408.3695,29993.42985,,52391.57607,,26889.30652,34976.43306
Q9UH17,APOBEC3B,16880.57539,28399.92807,5794.600896,14646.17675,76746.21092,71091.3759,8037.947943,,8372.018119,133670.1835,73236.10489,150713.7727,119416.0978,92244.70555,155335.511
Q9UH99,SUN2,7881.195504,13267.08406,6249.440657,5029.678927,9623.466142,11446.50065,2776.502781,2371.683938,,27747.86717,30451.9104,34520.74139,23942.82561,18419.97619,29761.17115
Q9UHA3,RSL24D1,8776.49827,18183.5345,14101.62786,15560.5142,21376.04559,57110.74425,10521.02713,,14397.43049,31625.97353,48024.7516,72293.10257,41865.87659,31128.34763,60132.29972
Q9UHB6,LIMA1,21720.28991,55512.79414,27305.92134,23715.85861,39068.90226,31250.64165,5300.360682,2429.771252,3345.927747,53981.15911,51802.15495,44485.32206,16363.30742,14248.45912,26999.8529
Q9UHB7,AFF4,16534.69628,26458.36404,9841.618561,15371.10682,17502.97342,20115.65387,,,,36208.79688,31129.19209,24909.79329,21348.49931,24368.34356,30368.69922
Q9UHB9,SRP68,1833.0475,,,3683.634207,8482.222043,2855.447407,,,,6655.243277,3799.202617,,4427.78736,,2969.902253
Q9UHD8,SEPTIN9,38259.68261,84346.60729,45139.69807,37962.82622,63432.36189,52977.99768,9222.539005,2494.664586,3762.504155,47680.64914,41326.64035,35662.7788,29344.38858,27830.91855,37377.43157
Q9UHE5,NAT8,,99801.9375,,43338.75,,,,,,,,,,,71785.32812
Q9UHE8,STEAP1,,,,,,28963.40625,23343.73438,,,,,16129.5293,,,
Q9UHF7,TRPS1,2145.626813,,1236.949951,1577.549817,2927.792147,1022.717657,,,,4847.53125,1894.057485,4667.955025,2900.648931,4376.170898,6031.731792
Q9UHG0,DCDC2,,,60960.34375,47105.6875,89848.80469,,,3031.022949,,,154163.6875,118507.5938,96505.67188,106781.6094,122645.2188
Q9UHQ9,CYB5R1,9519.787109,15242.12988,3963.929932,,20903.72656,8217.626953,,,,6790.097168,14806.67285,13732.86816,,,13952.5625
Q9UHR4,BAIAP2L1,8650.588907,20405.83421,12438.67603,26395.20576,29120.96964,35682.28047,,,,17443.56892,19701.13519,14175.34552,15656.10323,13730.78965,15587.24338
Q9UHV7,MED13,17702.78986,14298.64568,3738.336179,16768.08769,12325.30281,8421.448726,,,,15163.65733,8561.6901,10470.14306,9359.992746,6949.705215,11643.75292
Q9UHX1,PUF60,12146.21866,34009.58698,15474.97079,20903.47342,38840.81923,34436.4622,,,,34354.18021,35167.7726,31026.75323,26096.20779,22551.74456,36175.90802
Q9UI30,TRMT112,11582.84658,10580.67657,9532.435284,,15537.13911,26679.39264,,,,30092.54964,20666.00573,27701.44141,18118.91983,20204.21358,31767.39084
Q9UI32,GLS2,123348.0391,182317.9688,110638.9062,129339.8828,139648.375,158058.6719,,,,151508.3594,240575.625,246807.6875,157248.3125,169870.0156,141499.7188
Q9UI42,CPA4,78707.44038,20589.62187,27808.57812,19029.47055,16936.26347,38014.78516,32015.14398,40615.89844,39868.24609,9337.038909,52043.4853,19237.99341,38233.49219,16150.70098,23863.74609
Q9UI47,CTNNA3,,85375.0625,,153530.9688,,156724.2031,,,,,92840.26562,,,83315.66406,145946.5469
Q9UI95,MAD2L2,6040.062278,12967.74025,,,15570.48125,14930.70843,,,,11998.37067,12405.75753,12443.59446,10113.90957,8486.87418,22587.2986
Q9UIF8,BAZ2B,2067.016879,6562.426135,2272.310911,4790.307025,9368.685952,11027.80883,,,3286.333367,17559.28109,21777.37075,20680.65516,11551.25868,12048.74531,24625.80294
Q9UIF9,BAZ2A,16915.67973,36984.51833,18864.73419,23117.85899,38453.5603,44808.96945,5920.537888,,4823.754124,66306.01729,85694.63367,76993.05818,41539.63677,39424.09758,68714.10033
Q9UIG0,BAZ1B,15944.26388,36304.75696,15716.57946,29245.68629,54435.46149,70665.42613,5327.115628,1681.552074,4478.290416,69972.12554,92082.47459,94092.06341,79436.79074,83652.74165,126618.1277
Q9UIJ7,AK3,,,,,18297.97656,26080.0625,,,,,9026.382812,11227.86719,,2197.121094,
Q9UIL1,SCOC,,6699.593262,,,,,,,,6145.163086,,12565.7002,,2809.934326,
Q9UIR0,BTNL2,,,,5675.111816,,,,,,11031.14941,35847.44922,29539.01953,43535.82422,,
Q9UIS9,MBD1,21966.06508,55330.30171,27023.91421,16307.45354,23335.02594,31876.45309,4254.039961,,,43957.05907,55302.07731,51676.60866,28817.7508,34327.62976,51832.80974
Q9UIV8,SERPINB13,4858.915283,3893.548158,63099.2683,3589.376288,,,3399.563442,,,3218.238202,5463.702933,,,4457.574424,
Q9UJ04,TSPYL4,,25815.39648,13042.99609,,,,,,,,,,,,
Q9UJ70,NAGK,7937.621094,2257.066406,57954.63672,,,,,,,5991.243164,,,,,
Q9UJF2,RASAL2,1469.096086,5305.179735,2642.727655,5210.082452,3334.52608,4783.105977,,,,7683.782443,7955.995206,3234.750145,1018.634993,4302.545962,2892.671437
Q9UJS0,SLC25A13,7352.148327,23580.08013,12152.85782,13854.78685,32823.44976,26172.47154,7741.213154,,3334.629943,32805.67126,33458.11121,26909.76887,16341.1032,15481.82557,21270.72088
Q9UJU3,ZNF112,,,43868.55859,47344.44922,,,53987.25391,51730.5625,44151.90625,,,40899.91797,47665.51562,,
Q9UJU6,DBNL,,,14257.82235,7483.613518,5629.529549,,,,,,,7751.652958,,,
Q9UJV9,DDX41,2882.627772,13572.94138,2777.057329,3107.760718,8592.801895,16532.1854,,,,28235.1294,30629.07628,29177.39447,13788.26588,16837.25312,24799.83434
Q9UJX2,CDC23,4626.651918,6960.348869,3284.549573,,14911.44681,16803.41247,,,,22298.51885,18951.88612,25827.47461,15161.99194,8781.772093,17790.67519
Q9UJX3,ANAPC7,3203.382319,10591.03499,4128.172531,2712.270432,5819.732425,7248.954976,,,,14519.66273,20441.40687,18625.27239,11702.34463,15563.18096,16965.09135
Q9UJX4,ANAPC5,,5239.825256,9713.474514,6403.535023,5955.715492,5664.359015,,,,14809.53924,16750.53791,17181.96037,6647.670954,8235.263719,15383.47874
Q9UJX5,ANAPC4,,9164.778085,,6316.337267,7806.260101,,,,,10539.93941,15940.76337,4290.991928,5611.23637,4368.53814,16078.18363
Q9UJX6,ANAPC2,4987.94051,12043.38386,4315.078168,5993.748113,16364.06088,14172.53543,,,,16345.80222,21321.894,16857.08478,13003.97271,14463.64445,24501.22759
Q9UJZ1,STOML2,14358.63834,21885.71936,13231.70412,12154.66356,36111.08064,28314.47252,5927.089828,,,22107.4667,21390.05257,22248.15319,9926.053695,9081.560311,13187.1955
Q9UK28,TMEM59L,,92546.40625,31651.78125,62032.57422,,,,,,36504.10938,,129455.0859,,72699.40625,100089.7656
Q9UK33,ZNF580,8210.002158,11625.9038,4644.573087,9218.297981,11809.15039,9673.435547,,,4836.414329,10869.09596,9547.482275,7471.710051,12363.52009,12792.29632,23934.37022
Q9UK45,LSM7,46905.74946,68629.02479,50312.80913,52748.51591,72617.79347,65699.70639,,,10555.25185,141136.8625,176089.0291,150186.0737,87925.47689,85809.86088,109406.1099
Q9UK61,TASOR,4663.255451,13311.71414,5058.799652,5519.397716,8272.954846,11231.57056,,,2727.275146,16940.76811,21749.57421,18531.75409,21916.81075,20052.48199,31812.77428
Q9UKA4,AKAP11,27647.82227,15569.57812,19099.94336,,4696.480469,19757.89453,,,15475.07422,18046.11719,,16544.62695,15699.01172,17261.14453,13412.09961
Q9UKA9,PTBP2,,27268.89062,,,10349.60645,14756.6543,,,,26052.24414,29583.57617,,,,
Q9UKD2,MRTO4,12623.80977,30884.68707,18328.3363,13222.95538,31703.46639,35479.20679,5762.733544,,7994.659607,53348.5225,73517.89125,83507.57735,35150.03038,38811.21804,70199.06543
Q9UKE5,TNIK,116948.0781,77651.22656,160271.7188,156689.5469,154162.5625,126258.7344,165650.7969,197336.0469,213451.7656,136825.0938,101260.8516,111862.3125,129001.0234,126541.5781,100171.7969
Q9UKF6,CPSF3,7304.438894,12738.09828,5499.996717,6072.794946,16138.85944,17468.03122,,,1599.498734,45139.9308,42886.52808,44132.34584,22650.14599,20776.78945,29085.08809
Q9UKK6,NXT1,,,,,,,,,,9918.836914,,21194.12891,,2888.653809,
Q9UKL0,RCOR1,19658.01822,44646.60615,15957.98797,9491.18871,26627.29747,24551.14356,,,4259.08087,40122.83654,43379.30316,35070.47731,31511.13882,25606.91008,48212.61353
Q9UKL3,CASP8AP2,,,3728.920157,3047.053112,,,,,,5994.707031,7585.100586,3010.488897,3383.644162,7306.316472,7687.67627
Q9UKM9,RALY,80659.9872,165674.6369,96676.1935,165776.7788,276877.0012,252013.9286,25536.59959,10318.35836,27839.08221,438928.6565,507368.5561,464186.5615,319852.4638,300270.7368,416753.716
Q9UKN8,GTF3C4,13992.50205,23985.79879,10741.69215,15641.70459,28437.53853,26226.30273,,,1808.823013,44037.69051,46472.37178,47418.72935,34006.67928,33642.53414,53620.48298
Q9UKS6,PACSIN3,5011.420399,11874.52799,11782.21903,,6689.727979,6117.721124,,,,6561.357568,,6859.481479,,,
Q9UKS7,IKZF2,,,,,16402.61914,,,,,24004.57617,19333.17969,12329.29395,27835.95703,,
Q9UKV3,ACIN1,9358.717729,23770.56652,10589.97895,15039.4468,31024.86895,24463.25006,2060.312711,,2133.684666,60720.54183,72807.38766,62989.29123,39119.03601,37770.06946,58562.58277
Q9UKX7,NUP50,4320.926292,12046.2632,4713.448388,3335.148639,15404.31759,14330.45822,1926.366559,,,19177.40773,17709.17925,21684.02276,11572.27902,12530.34059,22449.92796
Q9UKY1,ZHX1,9471.266901,13886.55882,4895.126554,4063.636134,11135.82904,10414.54895,,,,11852.45186,12369.17536,11122.72126,8543.59184,6683.204713,12005.26723
Q9UKY7,CDV3,,3112.513227,,880.4323218,3995.331828,4885.187863,,,,,,1188.837825,1331.188105,2426.883442,
Q9UL03,INTS6,7456.046875,15999.67451,4681.90141,,12925.21509,6220.483255,,,,17792.48555,20168.55664,17911.0115,13734.60609,11749.92969,19240.91016
Q9UL16,CFAP45,,17116.64844,,16400.98438,18313.80859,27428.83789,,,,37063.51562,37969.37109,48400.00391,21012.78125,29329.42578,50909.55078
Q9UL40,ZNF346,16062.06832,40314.01953,21112.05753,13707.69872,21946.52344,26514.04038,8186.75622,,6782.446119,40016.61153,49574.43359,45361.99594,25456.49977,16372.63366,31911.14385
Q9UL54,TAOK2,59103.8125,,67579.70312,,31087.22461,52514.22266,,,,69257.07031,47378.92188,40441.69531,69305.20312,85297.03125,
Q9ULC3,RAB23,,6687.849504,,,7055.01563,7408.322839,3039.118907,,,14731.13583,14763.40028,8973.049798,6687.383404,8597.89989,7814.387143
Q9ULC4,MCTS1,,40527.22538,28093.76112,50806.85105,81091.57165,64278.86149,14279.74553,,,22245.67846,22600.73784,28604.91944,29681.54081,34325.22393,44073.74637
Q9ULD4,BRPF3,15291.66295,33771.86898,13904.80838,6359.143475,13260.81005,14744.84523,3426.719933,,,26750.85342,25012.12232,25655.01983,18368.45449,16750.84333,29793.88827
Q9ULD9,ZNF608,5397.541275,6337.568182,5904.197852,3150.071507,12913.65272,14896.40838,,,,11411.63672,15651.2397,16461.84766,13928.73577,18212.15151,22306.2207
Q9ULG1,INO80,5482.156649,10083.80239,4490.344674,6879.941354,9470.081065,15778.64072,3682.236678,,3038.495501,18214.22718,20179.34104,16800.8886,13117.07374,13874.66208,16772.03951
Q9ULH1,ASAP1,147893.0938,120549.1562,103830.25,73095.125,90583.09375,108907.6328,97138.64062,108929.9688,149059.75,101816.4531,89126.8125,140663.7031,125563.6328,75823.90625,100609.2031
Q9ULI0,ATAD2B,,4227.232758,,4153.93927,,5385.514423,,,,8077.323569,7261.588277,4930.143924,6884.730284,10627.43752,8984.729668
Q9ULJ3,ZBTB21,2954.615455,6734.485734,2815.250522,4968.966452,3050.620482,3373.480218,,,,7678.463394,7836.947266,5522.93171,4251.73054,4579.483273,8092.974837
Q9ULJ7,ANKRD50,,11368.15918,18100.00391,13541.12695,13585.52148,14947.48047,113068.5469,87707.64062,111702.8281,,,20440.42969,11738.61816,,12829.00098
Q9ULK4,MED23,52237.24283,55964.74599,25664.654,28510.62456,39699.83186,39735.54434,5756.756253,,4794.360306,67529.66112,42531.91588,46308.72958,40781.18582,32707.05556,41348.11908
Q9ULK5,VANGL2,,3283.008545,,,,,,,,9434.318359,8438.019531,5820.605957,2363.216553,2198.173828,2495.559082
Q9ULL0,KIAA1210,2286003.75,3128276.5,2874586.25,2039767.5,2715761.75,2597976.75,2909967.25,2546930.5,2987556,2578305.25,2581663,2838302,2758959.25,2899153,2856597
Q9ULL4,PLXNB3,31693.48438,46981.17188,58863.39062,43144.60938,52820.70312,42267.17188,44908.81641,40860.0625,37997.76562,33179.69922,36176.99219,37102.05859,38267.03125,43626.24219,32349.33398
Q9ULL5,PRR12,8393.269523,16123.76043,4744.497947,4546.116159,12124.27226,13034.40391,,,,22455.53387,18439.27676,18891.06885,10705.33154,8981.920355,14660.79672
Q9ULL8,SHROOM4,,24794.14453,9933.771484,9957.783203,,,18728.24023,16214.14062,18264.33594,,15557.0752,14759.31445,,31428.51172,24425.91016
Q9ULM3,YEATS2,6363.265517,18812.28711,8553.243164,5719.988469,8571.38962,17002.64628,,,,16979.96468,16130.46306,4261.485572,11395.59446,11004.99938,20091.99894
Q9ULR0,,3776.456912,9613.998324,4400.350813,4518.523945,6908.897901,7271.285494,,,,19837.51007,33910.11152,13567.1973,9163.327655,6584.983433,24865.29732
Q9ULU4,ZMYND8,14183.83385,35073.12216,16611.32327,13351.46397,27211.73398,27554.59935,2688.723847,,,40349.72618,42618.42845,44217.64045,31140.27881,23345.52138,37752.17751
Q9ULV0,MYO5B,,,,,,,,,,,,,8549.857422,9578.271484,
Q9ULV3,CIZ1,5729.844391,13951.24581,5443.573327,4930.760175,7402.318561,8764.227684,,,,11120.26782,15179.96479,13676.80342,10234.2409,7984.100412,17929.38738
Q9ULV4,CORO1C,42606.24576,103634.2048,53591.06975,34466.05937,76672.77573,66818.43655,8644.958777,5540.575397,6323.17921,83055.7216,85383.64194,85184.30983,52219.3407,44375.87193,70974.1858
Q9ULW0,TPX2,63671.71846,136207.712,63407.3886,79214.36972,123894.9888,145724.2667,6641.692991,2818.612077,8861.592283,119555.9461,162057.8942,138824.3268,139470.4905,134640.399,204925.1589
Q9ULW3,ABT1,,,,,,2515.661133,,,,,9849.478516,20895.57812,,6953.365234,14287.39062
Q9ULX9,MAFF,,10881.77312,3905.713154,11616.88391,26749.93328,16997.65253,,,,24009.04897,37271.92016,28121.39595,4781.095777,5011.353643,10473.66837
Q9UM00,TMCO1,54757.3062,78877.34962,56126.33146,54865.76191,68878.04479,65728.51402,,,21657.28176,112785.633,115275.0912,76200.29913,65626.68194,65323.98662,104577.5793
Q9UM13,ANAPC10,11934.172,15861.51786,,12746.24363,8788.223499,23734.8792,,,,24497.83354,22591.74709,24189.85348,14334.90969,10857.50117,21583.04061
Q9UM54,MYO6,,,,,6718.091797,3533.881348,,,,1588.657349,,,,,
Q9UMN6,KMT2B,5877.755728,13341.07513,4324.876119,7204.315388,12346.60283,9828.572192,1807.332927,,,15397.20508,32718.20862,22822.40414,17996.41689,15439.43637,30354.58203
Q9UMS4,PRPF19,30427.90574,72724.35734,35052.67773,33688.65166,46225.30624,53893.34934,2930.650966,2390.733228,4926.773738,151148.0401,162689.1674,158999.2394,82033.47164,64307.61504,108361.5513
Q9UMX1,SUFU,26404.80273,59228.3125,,,,6190.948242,,,,40332.50781,43192.58594,27487.50391,54744.8125,54026.07812,59424.25
Q9UMY1,NOL7,21067.32167,42802.28224,47264.68813,37392.4263,49134.95262,97274.06417,34416.33873,26448.20713,34054.28898,78837.09202,109545.869,109857.2073,84612.00126,56765.85818,107880.2022
Q9UMY4,SNX12,,14779.19531,13308.15137,,11161.8623,5770.771484,3588.754395,,,,,,,2226.085938,
Q9UMZ2,SYNRG,275994.9062,272799.9688,307995.1875,282007.6875,245179.8438,252850.1875,244914.375,292663.2188,261116.125,262339.2188,310590.9375,316041.6875,272295.9375,257436.2969,336246.4062
Q9UMZ3,PTPRQ,131553.4219,143108.4688,106730.7969,103813.9688,83873.71094,155956.9062,161875.2031,134527.25,130416.1875,128461.4141,119635.9766,132146.1406,124649.2344,131550.3125,93270.85938
Q9UN81,,,5896.404562,3981.059979,5035.823495,3459.350268,10186.79663,,,,10137.01958,2776.623536,4455.960875,1801.384662,1290.483243,12163.25377
Q9UN86,G3BP2,12480.5096,23208.761,10276.11157,13883.88436,18397.122,13006.71226,,1516.527852,,16759.65445,11026.12194,11746.04415,7305.246815,7258.62604,8412.87918
Q9UNE7,STUB1,,,,7946.441406,11377.3916,,,,,12443.19043,,18879.88086,,,
Q9UNF1,MAGED2,11255.74534,11003.53659,8276.790254,21360.47247,20247.11064,30190.01555,34271.17499,2581.017419,6681.665997,34073.83665,29197.43456,14752.94389,14492.36008,3948.622037,12933.75799
Q9UNL2,SSR3,19031.08594,64753.43359,41127.86719,6419.841797,24145.9375,22123.81641,,,,22014.31641,53521.75,35953.375,22314.19141,17550.68164,22490.84766
Q9UNL4,ING4,,20056.21484,,20572.23828,15448.22168,23751.99023,,,,23916.44531,33079.07812,32795,,19185.78125,25749.87695
Q9UNN5,FAF1,,56911.26953,28580.42969,,55578.18359,49570.15625,,,,52008.59766,,60589.35547,34690.4375,66724.04688,91821.04688
Q9UNP9,PPIE,7596.89422,11651.00998,5209.778523,6486.995448,11156.26401,18964.46253,4050.920644,,,34221.11117,23453.89662,31393.44539,12066.2147,11985.9807,14670.69847
Q9UNQ2,DIMT1,9311.823025,28112.90568,12960.23799,9499.177719,19259.02862,27411.88445,,,5801.531844,30291.35081,40982.71985,44830.26703,33148.27624,27927.02875,45334.39233
Q9UNW9,NOVA2,1965.414643,3851.823914,,,,2769.819863,,,,3531.291667,9426.871906,2899.601222,2783.913564,,3874.116664
Q9UNX4,WDR3,4378.041277,12532.74022,4751.737294,5365.669052,11464.30409,21272.86575,,,2009.09997,24483.38501,29102.49592,39648.16406,20389.00794,20048.37891,31919.27163
Q9UNY4,TTF2,5217.580464,9996.499789,4571.152636,6116.627923,13339.94841,12185.80951,,,,13372.88839,9955.080261,12602.75515,16402.97921,15259.37043,20874.70523
Q9UNZ2,NSFL1C,,,,,8940.761719,,,,,,,42870.98828,,,
Q9UNZ5,C19orf53,25256.271,40338.72345,33630.28623,40906.82785,41950.55512,50507.92438,21407.98141,19618.10588,23271.42397,58550.32377,74493.07423,92874.7384,79761.34453,81053.33575,94967.88077
Q9UPN3,MACF1,1683.944098,4527.189699,1087.137026,1707.202005,7013.46346,5706.389763,536.4480263,,498.2280113,9149.960427,4084.24699,3316.871154,2232.809159,1969.370558,3897.726684
Q9UPN6,SCAF8,,7723.078125,,5671.759343,8550.516849,5844.60683,,,,6039.184861,15832.11279,12219.68602,5009.263184,6098.242294,11548.68112
Q9UPN9,TRIM33,5309.170135,13418.64551,5532.087999,11895.10076,8924.022258,15405.13605,,,,8666.452761,8931.38351,11254.16498,9040.520842,6426.413963,8405.313176
Q9UPP1,PHF8,4780.285095,20130.5919,6237.798041,7264.834453,14450.89611,18027.23809,,,2688.317429,24204.25857,24804.58737,30593.68452,14696.25681,17863.13303,25783.36982
Q9UPQ0,LIMCH1,,,7432.306641,,,,,,,9333.295898,,,5337.592773,,10180.77051
Q9UPT8,ZC3H4,11133.26746,16417.89509,,6888.716888,11742.40888,8518.436659,,,,9988.841123,9407.336167,10853.87061,9158.777644,11578.18122,19767.46246
Q9UPT9,USP22,11745.46039,21197.74626,,12718.01433,8781.047074,10019.16841,,,,20644.95767,18951.57951,14461.37751,8069.391602,16781.05823,14844.46445
Q9UPU5,USP24,95889.70312,74515.34375,55417.82031,15836.99512,56596.08594,51548.88281,83638.35156,24723.87695,69346.71094,65057.54688,63479.94531,69256.96094,93849.57812,67442.95312,64272.69922
Q9UPW6,SATB2,3890.384713,9501.240176,6227.558288,,12592.74673,5621.52167,,,,18445.05273,25688.10938,17677.73681,6661.951785,8540.656923,13195.7852
Q9UQ13,SHOC2,2175.453164,4258.551275,3004.158626,,6833.906105,14678.18969,,,,2819.19682,9436.09794,4782.248853,4696.566927,6617.844854,6940.318716
Q9UQ35,SRRM2,5496.396812,16905.74983,7309.942262,8832.811763,14324.45852,12393.45433,3135.544476,,,37122.01094,44519.19334,43187.56731,16902.44439,14094.32297,17885.4608
Q9UQ80,PA2G4,27470.61684,58917.0629,38501.03996,41290.60799,70480.50972,62875.35857,4665.383915,4095.270761,1642.364866,45134.9469,41857.09571,35729.41071,24444.56909,23978.14996,30226.52447
Q9UQ84,EXO1,,15818.35645,8290.857422,,11429.06641,15041.12305,,,,,27734.07812,,,17401.58984,
Q9UQ90,SPG7,25558.50391,34385.72135,6058.045105,14124.17578,25349.02747,16750.32258,,,,25020.4886,9453.302376,9255.461394,15369.52772,,8412.49469
Q9UQB8,BAIAP2,16712.80981,29953.85454,8341.654658,6441.112246,20120.91448,17331.17818,2608.697838,,,8211.998973,8832.411125,7174.943853,10582.00548,8477.413763,13897.38302
Q9UQC2,GAB2,291252,299362.8125,243191.2188,241616.6875,221061.2812,273636,25056.99219,16595.81641,24469.50781,284519.4688,271932,231354.6094,256866.375,240663.2969,253278.3281
Q9UQE7,SMC3,27821.04506,57527.65269,27419.32462,37150.8933,67703.91398,71784.73738,5342.730351,2429.085038,4287.717968,67490.83842,76373.12354,64387.25053,67152.11768,64515.25314,92885.52827
Q9UQN3,CHMP2B,,,22768.04102,16411.33008,26125.37695,21792.66992,,,,,,,,,13893.80469
Q9UQR0,SCML2,1076.430106,3998.113416,2911.619903,4190.745198,7969.43804,8358.492971,,,,8013.129385,12374.64822,11844.72407,6560.225413,6617.293784,16032.7702
Q9UQR1,ZNF148,7474.722228,17654.26728,8569.463686,14121.62904,28298.47957,22716.99949,2089.922106,,,33677.86216,37311.60184,28333.2906,24932.0463,17423.42847,26622.66114
Q9UQV4,LAMP3,34649.05078,20680.04492,16504.89258,27736.50391,19553.38086,26735.21875,28495.71484,19832.26367,,22080.99609,26839.25586,30185.05078,27184.26367,20256.48633,28518.2793
Q9Y221,NIP7,3309.665906,13970.59947,4285.74118,4464.293759,8487.811316,19247.89984,,,,19416.65195,13409.88895,32640.4504,17882.25986,18951.7888,27338.96875
Q9Y224,RTRAF,12968.25899,31686.19473,14680.36618,16395.02479,42416.61647,43275.36806,3599.194574,,,48116.78739,53275.70535,51206.3356,33783.90336,35104.72644,49870.95268
Q9Y230,RUVBL2,42744.8305,84834.85282,34615.94092,41252.32713,72292.8963,72299.66715,7448.025386,3422.932513,6435.180306,115292.4975,123573.4652,104046.0067,87693.85442,80279.69881,136686.667
Q9Y232,CDYL,2725.286035,13849.08317,6679.687799,12793.34678,18573.8649,16714.55439,1688.134261,,,22014.17339,31857.88145,30331.95816,21313.50441,19349.67127,31069.53511
Q9Y237,PIN4,14642.29013,18709.09675,11823.72478,20802.74053,46073.38034,51664.12205,8244.440146,,,23622.56005,18434.50045,24660.88918,25036.81108,21106.08106,33187.67465
Q9Y252,RNF6,3534.696133,9857.750191,2560.148726,1932.897314,3476.988064,,,,,4464.963379,9930.424266,8074.841797,7650.128906,11530.0332,15888.57324
Q9Y262,EIF3L,,7105.331357,12522.54551,,,4564.027844,,,,9253.31168,3776.620376,5393.910039,,1984.910445,2295.265741
Q9Y263,PLAA,,,10134.00488,,5541.176758,,,,,,19790.52734,5724.270508,6291.211914,,
Q9Y265,RUVBL1,27608.82182,52748.92948,20738.13397,17838.17364,46066.46193,44694.01651,5184.721349,1146.950525,2801.554806,73837.26393,69237.55347,74304.62767,48849.37669,49872.93144,85618.60167
Q9Y276,BCS1L,,10470.49805,,,,11574.58984,,,,,,,,,
Q9Y277,VDAC3,17791.47247,50860.89861,20738.65967,32777.22051,61828.96069,59542.46748,11347.20625,,9921.210934,63017.7158,57556.74587,60357.25944,39264.39367,24725.73897,47241.65522
Q9Y285,FARSA,6264.484863,22536.26953,,11800.05957,20720.64258,18091.97656,,,3988.749756,8555.605469,,17835.45312,12968.1084,,21807.47656
Q9Y294,ASF1A,10898.27246,19117.38086,,,21365.64453,19590.51758,3888.350342,,,10722.49512,4591.415039,10646.39258,,7048.541992,13485.87598
Q9Y295,DRG1,18591.67911,25721.06194,19919.35446,,16072.42256,17833.32642,,,3041.720476,17520.92035,11621.12337,15221.30076,10306.3506,5941.193533,14072.94785
Q9Y2A7,NCKAP1,11394.62697,26896.7807,18696.64423,8937.675526,38232.6875,34803.48489,,,2769.331427,20379.26336,10561.7335,17706.24649,8790.879201,10237.24179,13672.52136
Q9Y2D5,,2412.901936,4869.388799,3620.028087,11258.3864,32126.34703,16995.94438,2975.547093,,2463.642219,31242.95312,19552.39519,22625.59375,12944.98185,10422.0084,19962.92211
Q9Y2F5,ICE1,,5540.374467,5038.943354,9436.379243,6223.749705,6211.639454,,4577.992639,4714.22669,19367.41515,16192.3867,12673.052,11065.64763,9279.877454,18384.48875
Q9Y2K1,ZBTB1,,10372.34806,3659.003567,2659.363882,1916.722628,2000.324124,,,,10195.93887,4926.165039,6668.814453,1968.071777,4320.83703,5274.409668
Q9Y2K7,KDM2A,10371.28113,28254.96602,12233.75821,10197.80509,18900.13812,30977.92965,,,,28931.46828,36574.95874,31747.42418,27240.28565,38519.91615,55560.88228
Q9Y2L1,DIS3,,7980.110397,4784.62631,9169.18608,20686.2531,15253.03706,3519.394782,,,7120.889041,9269.451088,9007.36814,,,
Q9Y2P4,SLC27A6,169165.9844,154274.9531,118202.2812,143596.6562,170608.1094,153509.5,,,,135989.8125,167415.5938,205057.9375,160585.75,137941.5,184896.9375
Q9Y2P8,RCL1,6908.00791,33682.53015,13125.06919,10761.81733,23476.46484,48836.53221,,,,50092.17928,64821.2396,93505.46171,41346.9347,53532.74716,77047.55978
Q9Y2R4,DDX52,4154.104104,6947.876244,3706.861985,3468.853084,9620.73351,17382.5982,,,,19439.73269,26184.43248,38471.99462,20785.39519,18461.2534,27143.08874
Q9Y2R5,MRPS17,7531.85498,7246.669922,,,6819.266602,2821.897461,,,,3322.293701,,,,2307.19043,
Q9Y2R9,MRPS7,,3699.042236,,,,2017.926025,2184.625977,,,2461.679443,2833.200928,,,,
Q9Y2U8,LEMD3,13829.87635,33220.80841,15049.36525,11544.99657,25631.41615,31121.3232,6841.411111,,,46253.00725,57862.81006,43128.24649,29990.53423,30828.96425,52233.75352
Q9Y2W1,THRAP3,14866.57426,31330.46189,18758.25589,25561.8237,43232.05931,33087.10453,6056.727059,4756.492365,7144.088216,92150.67074,104538.5823,103282.3359,49544.24694,52477.77705,75555.11963
Q9Y2W2,WBP11,32353.96054,52242.05294,24501.65966,37052.83568,65971.84802,56137.17188,10534.41378,,14440.75957,89771.29917,90270.95221,79023.6488,55609.71509,44623.90244,66840.09816
Q9Y2X0,MED16,41621.17743,44404.89676,21859.94862,50075.01553,34841.94446,33806.47877,,,,51649.14872,37522.77932,31684.32598,29363.17598,27514.33262,33837.62885
Q9Y2X3,NOP58,10825.1154,33293.53133,10811.07948,11485.03685,32327.69474,51659.4223,2050.592431,,2425.682242,38115.17463,49685.7405,81765.06402,28039.79698,35720.78198,55594.34108
Q9Y2X9,ZNF281,7438.695981,26254.842,11701.44009,9085.999688,16864.96727,14397.97543,2899.592267,,1865.220326,24231.46846,36177.45003,24318.74848,16015.03988,15757.84496,26285.16035
Q9Y2Y9,KLF13,5204.923957,14360.41912,10072.43659,5006.98239,13507.03991,13274.76841,,,,23568.95263,23069.05172,23291.88369,14955.15579,18645.29817,30553.68359
Q9Y2Z4,YARS2,8270.524882,15735.71939,6307.245203,3524.91303,18634.75857,13232.43252,,,,10693.69316,6459.897152,5083.455808,4573.040106,2990.998928,8577.48654
Q9Y305,ACOT9,,7945.959961,,,15097.08008,4268.561523,,,,5634.136719,,,,,
Q9Y314,NOSIP,16031.55373,24871.12979,8185.654455,4058.380862,12238.51187,16441.92872,,,,13222.1158,9919.875618,8928.255589,6095.156937,8668.698618,7991.07824
Q9Y320,TMX2,,7148.648926,,,,,,,,4099.210449,,,,,14397.29492
Q9Y324,FCF1,18653.96304,33709.38658,16376.8658,21687.54688,24517.7995,46776.10938,,,6215.153595,38030.09375,69002.35416,75862.67617,43045.72656,45274.10132,68900.85938
Q9Y333,LSM2,17938.11421,37831.77952,29052.71618,20083.55794,46512.32387,34932.38196,,2567.46034,,99537.91705,100905.0866,75881.25,45906.73417,46411.30328,69292.52344
Q9Y383,LUC7L2,7134.009692,14042.75754,10566.98664,11552.34286,23756.7304,27092.66523,,,,15280.88477,20679.94016,13307.7377,12039.88396,12677.16506,15676.60778
Q9Y388,RBMX2,,,,,14520.30078,17482.0293,,,,24906.58203,,31082.87109,12406.18945,,25841.79688
Q9Y399,MRPS2,,27499.7168,,,12444.15137,,,,,,,,10601.49902,11989.5957,16261.17969
Q9Y3A2,UTP11,12973.30761,23248.07458,20310.47852,13728.82287,20743.68083,50444.56567,14200.14771,5232.013292,23144.67668,31072.26646,34926.80261,67684.40232,41905.68709,46189.53906,57989.94158
Q9Y3A3,MOB4,14346.41016,,19861.25977,,,,,,,,,,,,
Q9Y3A4,RRP7A,14183.19101,20428.10359,7578.438252,,21079.71848,26767.95771,12071.87446,,10969.35394,25510.83461,18982.68532,27268.50504,24598.36586,13954.36121,29824.83358
Q9Y3A5,SBDS,30027.07671,63165.06934,43682.93268,8886.630523,17147.92981,13344.60272,2576.193178,,,4298.804876,3345.992827,2836.889893,3947.787582,3624.349474,3662.701143
Q9Y3B2,EXOSC1,3867.63517,13733.51758,6159.66557,3608.988644,13339.54168,18629.748,,,,33642.08019,25337.83203,26347.14605,21992.10229,19796.02382,40644.07473
Q9Y3B3,TMED7,,,11044.92578,43407.85547,,,,,,7682.07373,,12891.95605,2114.74292,,
Q9Y3B4,SF3B6,27732.81288,55284.0983,24270.71199,29814.3655,60295.2754,56343.60296,11158.31574,,9715.106453,105765.8737,95592.39334,114860.289,63342.1041,54620.20918,80893.62868
Q9Y3B9,RRP15,7002.084818,13452.96823,5760.814558,8476.143288,19925.39122,32630.84414,,,2096.398717,27091.6083,36303.05912,38067.41098,20241.39172,24773.40902,38241.50522
Q9Y3C1,NOP16,23868.7294,30793.9764,28795.51673,29672.73106,37853.24979,45766.01699,19898.83984,17635.81511,27037.54905,42724.38281,50208.25781,68364.73001,44716.04333,43386.33015,68024.59107
Q9Y3C6,PPIL1,20835.46649,23138.09766,17113.98498,13151.60099,19631.56837,26690.84788,,,,49942.73043,59401.7448,39149.44663,23874.90658,27087.48047,39656.60547
Q9Y3C7,MED31,13965.38924,13816.47814,11183.23913,19660.57124,15331.90258,17579.6718,,,,32612.19392,17863.95039,19797.88556,14261.30324,11564.97551,20394.92154
Q9Y3D9,MRPS23,3990.408691,8215.375,2308.44458,,12203.0127,11419.78809,,,,14375.2793,6658.793945,6702.576172,4625.155273,6525.552734,
Q9Y3E0,GOLT1B,,,,,,,397156.2812,372239.5,401530.2188,,,,,,
Q9Y3E1,HDGFL3,114198.467,213533.5551,135448.4908,107767.8281,195728.7494,209050.0141,10484.59658,8133.139912,10752.00409,183937.3438,239389.0809,216753.8973,154495.1094,184116.3267,298941.0008
Q9Y3F4,STRAP,26538.10938,25368.58008,21398.91797,,28192.11719,21668.02344,,,,6876.963867,21715.36133,,9672.427734,,9802.089844
Q9Y3I0,RTCB,18566.17498,43718.84715,21003.58274,25172.18141,56698.22817,59751.53839,6113.117529,2603.692693,5893.34856,61827.63355,67724.52024,67573.35014,49139.81868,45103.24019,63629.00712
Q9Y3L5,RAP2C,11760.55371,29157.52344,23535.74219,13716.99414,35900.41016,27727.43164,2998.237061,,,28522.01172,30197.29688,19731.42578,20181.98633,,21470.61719
Q9Y3Q3,TMED3,,,7250.899902,,,,,,,,,,,,11897.7334
Q9Y3R0,GRIP1,24674.62375,23381.77435,18371.1736,21650.8212,22412.42876,,24378.95842,23407.90169,26803.59256,19815.15226,17063.39229,19261.70604,34519.59872,34656.73767,18015.22852
Q9Y3T9,NOC2L,6015.220151,20847.03475,7251.157598,7213.457875,16437.25593,32852.29732,913.7816343,,,32206.55192,43028.46159,54613.6035,27386.53949,29078.93803,48782.77042
Q9Y3U8,RPL36,193662.9529,226036.125,132554.5116,93346.42969,132410.9075,168433.4888,77846.31636,9728.230181,23187.25529,221845.2926,173359.9844,230727.8664,145188.7484,96308.93569,174188.7547
Q9Y3X0,CCDC9,19932.97516,48018.65918,9137.825064,5278.323833,11448.80841,14408.4502,,,,40689.24232,23320.79289,17572.07485,6349.601386,13789.9425,19703.55022
Q9Y3Y2,CHTOP,24475.6744,45336.21153,28407.89179,27100.58416,50322.28946,51698.77686,10649.51416,4998.071555,9221.032324,96621.03251,119688.8095,109882.5231,58750.54304,54317.25737,85768.72117
Q9Y3Z3,SAMHD1,240264.0312,278953.7188,249127.7656,201751.7812,251975.1875,270747.25,728382.0625,588161.4375,760433.3125,242581.1562,238019,279293.1562,235043.1406,251317.1719,233366.875
Q9Y421,FAM32A,72137.33389,86743.49885,56880.20165,61707.51341,60900.68677,70162.61588,71886.25523,42414.6845,60523.07529,94971.9375,89532.88707,72282.24698,98851.44668,60626.67444,74667.08187
Q9Y446,PKP3,,6666.791016,48592.32812,,,,,,,,,6099.130713,,,
Q9Y448,KNSTRN,12290.86621,50397.21875,,21041.22656,24632.20703,27483.94922,,,,22583.95508,21459.32812,21252.54492,36241.73438,17009.25391,46208.30469
Q9Y450,HBS1L,10578.31641,15892.87207,18322.35938,16602.39062,15108.25,25881.85547,20467.95703,24087.57422,21030.82422,16204.90137,19698.51953,20411.9668,17418.4375,17781.5332,12627.55273
Q9Y462,ZNF711,,7481.949219,,,,,,,,6437.092285,7645.180664,3846.435547,4407.610352,6250.338379,6713.737305
Q9Y483,MTF2,7421.185429,13241.73338,5624.4672,11612.90835,21449.79785,23951.69509,2354.483942,,1846.876149,26011.73415,30570.94793,32828.57293,21982.59524,22435.89957,31837.54426
Q9Y490,TLN1,6199.761894,10746.49737,6372.666541,5461.153004,17363.29552,16988.68513,2681.170305,2784.098285,2776.540069,11787.53601,5086.907049,12750.49635,10873.33527,6293.131554,6737.949247
Q9Y4A0,JRKL,6348.863247,,,,11599.25748,7571.54567,,,,28515.43158,9321.404236,16043.91985,,7550.261813,9631.843823
Q9Y4A5,TRRAP,21044.87091,29232.58793,10576.89867,14820.63259,23791.04018,21645.0792,,,,33513.108,32126.33144,28806.442,25037.85101,23165.83676,32508.38647
Q9Y4B5,MTCL1,,2668.684326,,3703.479492,5635.678711,1639.927124,,,,6298.741699,2396.960693,1207.905396,3982.753662,6381.105469,6521.272949
Q9Y4C8,RBM19,,6180.656811,,,3010.869351,5672.99995,,,,4747.747204,4612.818405,6672.243792,2962.236301,4653.150701,9681.821978
Q9Y4E5,ZNF451,3399.408065,10818.05188,,7984.75031,11168.62838,10909.82723,,,,16497.75977,6103.769715,10504.63692,8393.494141,11764.64371,6641.204135
Q9Y4I1,MYO5A,89101.57812,83956.25,62373.73438,,,81566.94531,,,,67993.17969,88646.94531,77731.0625,76624.92188,80078.54688,89534.92188
Q9Y4P3,TBL2,1989.404145,10417.20581,3247.193685,4159.259807,10010.87039,7355.554482,,,,12797.51143,12572.50901,10303.16606,4797.507795,11650.59754,14578.52798
Q9Y4R7,TTLL3,88821.875,,77800.67969,,59179.17188,72074.03125,560719.375,,,,86986.92188,,80537.01562,75525.19531,104213.2188
Q9Y4R8,TELO2,13871.33398,,10923.80664,10789.98535,7275.428711,,,,,,15262.28125,12024.95215,,14266.67285,
Q9Y4W2,LAS1L,4669.141126,14029.76608,6587.250721,8706.374877,17609.11323,14799.35638,2019.290841,,,42876.89539,46363.7182,52646.98894,22450.76876,27216.10959,48791.40472
Q9Y4W6,AFG3L2,60335.48381,60097.87075,40458.6613,66835.24275,78847.2211,41026.62025,,427.674189,,72921.96138,41697.38948,40727.40394,26572.39277,23658.7785,35545.11444
Q9Y4X4,KLF12,25808.09903,19953.15131,29423.55525,,30307.354,24319.22215,25452.12073,17756.03048,27988.0234,20632.72584,42521.2567,22370.58401,24753.64677,,
Q9Y4Z0,LSM4,15981.53378,38097.19414,16397.80977,11946.56916,24187.6455,24504.90717,9046.699459,,10955.50589,69571.01832,70046.90972,54818.60735,28491.08433,32570.84103,52665.91445
Q9Y512,SAMM50,12039.22342,23112.23828,8058.874956,3161.920613,17630.697,22307.95149,1905.28091,,,19582.11227,18228.13233,19354.25879,9941.671061,5699.63876,10281.87468
Q9Y520,PRRC2C,7469.386719,24095.34961,13711.54883,5756.615745,6542.314386,18981.25283,,,,22458.55273,18032.03771,7084.296387,5791.601651,,9445.277344
Q9Y530,OARD1,30461.71484,62081.88672,41465.54688,7374.064218,12485.94817,16103.58594,2432.223699,,,8193.298736,6110.386848,9285.93569,9714.133789,15995.51074,12426.31445
Q9Y572,RIPK3,,,,20033.84766,,13632.84863,,,,,27325.50586,,,,
Q9Y580,RBM7,20539.50552,37173.56707,13134.15167,15304.73318,24738.2763,20850.1507,10806.4598,7230.912307,15238.94715,36402.80015,34755.84577,37813.18303,36836.9145,32714.83594,47855.97134
Q9Y5A6,ZSCAN21,,5124.27751,,5397.417401,11174.06918,9238.643276,,,4598.193015,13456.54546,17432.45368,17476.94706,13613.86097,14081.08313,20802.33583
Q9Y5A9,YTHDF2,,13560.86914,5659.858887,6438.03418,15282.51562,7793.025879,,,,5599.774902,,11033.92383,,,
Q9Y5B6,PAXBP1,,4715.123505,2600.377302,,,,,,,2406.177777,4663.7884,2822.552726,1916.080479,2830.076941,5429.565555
Q9Y5B9,SUPT16H,30859.4407,64598.71003,29774.37493,34922.44325,61454.53087,65288.82093,2870.200603,3523.733658,4712.167766,61941.74507,81770.65385,79729.72009,70807.61949,73931.10438,111329.4721
Q9Y5E7,PCDHB2,90638.49219,146658.0312,84738.39062,87187.9375,175451,174544.4688,10481.11816,,18713.58398,228077.3125,252496.9375,229744.1875,179049.0781,171797.6406,309396.4375
Q9Y5J1,UTP18,8329.001379,19989.02344,12239.98115,12934.29682,26944.57743,45267.57715,,,7219.243228,35404.43985,49891.98512,64356.56372,35662.47417,39411.81194,54922.05989
Q9Y5K5,UCHL5,,,,,3293.756372,,,,,9933.026709,7923.78648,6446.522136,,10396.42097,
Q9Y5K6,CD2AP,4602.819908,5676.541992,5505.642042,2062.636629,13260.21161,5867.90918,,,,3130.212158,,2140.846516,1348.090217,1652.024384,2747.162607
Q9Y5L4,TIMM13,2244.105609,4301.15918,5686.372207,11973.36768,15856.95447,17909.26758,,,,12547.18559,15592.37109,10645.17772,11539.96728,9616.003906,14414.67281
Q9Y5M8,SRPRB,6595.889021,16790.55571,11889.35176,,12353.66593,14155.61355,2348.959163,,,22448.48416,30637.01204,22422.82287,12633.68449,10320.91954,22085.14338
Q9Y5N6,ORC6,11974.71777,39239.94922,24243.50391,18179.55273,29665.23438,39999.50781,,,,38235.69922,35850.52344,,26725.48242,27164.18945,53369.78125
Q9Y5Q8,GTF3C5,7511.773997,28618.09678,13195.03371,13997.27662,23657.60002,29411.92128,4836.896489,,5106.813672,36876.39976,50348.70158,36747.20592,28295.94098,29911.0651,46051.72246
Q9Y5Q9,GTF3C3,10305.88189,34281.7611,8945.193907,11097.06103,29573.69336,26966.00712,,,,37455.43213,50385.10258,44721.43478,28661.96868,31515.32439,48568.03198
Q9Y5R5,DMRT2,43669.31641,109346.25,28295.28516,17215.20898,,,,,,,,,,,
Q9Y5S9,RBM8A,23315.35198,57107.84347,32552.01834,31402.97568,51750.73117,53550.48259,8400.661469,,6440.518343,105609.7627,109021.3193,106882.3916,66351.81567,65716.03519,102008.0054
Q9Y5V3,MAGED1,3705.124756,7166.684082,3086.590088,4176.761719,,3713.726562,,,,6919.327148,2942.393311,4600.805664,5399.473145,1978.944946,
Q9Y5W8,SNX13,,,,,54879.30078,,,,,,,,45276.83594,,
Q9Y5X2,SNX8,7468.654057,22294.03947,6071.939557,22478.67274,30596.71908,31478.16702,6111.012506,,5047.04788,8063.511101,13316.60676,12409.82849,22293.50651,20892.60956,32347.6154
Q9Y5Z7,HCFC2,,6796.635254,10992.69531,,7765.734375,,,,,5655.619141,28791.58594,21370.22461,,16453.72461,27438.10547
Q9Y613,FHOD1,,17819.82617,,,28405.42188,11550.15527,,,22754.125,11319.18164,,28263.68359,,18058.94336,
Q9Y618,NCOR2,5581.722183,7781.47018,,,11884.77254,13191.97812,,,,12839.41705,6228.186002,16328.05086,16684.48382,12813.20215,22608.44141
Q9Y646,CPQ,7412.018726,8506.687618,,8012.171857,8146.565431,4721.509673,67966.4401,17429.81564,47572.47523,10653.09733,,7326.155066,5491.000509,14233.2617,14448.50685
Q9Y657,SPIN1,8147.630894,16502.24471,7436.312756,11587.51512,30181.05496,31955.07672,,,2790.589543,24016.59312,29756.81545,26683.61733,20695.36431,29333.80947,41137.843
Q9Y672,ALG6,,,,,3067.736572,,,,,4933.765625,4449.063965,2121.831055,,,
Q9Y676,MRPS18B,4132.241211,10137.46875,,,10580.92578,,,,,9776.036133,,,5201.416016,,
Q9Y679,AUP1,10743.5625,14418.87695,,,15022.77539,15318.29492,,,,27086.74609,30857.40039,25637.54492,,10778.08984,45001.40625
Q9Y696,CLIC4,,,,,12109.59375,,,,,,,,,,5295.618164
Q9Y6A4,CFAP20,9480.374853,22339.21484,8123.790817,9407.878004,28189.09365,35880.21484,,,,24118.11328,39594.49372,35834.05078,29278.38344,25760.67781,49237.94141
Q9Y6A9,SPCS1,23705.27344,89216.39844,43413.10547,54386.21875,52701.51562,59428.91406,,,,69568.65625,148806.5938,93063.26562,44498.55469,88154.53906,101194.2969
Q9Y6C9,MTCH2,5909.558269,16120.7362,9479.706886,5759.291598,15368.14572,15855.79542,3545.979445,,,15490.29753,14964.99759,15734.0666,10948.52445,8886.943162,15516.23976
Q9Y6D5,ARFGEF2,,,,2182.231689,,,,,,,7412.165039,,,,
Q9Y6E2,BZW2,,12151.48438,,,14283.58984,10576.60547,,,,19834.94922,26856.0957,22546.93164,18118.32812,17747.13477,16922.36133
Q9Y6G9,DYNC1LI1,,11809.41185,4657.061035,7548.178466,20465.05485,14581.92578,,,,7681.001929,10169.33343,6692.877783,7920.788238,5342.555664,7968.282227
Q9Y6I4,USP3,29687.94051,49782.9626,22026.76562,26036.93062,42016.70825,49699.35547,7482.85004,,,44479.92547,48290.57964,45913.78013,45656.1538,40172.66478,63088.77294
Q9Y6J0,CABIN1,7270.535635,14650.36523,6533.783378,,10372.8021,9646.895014,6455.665737,,6415.497259,12838.77255,8109.179984,12398.46228,12001.02937,9993.174953,18177.89453
Q9Y6J9,TAF6L,10376.88146,14279.28261,,5183.619141,19915.26924,9791.010585,,,,17857.96124,13473.2519,22376.40864,11655.04641,9623.697325,11961.2321
Q9Y6K0,CEPT1,,68820.22656,54244.03906,,44601.01562,,,,,126562.7812,156413.0625,110786.3984,,,115774.4844
Q9Y6K1,DNMT3A,8242.67463,19147.02725,5575.054303,7945.755543,15890.64413,15540.88189,3034.535734,,,23414.95786,21830.84987,20376.93334,21438.81279,19046.19531,31062.21415
Q9Y6M1,IGF2BP2,9371.027646,28923.18293,18276.54061,4370.158943,11634.76848,9584.513668,,,,9463.3495,15550.25686,10447.74209,6633.509526,7692.907414,11750.63092
Q9Y6N7,ROBO1,58392.67476,69365.88311,76082.74764,29966.43448,57562.63441,72530.08682,71419.02571,80904.6035,49506.99343,78635.78609,72538.26014,76302.31806,65313.25886,89044.59932,57636.071
Q9Y6Q3,ZFP37,,,,,6292.024512,6639.073812,,,,6382.5308,3733.391888,4276.661244,6035.950346,3004.602916,2370.189805
Q9Y6R0,NUMBL,20936.44531,30450.68359,12239.89453,9024.526367,16651.49805,16316.94824,,,,12867.9707,11211.52344,11464.41699,5574.216309,10634.93164,14272.48926
Q9Y6R7,FCGBP,,3679.186882,33485.02947,,,,,,,4025.89907,4629.827449,3729.157258,,,4804.459918
Q9Y6R9,,666678.625,652928.125,511966.75,630803,490174.9062,548353.3125,756016.9375,672781.375,666679,667220.75,618099.625,638745.875,634281.5,683118.8125,592859.375
Q9Y6V7,DDX49,6067.881449,16134.76428,6424.365226,,8037.391769,13068.31833,,,5032.35699,16509.88825,21278.60742,24242.45428,9927.916897,18175.84058,29089.0719
Q9Y6W5,WASF2,11226.13715,33231.14733,24482.65115,14392.62963,40012.92169,32689.65047,,,,20077.41519,16295.31611,10815.52536,11121.61714,9783.022329,9643.704122
Q9Y6X3,MAU2,8972.162109,16262.39967,5754.38936,,16841.76857,21632.41346,,,,26333.64828,19486.36772,41364.78759,21531.88906,14756.3264,29408.15443
Q9Y6X4,FAM169A,,2015.110542,,1827.185861,3831.78324,3919.695924,,,,10720.83419,10455.97764,9982.017578,3531.726294,4293.105282,9864.625
Q9Y6X8,ZHX2,2493.061034,15667.68897,5022.26063,,7610.840013,12831.20582,,,,14490.42564,18006.76225,14508.0187,10654.883,12221.81003,13226.48067
Q9Y6X9,MORC2,4867.481383,15189.66891,7400.940687,11133.08734,15039.95637,17130.196,,,,18597.17136,23138.7782,23786.01698,15470.15278,15611.78379,25470.84359
